<?xml version="1.0" ?>
<doc>
	<title verify="true" type="text" auto="true">16 приложений будут обязательными на смартфонах в России</title>
	<date verify="true" type="date" auto="true">2020-11-23</date>
	<author verify="true" type="text" auto="true">Михаил Дулуб</author>
	<text verify="true" type="cdata" auto="true">![CDATA[['С нового года в силу вступает закон, который предусматривает обязательную установку приложений, созданных российскими разработчиками на IT-продукцию, выпущенную или продающуюся в стране с 2021 года. «Закон против Apple» – так окрестили данное новшество от властей планировалось реализовать еще летом, но эпидемия коронавируса повлияла на это. Так, речь идет о 16 обязательных приложениях для смартфонов и планшетов, трех приложениях для ПК, а также четырех для умных телевизоров. Обязательным условием является то, что все они должны быть разработаны российскими IT-компаниями. А вот из каких категорий будут эти приложения, пока не ясно. Но уже сейчас запущен процесс рассмотрения заявок. Среди предложений, которые уже поданы на рассмотрение, можно отметить наличие: И это еще не полный список категорий для приложений с обязательной установкой. Время для заявок еще есть, дедлайн – 1 декабря. А до 15 декабря Минцифры должны направить в правительство перечень приложений для утверждения. Все эти начинания по задумке авторов закона, должны привести к обеспечению продвижения продукции и технологий, создаваемых российскими компаниями. А вот представители РАТЭК, в который входят такие компании, как Google, Apple, Samsung, Intel, Dell, М.Видео, негативно относятся к такому законопроекту. По мнению их представителей, этот закон негативно скажется на развитии отрасли, что может привести к монополизации в сфере разработки российского ПО.']]]</text>
	<tags verify="true" type="list" auto="true">
		<tag>Россия</tag>
	</tags>
	<source verify="true" type="text" auto="true">digital.gov.ru</source>
	<href verify="true" type="text" auto="true">https://the-geek.ru/news/16-prilozhenij-budut-obyazatelnymi-na-smartfonah-v-rossii</href>
</doc>
