<?xml version="1.0" ?>
<doc>
	<title verify="true" type="text" auto="true">6 главных soft skills, которые нужны любому IT-специалисту</title>
	<date verify="true" type="date" auto="true">2021-05-05</date>
	<author verify="true" type="text" auto="true">Партнерский материал</author>
	<text verify="true" type="cdata" auto="true">![CDATA[['В IT, как и любой другой сфере, первостепенные навыки – профессиональные, hard skills. Например, если вы – freelance Node.js developer, то главным hard skill для вас будет знание Node.js. Однако сейчас важно иметь не только профессиональные навыки, но и гибкие, или soft skills. Именно они помогут работать продуктивно и двигаться по карьерной лестнице. Выделим 6 soft skills, которые сегодня нужны в сфере IT все зависимости от специализации. Придерживаться work-life balance – значит, сохранять продуктивность. Именно поэтому нужно уметь правильно управлять временем и распределять задачи. Умение подавать свои услуги – то, без чего не может обойтись ни один IT-специалист. Даже если вы работаете с заказчиками и вам не нужно питчить собственный стартап, учитесь правильно презентовать свои навыки и качества. Каким бы вы ни были профессионалом, без грамотного построения коммуникации сложно добиться высот. Это важно и для общения с менеджерами или заказчиками, и для организации работы с коллегами. В большинстве крупных проектов задействована команда. Умение строить процессы во время командной работы поможет вам пополнить портфолио действительно значимыми кейсами. Определите, что ценного вы даете конечному пользователю. Это нужно, чтобы: Также это поможет вам увеличить средний чек на свои услуги. Понимание ценности, умение коммуницировать и работать в команде – все это невозможно, если у вас не развит эмоциональный интеллект. Учитесь понимать других людей, их чувства и эмоции, и это положительно скажется на вашей карьере в IT.']]]</text>
	<tags verify="true" type="list" auto="true"/>
	<source verify="true" type="text" auto="true"/>
	<href verify="true" type="text" auto="true">https://the-geek.ru/news/6-glavnyh-soft-skills-kotorye-nuzhny-lyubomu-it-speczialistu</href>
</doc>
