<?xml version="1.0" ?>
<doc>
	<title verify="true" type="text" auto="true">Adidas выпустит кеды Stan Smith Mylo из грибной кожи</title>
	<date verify="true" type="date" auto="true">2021-04-15</date>
	<author verify="true" type="text" auto="true">Валентин Снежин</author>
	<text verify="true" type="cdata" auto="true">![CDATA[['Adidas продолжает экспериментировать с материалами для своих кроссовок. В поисках экологичного решения и отказа от пластика, компания решили пополнить свой ассортимент необычным решением. Stan Smith Mylo – станут первыми кроссовками Adidas из корневой структуры грибов. Частичный материал будет производиться в Нидерландах, именно там будут выращивать грибы для обуви немецкого бренда. В качестве удобрения будут использоваться органический материал и опилки. Образовывавшийся пенистый материал снимается и обрабатывается фирменным методом, который держится в секрете. Также отмечается, что при выращивании грибов не используются нефтяные продукты в отличие от синтетических тканей. Кроме того, расходуется меньше воды, чем при производстве хлопка. И тем более никаких химических отходов при производстве — всё перегнивает естественным образом. Первые кеды Stan Smith из грибной кожи появятся в продаже уже в этом году.']]]</text>
	<tags verify="true" type="list" auto="true">
		<tag>Adidas</tag>
	</tags>
	<source verify="true" type="text" auto="true">Adidas</source>
	<href verify="true" type="text" auto="true">https://the-geek.ru/news/adidas-vypustit-kedy-stan-smith-mylo-iz-gribnoj-kozhi</href>
</doc>
