<?xml version="1.0" ?>
<doc>
	<title verify="true" type="text" auto="true">AliExpress перестал принимать оплату через «ЮMoney» и Google Pay</title>
	<date verify="true" type="date" auto="true">2021-01-14</date>
	<author verify="true" type="text" auto="true">Андрей Галадей</author>
	<text verify="true" type="cdata" auto="true">![CDATA[['Центробанк начал проверку сервиса «ЮMoney» (ранее «Яндекс.Деньги»), из-за чего теперь он не может осуществлять переводы зарубежным компаниям. Таким образом, оплата на AliExpress не проходит. В ЦБ посоветовали ограничить переводы денег между физлицами и зарубежными компаниями на шесть месяцев. Помимо этого, не работают переводы и через Google Pay, хотя об их блокировке не сообщалось. В поисковом гиганте не ответили на запрос СМИ, а в «ЮMoney» отказались от комментариев. При этом в AliExpress отметили, что восстановят оплату через интернет-кошельки, как только ситуация урегулируется. Отметим, что у «ЮMoney» ограничили переводы денег между физлицами и компаниями-нерезидентами после проверки сервиса в 2020 году. Предполагается, что это связано с платежами в онлайн-казино и «серым» букмекерам.']]]</text>
	<tags verify="true" type="list" auto="true">
		<tag>AliExpress</tag>
		<tag>Google Pay</tag>
		<tag>ЮMoney</tag>
	</tags>
	<source verify="true" type="text" auto="true">РБК</source>
	<href verify="true" type="text" auto="true">https://the-geek.ru/news/aliexpress-perestal-prinimat-oplatu-cherez-yumoney-i-google-pay</href>
</doc>
