<?xml version="1.0" ?>
<doc>
	<title verify="true" type="text" auto="true">AMD анонсировала выпуск процессоров Ryzen 5000</title>
	<date verify="true" type="date" auto="true">2021-01-13</date>
	<author verify="true" type="text" auto="true">Михаил Дулуб</author>
	<text verify="true" type="cdata" auto="true">![CDATA[['Представители AMD анонсировали выпуск процессоров Ryzen 5000-й серии. В основу производства нового семейства устройств положено энергоэффективное и мощное ядро Zen 3. Это подтверждаются тестированием, которое показывает высокую производительность и долгое время автономной работы. Кстати, эта линейка будет разделена на премиальный и бюджетный сегменты. Ожидается, что бюджетные модели будут построена на базе Zen 2. Процессоры Ryzen 5000 будут установлены на устройствах ведущих производителей. Выпуск новых устройства уже подтвердили в Asus, HP и Lenovo. Выход первых устройств намечен на второй квартал 2021 года.']]]</text>
	<tags verify="true" type="list" auto="true">
		<tag>AMD</tag>
		<tag>Ryzen</tag>
	</tags>
	<source verify="true" type="text" auto="true"/>
	<href verify="true" type="text" auto="true">https://the-geek.ru/news/amd-anonsirovala-vypusk-proczessorov-ryzen-5000</href>
</doc>
