<?xml version="1.0" ?>
<doc>
	<title verify="true" type="text" auto="true">AMD подтвердила, что не будет блокировать майнинг на своих картах</title>
	<date verify="true" type="date" auto="true">2021-03-18</date>
	<author verify="true" type="text" auto="true">Андрей Галадей</author>
	<text verify="true" type="cdata" auto="true">![CDATA[['Компания AMD не собирается специально ограничивать производительность видеокарт Radeon RX 6700 XT в майнинге. Это уже сделано на аппаратном уровне за счёт особенностей архитектуры. Такое заявление сделал менеджер по продуктам компании Ниш Нилалоджанан. Краткий ответ: нет. Мы не будем блокировать не только майнинг, но и любую рабочую нагрузку. Отметим, что новые карты основаны на чипах Navi 22. При этом модели с Navi 21 достигают вычислительной мощности в 58-64 мегахэшей в секунду при добыче Ethereum.']]]</text>
	<tags verify="true" type="list" auto="true">
		<tag>AMD</tag>
		<tag>AMD Radeon RX 6000</tag>
		<tag>Майнинг</tag>
	</tags>
	<source verify="true" type="text" auto="true">PCGamer</source>
	<href verify="true" type="text" auto="true">https://the-geek.ru/news/amd-podtverdila-chto-ne-budet-blokirovat-majning-na-svoih-kartah</href>
</doc>
