<?xml version="1.0" ?>
<doc>
	<title verify="true" type="text" auto="true">Among Us теперь есть и на Nintendo Switch</title>
	<date verify="true" type="date" auto="true">2020-12-16</date>
	<author verify="true" type="text" auto="true">Андрей Галадей</author>
	<text verify="true" type="cdata" auto="true">![CDATA[['Популярная «космическая Мафия» Among Us неожиданно появилась на Nintendo Switch. Ранее она была доступна только на ПК и смартфонах под управлением iOS и Android. Эта версия, как и компьютерная, платная. Стоимость новинки на консоли составляет 322 рубля. При этом тайтл поддерживает кроссплатформенные игры, так что можно будет играть с другими геймерами, не опасаясь проблем. Важно отметить, что помимо платы за игру придётся заплатить и на Nintendo Switch Online. Разумеется, если хочется играть по сети. Сама игра появилась в 2018 году, но лишь в текущем она стала хитом продаж за счёт трансляции в сервисе Twitch. Это взлёт привёл к тому, что игру признали лучшим мультиплеерным проектом на TGA 2020.']]]</text>
	<tags verify="true" type="list" auto="true">
		<tag>Among Us</tag>
		<tag>Nintendo Switch</tag>
	</tags>
	<source verify="true" type="text" auto="true">YouTube</source>
	<href verify="true" type="text" auto="true">https://the-geek.ru/news/among-us-teper-est-i-na-nintendo-switch</href>
</doc>
