<?xml version="1.0" ?>
<doc>
	<title verify="true" type="text" auto="true">Android 12 упростит обновление ОС и приложений</title>
	<date verify="true" type="date" auto="true">2020-11-26</date>
	<author verify="true" type="text" auto="true">Михаил Дулуб</author>
	<text verify="true" type="cdata" auto="true">![CDATA[['Устали ждать обновлений для своей версии ОС? Google идет к вам, а точнее, компания намерена улучшить этот важнейший компонент. Все будет зависеть от реализации проекта Project Mainline, предназначение которого – быстрый доступ к последним обновлениям системы. Кстати, разработчик обещает, что с выходом версии Android 12 количество обновлений важнейших компонентов ОС возрастет. Эта информация получила разглашение благодаря внимательности одного из разработчиков с ником luca020400. Пользователь заметил, что модуль ART переименован в Mainline, а это дает возможность обновлять ключевые компоненты системы непосредственно с Play Store. Судя по всему, теперь будут использоваться машинные инструкции. Это означает, что с выходом обновления этот компонент может отправить изменения в любой момент времени, а не ждать на глобальные обновления или даже обновления ОС. То есть, пользователю больше нет необходимости неделями проверять, а не появились ли апдейты в центре обновлений. Такой интересный шаг повлияет на устройства и приложения, что приведет к их еще большей согласованной работе. Это нововведение, как бы заставляет приложения работать одинаково хорошо на всех устройствах. Но, как всегда, есть некоторые нюансы, которые также могут повлиять на частоту выхода обновлений. Это касается стороннего разработчика и его стратегии. Если он захочет уделить больше внимания работе над обновлением, то обладатель мобильного устройства в некоторой мере лишится возможности частого получения обновлений.']]]</text>
	<tags verify="true" type="list" auto="true">
		<tag>Android</tag>
		<tag>Android 12</tag>
		<tag>Google</tag>
	</tags>
	<source verify="true" type="text" auto="true">Androidauthority</source>
	<href verify="true" type="text" auto="true">https://the-geek.ru/news/android-12-uprostit-obnovlenie-os-i-prilozhenij</href>
</doc>
