<?xml version="1.0" ?>
<doc>
	<title verify="true" type="text" auto="true">Android-смартфоны будут ускорять через Google Play</title>
	<date verify="true" type="date" auto="true">2021-05-26</date>
	<author verify="true" type="text" auto="true">Андрей Галадей</author>
	<text verify="true" type="cdata" auto="true">![CDATA[['Одной из проблем Android-смартфонов давно уже является плохая оптимизация софта. Процессоры вполне могут «переварить» данные, однако зачастую этому мешают программы. Компании Google и Qualcomm намереваются начать распространять обновления для Android, которые улучшат работу. Они будут поставляться через Google Play, а сами патчи будут включать нейросети, которые возьмут на себя часть вычислений, разгрузив центральный процессор. Фактически, нейросети будут автоматизировать ряд задач, чтобы они не нагружали процессоры. При этом ранее компания уже проводила эксперименты такого рода. К примеру, Google Assistant отвечает на вопросы почти мгновенно именно за счёт нейросетей, поскольку они обучаются и адаптируются под пользователя, не требуя постоянных запросов к серверам Google. Отметим, что ранее мы писали о собственном процессоре Whitechapel от Google. Утверждается, что он будет на уровне Snapdragon 870, но при этом получит продвинутый модуль ИИ.  ']]]</text>
	<tags verify="true" type="list" auto="true">
		<tag>Android</tag>
		<tag>Google</tag>
		<tag>нейронные сети</tag>
	</tags>
	<source verify="true" type="text" auto="true">9to5google</source>
	<href verify="true" type="text" auto="true">https://the-geek.ru/news/android-uskoryat-google-play</href>
</doc>
