<?xml version="1.0" ?>
<doc>
	<title verify="true" type="text" auto="true">Apple обновила iOS в iPhone 5S и iPhone 6</title>
	<date verify="true" type="date" auto="true">2020-11-07</date>
	<author verify="true" type="text" auto="true">Валентин Снежин</author>
	<text verify="true" type="cdata" auto="true">![CDATA[['Неожиданно для пользователей iPhone 6 и iPhone 5S вышло обновление iOS 12.4.9. Также оно доступно для iPad, iPod touch и Apple TV 3-го поколения. Сам апдейт исправляет незначительные ошибки и улучшает производительность старых устройств. Сейчас для обновления доступны: Для загрузки обновления достаточно зайти в Настройки и перейти в обновление программного обеспечения.']]]</text>
	<tags verify="true" type="list" auto="true">
		<tag>Apple</tag>
		<tag>iOS</tag>
	</tags>
	<source verify="true" type="text" auto="true">Mydrivers</source>
	<href verify="true" type="text" auto="true">https://the-geek.ru/news/apple-obnovila-ios-v-iphone-5s-i-iphone-6</href>
</doc>
