<?xml version="1.0" ?>
<doc>
	<title verify="true" type="text" auto="true">Apple перестает выпускать iMac Pro</title>
	<date verify="true" type="date" auto="true">2021-03-07</date>
	<author verify="true" type="text" auto="true">Михаил Дулуб</author>
	<text verify="true" type="cdata" auto="true">![CDATA[['Довольно неожиданно представители Apple решили больше не выпускать модель настольного компьютера iMac Pro. Хотя это официально не подтверждено, информация кажется правдивой. Так, она впервые появилась на авторитетном зарубежном ресурсе. К тому же на веб-сайте компании имеется надпись: “Поставки модели iMac Pro ограничены”. Более того, сейчас в наличии только базовая комплектация. Напомним, что iMac Pro был более мощной версией стандартного iMac и оснащался процессорами Intel Xeon, быстрой памятью ECC и графикой AMD Radeon Pro, а также выпускался в эксклюзивном цветовом оформлении – Space Grey. Исходя из этой информации можно сделать вывод о некоторых изменениях. Ожидается, что производитель теперь обновит стандартный iMac, который получит обновленный дизайн и перейдет на архитектуру ARM. Случится это скорее всего летом этого года. По всей видимости, новое устройство должно превзойти по конфигурации все современные модели iMac.']]]</text>
	<tags verify="true" type="list" auto="true">
		<tag>Apple</tag>
		<tag>iMac Pro</tag>
	</tags>
	<source verify="true" type="text" auto="true">Gsmarena</source>
	<href verify="true" type="text" auto="true">https://the-geek.ru/news/apple-perestaet-vypuskat-imac-pro</href>
</doc>
