<?xml version="1.0" ?>
<doc>
	<title verify="true" type="text" auto="true">Apple запретила менять камеру iPhone 12 через неофициальный сервис</title>
	<date verify="true" type="date" auto="true">2020-11-02</date>
	<author verify="true" type="text" auto="true">Андрей Галадей</author>
	<text verify="true" type="cdata" auto="true">![CDATA[['Apple продолжает «закручивать гайки» для борьбы с неофициальными сервисами. Теперь, как сообщается, заменить камеру будет не так просто. По данным специалистов iFixit, если заменить модуль камеры на полностью рабочий, некоторые режимы не будут включаться. Суть в том, что после замены камеры или дисплея нужно провести диагностику с помощью специального ПО, которое есть только у «официалов». Отметим, что замена экрана привела к появлению сообщения об этом, но большее никаких проблем не возникло. Также следует отметить, что о подобном говорилось в документации компании, однако комментариев со стороны Apple пока не поступало. Напомним, что 23 октября стартовали продажи iPhone 12 и 12 Pro в России. А в ноябре появятся ещё и iPhone 12 mini и 12 Pro Max. Первые два смартфона стоят от 80 тысяч рублей и выше.']]]</text>
	<tags verify="true" type="list" auto="true">
		<tag>Apple</tag>
		<tag>iPhone 12</tag>
	</tags>
	<source verify="true" type="text" auto="true">iFixit</source>
	<href verify="true" type="text" auto="true">https://the-geek.ru/news/apple-zapretila-menyat-kameru-iphone-12-cherez-neoficzialnyj-servis</href>
</doc>
