<?xml version="1.0" ?>
<doc>
	<title verify="true" type="text" auto="true">Apple изменит дизайн свои смартфонов в 2022 году</title>
	<date verify="true" type="date" auto="true">2021-03-02</date>
	<author verify="true" type="text" auto="true">Михаил Дулуб</author>
	<text verify="true" type="cdata" auto="true">![CDATA[['Пользователи с нетерпением ждут, когда их любимые iPhone обретут новый дизайн. Но создатели этих устройств не спешат с такими инновациями в дизайне. Не стоит ожидать изменений и в этом году. Если что-то и изменится, то в модели “S”, и то в технических характеристиках. А вот в следующем году, внешних изменений ожидать стоит и это предсказывает сам Минг-Чи Куо. По его мнению, а оно было построено на информации от поставщиков компонентов. Так вот, по мнению эксперта в следующем году производитель откажется от капли на экране для фронтальной камеры в пользу островка. Также есть информация и о модели iPhone SE. Минг-Чи Куо считает, что в 2022 году компания выпустит обновленную версию устройства. Ожидается, что этот девайс появится с новым чипсетом, а также поддержкой технологии 5G. Из других утекших в сеть слухов, есть вероятность наличия 4,7-дюймового дисплея, как у iPhone 6 с Touch ID. Выход такого устройства позволит компании увеличить продажи устройств с модулем 5G. Правда, все эти слухи еще никем не подтверждены.']]]</text>
	<tags verify="true" type="list" auto="true">
		<tag>Apple</tag>
		<tag>iPhone</tag>
	</tags>
	<source verify="true" type="text" auto="true">Gsmarena</source>
	<href verify="true" type="text" auto="true">https://the-geek.ru/news/apple-izmenit-dizajn-svoi-smartfonov-v-2022-godu</href>
</doc>
