<?xml version="1.0" ?>
<doc>
	<title verify="true" type="text" auto="true">Apple готовит iPad mini 6 с Touch ID в экране</title>
	<date verify="true" type="date" auto="true">2021-01-21</date>
	<author verify="true" type="text" auto="true">Андрей Галадей</author>
	<text verify="true" type="cdata" auto="true">![CDATA[['В сети появилась новая информация о будущем планшете Apple iPad mini 6. По данным инсайдера Дэвида Ковальски, новинка получит иной дизайн, чем ранее, а также улучшенные аппаратные возможности. Новинке приписывают подэкранный дактилоскопический датчик. Также в экран будет врезана фронтальная камера, что уменьшит рамку дисплея сверху. Это позволит сделать рамки тонкими по всему периметру экрана. Внутри, как ожидается, будет однокристальная система Apple A14, которая используется в недавно выпущенной серии iPhone 12. Предполагается, что планшет выпустят в марте вместе с iPad Pro 2021 и iPhone SE 2021. Цена и другие спецификации не уточнятся.']]]</text>
	<tags verify="true" type="list" auto="true">
		<tag>Apple</tag>
		<tag>iPad mini</tag>
		<tag>iPad mini 6</tag>
	</tags>
	<source verify="true" type="text" auto="true">Gizmochina</source>
	<href verify="true" type="text" auto="true">https://the-geek.ru/news/apple-gotovit-ipad-mini-6-s-touch-id-v-ekrane</href>
</doc>
