<?xml version="1.0" ?>
<doc>
	<title verify="true" type="text" auto="true">Apple прекратила выпуск оригинальной HomePod</title>
	<date verify="true" type="date" auto="true">2021-03-14</date>
	<author verify="true" type="text" auto="true">Вадим Майков</author>
	<text verify="true" type="cdata" auto="true">![CDATA[['Apple прекратила производство своей первой «умной» колонки HomePod, а завершилось оно из-за низких продаж. В продаже она будет, но ровно до тех пор, пока остатки не закончатся на складе. Презентация HomePod состоялась в 2017 год, но из-за проблем на производстве их продажи откладывали. Продажи начались в 2018 году в некоторых странах, но до России она так и не добралась. Колонка предлагала управление системами умного дома с помощью голосового помощника Siri, а также взаимодействие с другими продуктами Apple. Изначальная её стоимость в США составляла $349, но спустя какое-то время, ценник снизился до $299.']]]</text>
	<tags verify="true" type="list" auto="true">
		<tag>Apple</tag>
		<tag>HomePod</tag>
	</tags>
	<source verify="true" type="text" auto="true">TechCrunch</source>
	<href verify="true" type="text" auto="true">https://the-geek.ru/news/apple-prekratila-vypusk-originalnoj-homepod</href>
</doc>
