<?xml version="1.0" ?>
<doc>
	<title verify="true" type="text" auto="true">Apple представила цветные iMac на процессоре M1</title>
	<date verify="true" type="date" auto="true">2021-04-20</date>
	<author verify="true" type="text" auto="true">Валентин Снежин</author>
	<text verify="true" type="cdata" auto="true">![CDATA[['Как и ожидалось, Apple анонсировала ряд цветных iMac работающих на собственном процессоре компании M1. Новые iMac доступны в семи цветах: синем, зеленом, желтом, красном, фиолетовом, оранжевом и стандартном серебристом. Корпус моноблока стал более квадратным в стиле iPhone 12, а также тоньше и легче. Теперь дисплей имеет равномерную толщину по всей площади, а окантовка вокруг дисплея стала белой. Как и новые MacBook, представленные осенью прошлого года, компьютер работает на собственном процессоре Apple M1. Также изменения произошли во встроенной веб-камере, системе микрофонов и звуковых динамиках. Кроме того, новая клавиатура выполненная в стиле iMac обладает встроенным сканером отпечатков пальцев Touch ID, который можно использовать для оплаты покупок или разблокировки компьютера. Предзаказы начнутся с 30 апреля, а продажи запланированы на май 2021 года. В минимальной конфигурации цветной iMac обойдётся в $1299.']]]</text>
	<tags verify="true" type="list" auto="true">
		<tag>Apple</tag>
		<tag>iMac</tag>
	</tags>
	<source verify="true" type="text" auto="true"/>
	<href verify="true" type="text" auto="true">https://the-geek.ru/news/apple-predstavila-czvetnye-imac-na-proczessore-m1</href>
</doc>
