<?xml version="1.0" ?>
<doc>
	<title verify="true" type="text" auto="true">Apple запатентовала два контроллера в виде колец</title>
	<date verify="true" type="date" auto="true">2021-03-16</date>
	<author verify="true" type="text" auto="true">Валентин Снежин</author>
	<text verify="true" type="cdata" auto="true">![CDATA[['Apple давно работает над собственной гарнитурой виртуальной реальности и информации об этом с каждым разом появляется всё больше. На этот раз стало известно о новом патенте Apple на котором изображены два контроллера в форме колец. Если изучить описание, то кольца находятся на указательном и большом пальцах. С их помощью происходит считывание жестов пользователя, а сами команды отдаются в устройство виртуальной реальности. По слухам, гаджет получит топовый процессор работающий на базе M1, дисплей высокого разрешения, который будет гораздо больше, чем сейчас используется в VR-очках от конкурентов и обновлённый протокол для соединения. Точной даты выхода нет. По предварительным данным гарнитуру от Apple могут представить уже в 2022 году.']]]</text>
	<tags verify="true" type="list" auto="true">
		<tag>Apple</tag>
	</tags>
	<source verify="true" type="text" auto="true">Gizmochina</source>
	<href verify="true" type="text" auto="true">https://the-geek.ru/news/apple-zapatentovala-dva-kontrollera-v-vide-kolecz</href>
</doc>
