<?xml version="1.0" ?>
<doc>
	<title verify="true" type="text" auto="true">Apple начала продавать восстановленные Macbook Air со скидкой</title>
	<date verify="true" type="date" auto="true">2021-03-08</date>
	<author verify="true" type="text" auto="true">Андрей Галадей</author>
	<text verify="true" type="cdata" auto="true">![CDATA[['Ещё 10 ноября прошлого года Apple выпустила свой новейший ноутбук MacBook Air на базе фирменного процессора M1. И вот теперь эта модель появилась уже в категории восстановленных. Как сообщается, пользователи могу выбрать из трёх конфигураций. Самая бюджетная стоит 1050 долларов. За эти деньги можно получить вариант с 8-ядерным CPU и 7-ядерным графическим процессором, 8 ГБ ОЗУ и SSD на 256 ГБ. Версия за 1300 долларов предлагает уже 8-ядерный CPU и 8-ядерный GPU. Другие параметры те же. Наконец, старшая версия стоит 1500 долларов. Она предлагает все те же параметры, но объём SSD составляет 1 ТБ. Как отмечается, цена ниже, чем у новых, примерно на 150 долларов. При этом на ноутбуки действует стандартная гарантия на год, а в комплекте есть новый кабель и зарядное устройство.']]]</text>
	<tags verify="true" type="list" auto="true"/>
	<source verify="true" type="text" auto="true">Gizchina</source>
	<href verify="true" type="text" auto="true">https://the-geek.ru/news/apple-nachala-prodavat-vosstanovlennye-macbook-air-so-skidkoj</href>
</doc>
