<?xml version="1.0" ?>
<doc>
	<title verify="true" type="text" auto="true">Apple рекламой доказывает неубиваемость iPhone 12</title>
	<date verify="true" type="date" auto="true">2021-03-25</date>
	<author verify="true" type="text" auto="true">Андрей Галадей</author>
	<text verify="true" type="cdata" auto="true">![CDATA[['Компания Apple ещё с момента анонса iPhone 12 заявляла, что новинки куда лучше выдерживают падения, чем старые модели. Всё то достигнуто за счёт OLED-дисплеев с покрытием Ceramic Shield, которое, как утверждается, вчетверо лучше в плане защиты от падений, чем обычные стёкла. И вот в сети появился новый ролик, который снова акцентирует внимание на этом. В видео iPhone 12 выскользнул из рук девушки, хотя та и пыталась его поймать. Однако в итоге смартфон упал экраном на землю, но остался полностью целым. Комментарий к ролику утверждает: «iPhone 12 оснащён защитным стеклом Ceramic Shield, которое является прочнее, чем стекло любого другого смартфона. Расслабьтесь, это iPhone». Так что компания не жалеет времени и денег на рекламу прочности своих аппаратов.']]]</text>
	<tags verify="true" type="list" auto="true">
		<tag>Apple</tag>
		<tag>iPhone 12</tag>
	</tags>
	<source verify="true" type="text" auto="true">YouTube</source>
	<href verify="true" type="text" auto="true">https://the-geek.ru/news/apple-reklamoj-dokazyvaet-neubivaemost-iphone-12</href>
</doc>
