<?xml version="1.0" ?>
<doc>
	<title verify="true" type="text" auto="true">Apple выпустила срочное обновление iOS 14.5.1</title>
	<date verify="true" type="date" auto="true">2021-05-04</date>
	<author verify="true" type="text" auto="true">Валентин Снежин</author>
	<text verify="true" type="cdata" auto="true">![CDATA[['С релиза iOS 14.5 прошло всего неделю, а Apple уже выпустила срочное обновление под номером 14.5.1, а также 12.5.3 для старых устройств. Апдейт закрывает найденные баги и дыры в защите. Например, исправлена ошибка, которая не позволяла пользователям включить режим прозрачности отслеживания в приложениях. Также были закрыты уязвимости, позволяющие злоумышленникам вносить вредоносный код на устройство. Пользователи устаревших моделей iPhone 5s, iPhone 6 и 6 Plus, iPad mini 2 и 3, а также iPad Air – получили обновление iOS 12.5.3.']]]</text>
	<tags verify="true" type="list" auto="true">
		<tag>Apple</tag>
		<tag>iOS 14</tag>
	</tags>
	<source verify="true" type="text" auto="true"/>
	<href verify="true" type="text" auto="true">https://the-geek.ru/news/apple-vypustila-srochnoe-obnovlenie-ios-14-5-1</href>
</doc>
