<?xml version="1.0" ?>
<doc>
	<title verify="true" type="text" auto="true">Apple признала заводской брак в AirPods Pro</title>
	<date verify="true" type="date" auto="true">2020-10-31</date>
	<author verify="true" type="text" auto="true">Валентин Снежин</author>
	<text verify="true" type="cdata" auto="true">![CDATA[['После многочисленных жалоб на треск в наушниках AirPods Pro, компания Apple всё же признала небольшой процент брака. Также для бесплатного обмена была запущена специальная программа на официальном сайте. В данную категорию попадают наушники выпущенные до октября 2020 года. Основная жалоба у пользователей AirPods Pro была на потрескивание и статичные звуки в устройстве. Стоит отметить, что дефект начали обнаружить практически с момента их запуска. Apple пыталась решить проблему с помощью прошивки, но и это не принесло результатов. Интересный факт, что сертифицированные сервисные центры признавали брак заводским, но сама Apple никак не комментировала это.']]]</text>
	<tags verify="true" type="list" auto="true">
		<tag>AirPods Pro</tag>
		<tag>Apple</tag>
	</tags>
	<source verify="true" type="text" auto="true">Apple</source>
	<href verify="true" type="text" auto="true">https://the-geek.ru/news/apple-priznala-zavodskoj-brak-v-airpods-pro</href>
</doc>
