<?xml version="1.0" ?>
<doc>
	<title verify="true" type="text" auto="true">Apple запатентовала ножки для улучшения охлаждения Macbook Pro</title>
	<date verify="true" type="date" auto="true">2021-03-26</date>
	<author verify="true" type="text" auto="true">Андрей Галадей</author>
	<text verify="true" type="cdata" auto="true">![CDATA[['Ведомство по патентам и товарным знакам США опубликовало новые данные по компании Apple. Речь идёт о патентной заявке на особые ножки для MacBook, которые призваны улучшить охлаждение. Компания предлагает минимум два варианта: сквозные блоки по бокам и одиночный, который выдвигается снизу. При этом говорится, что будут два способа подъёма ноутбука: механический и ручной. В первом случае речь идёт об автоматическом включении функции, если операционная система обнаружит перегрев или будет запущена «тяжёлая» программа. Увеличение зазора позволит увеличить поток воздуха и снизить температуру. Также предполагается, что при изменении угла наклона станет удобнее работать на клавиатуре, а также улучшится звук динамиков.']]]</text>
	<tags verify="true" type="list" auto="true">
		<tag>Apple</tag>
		<tag>MacBook</tag>
		<tag>Патент</tag>
	</tags>
	<source verify="true" type="text" auto="true">MacRumors</source>
	<href verify="true" type="text" auto="true">https://the-geek.ru/news/apple-zapatentovala-nozhki-dlya-uluchsheniya-ohlazhdeniya-macbook-pro</href>
</doc>
