<?xml version="1.0" ?>
<doc>
	<title verify="true" type="text" auto="true">Apple представила музыку без сжатия в Apple Music</title>
	<date verify="true" type="date" auto="true">2021-05-17</date>
	<author verify="true" type="text" auto="true">Валентин Снежин</author>
	<text verify="true" type="cdata" auto="true">![CDATA[['Недавние слухи относительно нового тарифа Hi-Fi с более высоким качеством звука в Apple Music – подтвердились. Сегодня Apple представила возможность слушать музыку в высоком качестве в формате Lossless Audio. Это значит, что кодек ALAC (Apple Lossless Audio Codec) начинается с 16 бит при 44,1 кГц и увеличивается до 24 бит при 48 кГц. Для особо требовательных и искушенных слушателей появилась функция Hi-Resolution Lossless (до 24 бит при 192 кГц). Однако для её включения требуется аудио конвертер, подключаемый по USB. Поддержка Lossless Audio будет активна по умолчанию во всей библиотеке Apple Music. Поэтому дополнительно оплачивать её не придётся. Для активации достаточно зайти в настройки приложения и найти раздел «Качество аудио». Дополнительно в Apple Music появится пространственное аудио с поддержкой Dolby Atmos. Оно позволит слушать «живые» выступления, а слушателю будет казаться, что звук идёт со всех сторон. Новые функции в Apple Music будут доступны с июня 2021 года.']]]</text>
	<tags verify="true" type="list" auto="true">
		<tag>Apple</tag>
		<tag>Apple Music</tag>
	</tags>
	<source verify="true" type="text" auto="true">Apple</source>
	<href verify="true" type="text" auto="true">https://the-geek.ru/news/apple-music-hifi</href>
</doc>
