<?xml version="1.0" ?>
<doc>
	<title verify="true" type="text" auto="true">Apple может вернуть магнитную зарядку в MacBook Pro</title>
	<date verify="true" type="date" auto="true">2021-01-15</date>
	<author verify="true" type="text" auto="true">Андрей Галадей</author>
	<text verify="true" type="cdata" auto="true">![CDATA[['В середине 2021 года компания Apple планирует обновить ноутбуки MacBook Pro. И, по данным СМИ, там вернут одну из «фишек» старых моделей. Издание Bloomberg сообщает, что устройство будет представлено в двух вариантах: 14-дюймовая модель под кодовым названием J314 и 16-дюймовая версия J316. Они оба получат фирменные процессоры. При этом они также получат магнитную зарядку MagSafe, которая использовалась до 2016 года. Параллельно с ней будут использоваться USB-C порты. «Новая старая» зарядка, как ожидается, будет быстрее заряжать ноутбуки. При этом в Apple не комментировали ситуацию.  ']]]</text>
	<tags verify="true" type="list" auto="true">
		<tag>Apple</tag>
		<tag>MacBook Pro</tag>
	</tags>
	<source verify="true" type="text" auto="true">Bloomberg</source>
	<href verify="true" type="text" auto="true">https://the-geek.ru/news/apple-mozhet-vernut-magnitnuyu-zaryadku-v-macbook-pro</href>
</doc>
