<?xml version="1.0" ?>
<doc>
	<title verify="true" type="text" auto="true">Apple ограничила работу Touch ID на новой Magic Keyboard</title>
	<date verify="true" type="date" auto="true">2021-04-22</date>
	<author verify="true" type="text" auto="true">Валентин Снежин</author>
	<text verify="true" type="cdata" auto="true">![CDATA[['Недавно представленный iMac с новой клавиатурой Magic Keyboard со встроенным Touch ID, не будет полностью поддерживать работу с iPad Pro. Apple ограничила функционал клавиатуры с iPad Pro, а именно заблокировала возможность разблокировки планшета и оплаты через встроенный сканер отпечатков пальцев Touch ID. Почему Apple пошла на такой шаг – неизвестно. Вместе с новым iPad Pro была представлена чехол-клавиатура Magic Keyboard с тачпадом. Стоимость устройства составляет 28 990 рублей.']]]</text>
	<tags verify="true" type="list" auto="true">
		<tag>Apple</tag>
		<tag>iMac</tag>
	</tags>
	<source verify="true" type="text" auto="true">Macrumors</source>
	<href verify="true" type="text" auto="true">https://the-geek.ru/news/apple-ogranichila-rabotu-touch-id-na-novoj-magic-keyboard</href>
</doc>
