<?xml version="1.0" ?>
<doc>
	<title verify="true" type="text" auto="true">Apple продаёт амбушюры для AirPods Max за 7 тысяч рублей</title>
	<date verify="true" type="date" auto="true">2021-01-28</date>
	<author verify="true" type="text" auto="true">Андрей Галадей</author>
	<text verify="true" type="cdata" auto="true">![CDATA[['Стартовали продажи амбушюров для беспроводных наушников AirPods Max. Компания из Купертино начала продавать их в США за 69 долларов. Российские же цены стартуют с 7 490 рублей (порядка 100 долларов). Цена наушников составляет 549 долларов в США и за 62 990 рублей в России. Предлагается несколько цветом самих устройств и амбушюров, что даёт в общей сложности 25 вариантов расцветки. В целом, накладные наушники от Apple оказываются весьма дорогой игрушкой. Тем более, с учётом сменных амбушюров. Возникает закономерный вопрос — насколько высоким будет спрос на них в России.']]]</text>
	<tags verify="true" type="list" auto="true">
		<tag>AirPods Max</tag>
		<tag>Apple</tag>
	</tags>
	<source verify="true" type="text" auto="true">MacRumors</source>
	<href verify="true" type="text" auto="true">https://the-geek.ru/news/apple-prodayot-ambushyury-dlya-airpods-max-za-7-tysyach-rublej</href>
</doc>
