<?xml version="1.0" ?>
<doc>
	<title verify="true" type="text" auto="true">Apple выпустит более тонкий MacBook Air с магнитной зарядкой MagSafe</title>
	<date verify="true" type="date" auto="true">2021-01-22</date>
	<author verify="true" type="text" auto="true">Андрей Галадей</author>
	<text verify="true" type="cdata" auto="true">![CDATA[['Редактор ресурса Bloomberg Марк Гурман подтвердил ранние слухи о том, что Apple вернёт магнитный зарядник MagSafe в новые ноутбуки. Они сейчас готовятся к выпуску. По данным Гурмана, в числе таких ноутбуков будут и новые MacBook Air. Эти лэптопы получат новые фирменные процессоры, тонкие рамки и разъёмы USB 4. Помимо этого, выйдут модели на 15 дюймов. Напомним, что первым о возвращении MagSafe сообщил аналитик Минг-Чи Куо. По его данным, такие разъёмы питания будут отличаться от первой и второй версий, которые использовались ранее. Также отметим, что первые ноутбуки без MagSafe появились в конце 2016 года, а в позапрошлом году Apple полностью перешла на USB Type-C.']]]</text>
	<tags verify="true" type="list" auto="true">
		<tag>Apple</tag>
		<tag>MacBook Air</tag>
		<tag>MagSafe</tag>
	</tags>
	<source verify="true" type="text" auto="true"/>
	<href verify="true" type="text" auto="true">https://the-geek.ru/news/apple-vypustit-bolee-tonkij-macbook-air-s-magnitnoj-zaryadkoj-magsafe</href>
</doc>
