<?xml version="1.0" ?>
<doc>
	<title verify="true" type="text" auto="true">Apple признала брак дисплея в iPhone 11</title>
	<date verify="true" type="date" auto="true">2020-12-05</date>
	<author verify="true" type="text" auto="true">Валентин Снежин</author>
	<text verify="true" type="cdata" auto="true">![CDATA[['Как бы Apple этого не хотелось, но признать проблему всё равно приходится. Так некоторые пользователи начали жаловаться на проблему с дисплеем в iPhone 11. Экран смартфон переставал распознавать и как-либо реагировать на сенсорные задачи. Как обычно, в подобных ситуациях, Apple развернула программу по бесплатному ремонту на официальном сайте компании. Для этого нужно ввести серийный номер iPhone 11 и убедиться, что он подходит под требования программы. Также отмечается, дисплейный брак затрагивает смартфоны выпущенные с ноября 2019 года по май 2020 года. Если смартфон подойдёт под условия программы, то его можно отнести на ремонт в авторизованный сервис Apple, принести в Apple Store или обратиться в техническую поддержку компании.']]]</text>
	<tags verify="true" type="list" auto="true">
		<tag>Apple</tag>
		<tag>iPhone 11</tag>
	</tags>
	<source verify="true" type="text" auto="true">Apple</source>
	<href verify="true" type="text" auto="true">https://the-geek.ru/news/apple-priznala-brak-displeya-v-iphone-11</href>
</doc>
