<?xml version="1.0" ?>
<doc>
	<title verify="true" type="text" auto="true">Apple будет продавать в России оригинальные запчасти для сторонних сервисных центров</title>
	<date verify="true" type="date" auto="true">2021-03-30</date>
	<author verify="true" type="text" auto="true">Валентин Снежин</author>
	<text verify="true" type="cdata" auto="true">![CDATA[['Apple решила бороться с китайскими запчастями и расширила программу по независимому ремонту, запустив её в апреле в России и ещё других странах. Благодаря данной программе любой неавторизованный сервисный центр в России может спокойно получить доступ к оригинальным запчастям Apple. Кроме того, они могут получать не только компоненты, но и инструменты, руководству по ремонту и диагностике. Подключиться к программе можно бесплатно, но нужно будет пройти внутренний тест Apple. Все необходимые детали будут продавать по одинаковым ценам, что и для авторизированных сервисных центров.']]]</text>
	<tags verify="true" type="list" auto="true">
		<tag>Apple</tag>
	</tags>
	<source verify="true" type="text" auto="true">Apple</source>
	<href verify="true" type="text" auto="true">https://the-geek.ru/news/apple-budet-prodavat-v-rossii-originalnye-zapchasti-dlya-storonnih-servisnyh-czentrov</href>
</doc>
