<?xml version="1.0" ?>
<doc>
	<title verify="true" type="text" auto="true">Apple обновит дизайн iMac в 2021 году</title>
	<date verify="true" type="date" auto="true">2021-01-16</date>
	<author verify="true" type="text" auto="true">Богдан Дегтярев</author>
	<text verify="true" type="cdata" auto="true">![CDATA[['Apple может произвести глобальный редизайн настольных моноблоков iMac. Об этом пишет Bloomberg со ссылкой на источник приближенный к планам компании. В новых iMac ожидается появление тонкой рамки вокруг дисплея, а задняя часть моноблока станет практически плоской. Кроме того, компьютеры получат мощные процессоры разработанные Apple, как это произошло в 2020 году с новыми MacBook. Производство iMac начнется в 2021 году. Дата анонса пока неизвестна. Также появилась информация о разработке новых MacBook со старым магнитным кабелем MagSafe и без панели Touch Bar.']]]</text>
	<tags verify="true" type="list" auto="true">
		<tag>Apple</tag>
	</tags>
	<source verify="true" type="text" auto="true">Bloomberg</source>
	<href verify="true" type="text" auto="true">https://the-geek.ru/news/apple-obnovit-dizajn-imac-v-2021-godu</href>
</doc>
