<?xml version="1.0" ?>
<doc>
	<title verify="true" type="text" auto="true">Apple советует не чинить серо-зелёные экраны на iPhone 12</title>
	<date verify="true" type="date" auto="true">2020-11-20</date>
	<author verify="true" type="text" auto="true">Андрей Галадей</author>
	<text verify="true" type="cdata" auto="true">![CDATA[['Компания Apple признала проблему с экранами смартфонов iPhone 12 mini, iPhone 12, iPhone 12 Pro и iPhone 12 Pro Max. Многие пользователи жаловались, что дисплеи окрашиваются в оттенки серого и зелёного цветов.  Это происходило при установке яркости экрана на 90% и ниже. В компании предоставили документ, который подтверждает, что в Купертино знают о проблеме и изучают её. Сама проблема имеет место в iOS 14.1, iOS 14.2 и бета-версиях iOS 14.3. Специалисты посоветовали пока что не менять экраны по гарантии в авторизованных центрах, причём это распоряжение было дано именно сервисной службе. Вместо этого, там советуют обновить прошивку до последней версии. Похоже, проблема имеет программную природу, так что в будущем стоит ожидать патча, который «вылечит» сбой. Аналогичным образом корпорация починила глюки экрана на iPhone 12 mini.']]]</text>
	<tags verify="true" type="list" auto="true">
		<tag>Apple</tag>
		<tag>iPhone 12</tag>
		<tag>iPhone 12 mini</tag>
		<tag>iPhone 12 Pro</tag>
		<tag>iPhone 12 Pro Max</tag>
	</tags>
	<source verify="true" type="text" auto="true">GSMArena</source>
	<href verify="true" type="text" auto="true">https://the-geek.ru/news/apple-sovetuet-ne-chinit-sero-zelyonye-ekrany-na-iphone-12</href>
</doc>
