<?xml version="1.0" ?>
<doc>
	<title verify="true" type="text" auto="true">Apple выпустила шестую бету iOS 14.5</title>
	<date verify="true" type="date" auto="true">2021-04-01</date>
	<author verify="true" type="text" auto="true">Валентин Снежин</author>
	<text verify="true" type="cdata" auto="true">![CDATA[['Apple выпустила шестую бета-версию iOS 14.5 для разработчиков и участников программы публичного тестирования. Апдейт приносит механизм рекомендаций приложений от российских разработчиков при первом запуске устройства. Ведь с 1 апреля 2021 года, в силу вступил закон об обязательной предустановке российских приложений на смартфоны, планшеты, умные телевизоры и компьютеры. Более подробно об этом можно почитать тут. Кроме механизма, при первом запуске Siri будет предложено выбрать мужской или женский голос, а также акцент голосового ассистента. Для iPhone 11, 11 Pro и 11 Pro Max изменилась методика подсчёта ёмкости аккумулятора. Процесс будет работать в фоне несколько недель, но позже, будут показаны точные данные. Также была повышена безопасность, производительность и улучшена автономность.']]]</text>
	<tags verify="true" type="list" auto="true">
		<tag>Apple</tag>
		<tag>iOS 14</tag>
	</tags>
	<source verify="true" type="text" auto="true"/>
	<href verify="true" type="text" auto="true">https://the-geek.ru/news/apple-vypustila-shestuyu-betu-ios-14-5</href>
</doc>
