<?xml version="1.0" ?>
<doc>
	<title verify="true" type="text" auto="true">Apple запатентовала новую версию Face ID</title>
	<date verify="true" type="date" auto="true">2021-01-20</date>
	<author verify="true" type="text" auto="true">Андрей Галадей</author>
	<text verify="true" type="cdata" auto="true">![CDATA[['В ведомстве по патентам США зарегистрирован новый патент Apple, который описывает иной способ биометрической аутентификации с помощью Face ID. Речь идёт о тепловом распознавании карты лица. Текущая версия на основе камеры TrueDepth использует до 30 тысяч точек в инфракрасном спектре. Они проецируются на лицо, после чего система считывает их. В патенте же описана технология, которая работает иначе. Она позволяет считывать тепловые метки с лица пользователя напрямую — без подсветки. Также она позволит сканировать лицо в маске. Не исключено, что новинку внедрят в iPhone 12s.']]]</text>
	<tags verify="true" type="list" auto="true">
		<tag>Apple</tag>
		<tag>Face ID</tag>
		<tag>Патент</tag>
	</tags>
	<source verify="true" type="text" auto="true">Gizmochina</source>
	<href verify="true" type="text" auto="true">https://the-geek.ru/news/apple-zapatentovala-novuyu-versiyu-face-id</href>
</doc>
