<?xml version="1.0" ?>
<doc>
	<title verify="true" type="text" auto="true">Apple объявила дату проведения WWDC 2021</title>
	<date verify="true" type="date" auto="true">2021-03-30</date>
	<author verify="true" type="text" auto="true">Валентин Снежин</author>
	<text verify="true" type="cdata" auto="true">![CDATA[['Apple назвала дату традиционной ежегодной конференции WWDC 2021. Мероприятие для разработчиков пройдёт с 7 по 11 июня в онлайн-формате, а это значит, что любой желающих сможет присоединиться к ней. Ожидается, что на презентации для разработчиков, Apple продемонстрирует новую iOS 15 и iPadOS 15, а также остальные обновления для watchOS, macOS и tvOS. Кроме того, могут представить новые устройства. Например, обновлённый iMac на собственном ARM-процессоре или планшеты iPad Pro. Презентация нового iPhone пройдёт традиционно осенью 2021 года.']]]</text>
	<tags verify="true" type="list" auto="true">
		<tag>WWDC 2021</tag>
	</tags>
	<source verify="true" type="text" auto="true">Apple</source>
	<href verify="true" type="text" auto="true">https://the-geek.ru/news/apple-obyavila-datu-provedeniya-wwdc-2021</href>
</doc>
