<?xml version="1.0" ?>
<doc>
	<title verify="true" type="text" auto="true">Apple готовит сразу два варианта складных смартфонов</title>
	<date verify="true" type="date" auto="true">2020-12-29</date>
	<author verify="true" type="text" auto="true">Андрей Галадей</author>
	<text verify="true" type="cdata" auto="true">![CDATA[['Появились новые данные относительно будущих складных смартфонов Apple. Как сообщается, компания разрабатывает два прототипа. Один из них включает две отдельных дисплея, как у Microsoft Surface Duo и LG V60 ThinQ. Второй основан на сгибающемся экране по аналогии с Samsung Galaxy Z Flip и Motorola Razr. Пока что неясно, какой из них пойдёт в серию. Решение будет принято после всестороннего тестирования. Тогда же Apple примет решение об окончательном форм-факторе. Что касается проверки на выносливость, то смартфоны проходят более 100 000 тестов на открытие и закрытие. Это должно обеспечить хороший запас прочности у шарниров. Отметим, что такие смартфоны могут появиться уже в будущем году, однако это пока только версия. Официальных подтверждений ещё нет.']]]</text>
	<tags verify="true" type="list" auto="true">
		<tag>Apple</tag>
		<tag>складной дисплей</tag>
		<tag>Складной смартфон</tag>
		<tag>смартфон-раскладушка</tag>
	</tags>
	<source verify="true" type="text" auto="true">Mydrivers</source>
	<href verify="true" type="text" auto="true">https://the-geek.ru/news/apple-gotovit-srazu-dva-varianta-skladnyh-smartfonov</href>
</doc>
