<?xml version="1.0" ?>
<doc>
	<title verify="true" type="text" auto="true">Apple затратит $100 млн на борьбу с расизмом в США</title>
	<date verify="true" type="date" auto="true">2021-01-13</date>
	<author verify="true" type="text" auto="true">Андрей Галадей</author>
	<text verify="true" type="cdata" auto="true">![CDATA[['Похоже, что компания Apple намерена продвигать идеи расового равенства в США. Корпорация инициировала ряд проектов «Расовое равенство и справедливость» (REJI) на сумму в $100 млн. Эти инициативы должны бороться с несправедливостью в отношение расовых меньшинств. К примеру, компания построит специализированный центр инноваций и обучения для колледжей и университетов, в которых обучаются или работают афроамериканцы. Также будет создана Академия разработчиков Apple, которая поддержит чернокожих программистов и студентов. Наконец, запланировано венчурное финансирование для чернокожих предпринимателей. Первая Академия разработчиков Apple будет открыта в Детройте. Планируется, что в год программа охватит до тысячи студентов, которых будут обучать дизайну, разработке, маркетингу и так далее.']]]</text>
	<tags verify="true" type="list" auto="true">
		<tag>Apple</tag>
		<tag>США</tag>
	</tags>
	<source verify="true" type="text" auto="true">Apple</source>
	<href verify="true" type="text" auto="true">https://the-geek.ru/news/apple-zatratit-100-mln-na-borbu-s-rasizmom-v-ssha</href>
</doc>
