<?xml version="1.0" ?>
<doc>
	<title verify="true" type="text" auto="true">Apple анонсировала презентацию на 10 ноября</title>
	<date verify="true" type="date" auto="true">2020-11-02</date>
	<author verify="true" type="text" auto="true">Валентин Снежин</author>
	<text verify="true" type="cdata" auto="true">![CDATA[['Apple анонсировала третью презентацию за осень. Мероприятие состоится в онлайн-формате 10 ноября в 21:00 по Москве. В отправленных приглашения для журналистов используется слоган: «One more thing» («Еще кое-что»). Стоит предположить, что Apple представит первый iMac на собственном процессоре ARM. Также могут показать полноразмерные наушники AirPods. Ведь в начале октября из фирменных магазинов компании начали убирать наушники сторонних производителей.']]]</text>
	<tags verify="true" type="list" auto="true">
		<tag>Apple</tag>
	</tags>
	<source verify="true" type="text" auto="true">Apple</source>
	<href verify="true" type="text" auto="true">https://the-geek.ru/news/apple-anonsirovala-prezentacziyu-na-10-noyabrya</href>
</doc>
