<?xml version="1.0" ?>
<doc>
	<title verify="true" type="text" auto="true">Apple получила патент на Apple Watch с гибким дисплеем</title>
	<date verify="true" type="date" auto="true">2021-03-23</date>
	<author verify="true" type="text" auto="true">Валентин Снежин</author>
	<text verify="true" type="cdata" auto="true">![CDATA[['Apple получила патент под названием «Модуль дисплея и системные приложения», который по описанию очень сильно напоминает Apple Watch в новом дизайне. Следуя из описания, дисплей устройства гибкий, а ремешок будет выполнять дополнительную функцию и оснащаться различными датчиками. Также в разъяснениях сказано, что экран обладает «множеством межсоединений» начиная от передней и заканчивая задней частью корпуса. Также упоминается функция «Диспетчер аксессуаров», позволяющая изменять внешний вид ремешка. Скорее всего ремешок будет состоять из миниатюрных светодиодов и сможет принимать практически любой цвет или выводить заданное изображение. Стоит помнить, что у Apple множество патентов и большинство из них не доходит до стадии производства. Аналогично может произойти и с этим.']]]</text>
	<tags verify="true" type="list" auto="true">
		<tag>Apple</tag>
		<tag>Apple Watch</tag>
	</tags>
	<source verify="true" type="text" auto="true">Macrumors</source>
	<href verify="true" type="text" auto="true">https://the-geek.ru/news/apple-poluchila-patent-na-apple-watch-s-gibkim-displeem</href>
</doc>
