<?xml version="1.0" ?>
<doc>
	<title verify="true" type="text" auto="true">Apple признала проблему со звуком в iPhone 12</title>
	<date verify="true" type="date" auto="true">2020-11-16</date>
	<author verify="true" type="text" auto="true">Михаил Дулуб</author>
	<text verify="true" type="cdata" auto="true">![CDATA[['К сожалению, даже смартфоны от Apple имеют недостатки. И как это не прискорбно, разработчики их признают. В нашем случае это касается новых моделей смартфонов от Apple. Так, представителям одного зарубежного ресурса удалось заполучить информацию, где разработчики признают проблемы и касаются они слуховых аппаратов. Некто заметил, что при работе моделей из линейки iPhone 12 и аппаратов для слабослышащих, у последних возникают аудиоартефакты.  В некоторых случаях владельцы аппаратов для слабослышащих сталкиваются с посторонними звуками, в частности, с треском, резким и громким шумом, что не характерно для работы таких устройств. Естественно, признавшие проблемы разработчики пообещали выпустить обновление, которое исправит эту проблему. Сейчас же всем, кто сталкивается с такой проблемой рекомендуется обновиться до актуальной версии, то есть iOS 14.2. Также было замечено, что ранее выпущенные смартфоны от Apple не имеют таких проблем. Чуть раньше критике был подвергнут самый маленький смартфон из новой линейки устройств – iPhone 12 mini. Который несмотря на свои небольшие габариты и довольно неплохие характеристики, уж сильно быстро разряжается. Так, один из журналистов заявил, что уже ближе к вечеру iPhone 12 mini был в разряженном состоянии.']]]</text>
	<tags verify="true" type="list" auto="true">
		<tag>Apple</tag>
		<tag>iPhone 12</tag>
	</tags>
	<source verify="true" type="text" auto="true">Support.apple</source>
	<href verify="true" type="text" auto="true">https://the-geek.ru/news/apple-priznala-problemu-so-zvukom-v-iphone-12</href>
</doc>
