<?xml version="1.0" ?>
<doc>
	<title verify="true" type="text" auto="true">Apple изменит дизайн Apple Watch в 2021 году</title>
	<date verify="true" type="date" auto="true">2020-11-28</date>
	<author verify="true" type="text" auto="true">Михаил Дулуб</author>
	<text verify="true" type="cdata" auto="true">![CDATA[['Пользователям постепенно приедается дизайн устройств, и они требуют чего-то новенького. Apple, естественно, прислушивается к пожеланиям своих поклонников, а поэтому время от времени изменяет дизайн собственных устройств. Так, недавно было объявлено, что такая тенденция скоро коснется и MacBook. Однако не стоит ждать изменений только от ноутбуков компании. По мнению известного аналитика Минг-Чи Куо, изменения в дизайне будут и у умных часов Apple. Об этом он узнал от источника, который тесно связан с цепочкой поставщиков для компании. Так что верить этой информации скорее всего можно. Что касается того, когда мы можем увидеть сие творение компании, то это действо должно состояться не ранее сентября-октября следующего года. А вот о каких изменениях в дизайне может идти речь, источник не упомянул. Из ранних утечек и предположений можно сделать вывод о наличии опций, связанных с мониторингом состояния здоровья человека.']]]</text>
	<tags verify="true" type="list" auto="true">
		<tag>Apple</tag>
	</tags>
	<source verify="true" type="text" auto="true">Softpedia</source>
	<href verify="true" type="text" auto="true">https://the-geek.ru/news/apple-watch-2021</href>
</doc>
