<?xml version="1.0" ?>
<doc>
	<title verify="true" type="text" auto="true">Apple начала искать специалистов для разработки связи 6G</title>
	<date verify="true" type="date" auto="true">2021-02-19</date>
	<author verify="true" type="text" auto="true">Андрей Галадей</author>
	<text verify="true" type="cdata" auto="true">![CDATA[['Мобильные сети пятого поколения только-только начинают свой путь в развитых странах, а компании уже готовят 6G. Корпорация Apple, как сообщается, ищет специалистов по сетям 6G. Компания уже разместила несколько вакансий по этой теме. Отметим, что Apple входит в альянс ATIS, который занимается разработкой и внедрением 6G. Ещё там есть Google, HP, Intel, LG и другие. И, хотя пока неизвестно, когда именно запустят новое поколение сети, однако работа в этом направлении уже идёт. Предполагается, что сети нового поколения появятся к 2030 году.']]]</text>
	<tags verify="true" type="list" auto="true">
		<tag>6G</tag>
		<tag>Apple</tag>
	</tags>
	<source verify="true" type="text" auto="true">Bloomberg</source>
	<href verify="true" type="text" auto="true">https://the-geek.ru/news/apple-nachala-iskat-speczialistov-dlya-razrabotki-svyazi-6g</href>
</doc>
