<?xml version="1.0" ?>
<doc>
	<title verify="true" type="text" auto="true">Apple Watch получат камеры в ремешке</title>
	<date verify="true" type="date" auto="true">2020-12-04</date>
	<author verify="true" type="text" auto="true">Андрей Галадей</author>
	<text verify="true" type="cdata" auto="true">![CDATA[['Умные часы Apple Watch могут получить сразу две камеры, причём они будут размещены не в самом устройстве. Сообщается, что ремешок Wristcam для них будет включать в себя модули на 8 МП (основная) и 2 МП (селфи). Внутри есть 8 ГБ памяти для записи видео и аккумулятор. Так что в этом плане новинка будет независима от Apple Watch. Правда, тогда неясно, как вести съёмку — будет ли выводиться информация на экран или нет. В общем, пока больше вопросов, чем ответов. При этом, судя по фото, ремешок довольно громоздкий, из-за чего часы выглядят больше. Он доступен в нескольких цветах для моделей с дисплеем 40/38 мм и 44/42 мм. Модуль с камерами оценивается в 299 долларов (примерно 22 300 рублей), а за ремешок нужно будет заплатить ещё 49 долларов (примерно 3700 рублей).']]]</text>
	<tags verify="true" type="list" auto="true">
		<tag>Apple Watch</tag>
		<tag>умные часы</tag>
	</tags>
	<source verify="true" type="text" auto="true">Wristcam</source>
	<href verify="true" type="text" auto="true">https://the-geek.ru/news/apple-watch-poluchat-kamery-v-remeshke</href>
</doc>
