<?xml version="1.0" ?>
<doc>
	<title verify="true" type="text" auto="true">Apple запатентовала MacBook, поверхность которого поглощает свет</title>
	<date verify="true" type="date" auto="true">2020-12-04</date>
	<author verify="true" type="text" auto="true">Андрей Галадей</author>
	<text verify="true" type="cdata" auto="true">![CDATA[['Apple зарегистрировала патент на специальное покрытие для алюминия, которое позволит сделать корпус MacBook или другого устройства матово-чёрным. В патенте говорится, что современные методы делают поверхность блестящей или не дают нужного оттенка. Также в компании не хотят экспериментировать с краской, поскольку такой поход в iPhone 7 не оправдал себя. Новый способ сочетает в себе методы анодирования и травления алюминия с использованием светопоглощающего пигмента. Для этого поверхность покрывается множеством микроскопических неровностей, которые в сумме будут рассеивать свет. А сверху наносится слой матового чёрного красителя. Это, как ожидается, даст необходимую черноту и будет скрадывать дизайн корпуса. Также такой подход позволит не отражать предметы вокруг. При этом пока неясно, когда такое решение появится на рынке и будет ли оно реализовано в принципе. Всё-таки, это пока лишь патент, а не заявка на производство.']]]</text>
	<tags verify="true" type="list" auto="true">
		<tag>Apple</tag>
		<tag>MacBook</tag>
		<tag>Патент</tag>
	</tags>
	<source verify="true" type="text" auto="true">Patently Apple</source>
	<href verify="true" type="text" auto="true">https://the-geek.ru/news/apple-zapatentovala-macbook-poverhnost-kotorogo-pogloshhaet-svet</href>
</doc>
