<?xml version="1.0" ?>
<doc>
	<title verify="true" type="text" auto="true">Apple выпустила iOS 14.6 и iPadOS 14.6</title>
	<date verify="true" type="date" auto="true">2021-05-25</date>
	<author verify="true" type="text" auto="true">Вадим Майков</author>
	<text verify="true" type="cdata" auto="true">![CDATA[['Apple выпустила релизные версии обновлений iOS 14.6 и iPadOS 14.6. Каких-либо особых нововведений нет. Как обычно, изменения коснулись безопасности и стабильной работы. Изменения в iOS 14.6 и iPadOS 14.6: Также вышло обновление watchOS 7.5, которое добавляет поддержку измерения ЭКГ ещё в нескольких странах.']]]</text>
	<tags verify="true" type="list" auto="true">
		<tag>Apple</tag>
		<tag>iOS 14</tag>
	</tags>
	<source verify="true" type="text" auto="true"/>
	<href verify="true" type="text" auto="true">https://the-geek.ru/news/apple-ios-14-6</href>
</doc>
