<?xml version="1.0" ?>
<doc>
	<title verify="true" type="text" auto="true">Apple закончила работу над наушниками Beats Studio Buds</title>
	<date verify="true" type="date" auto="true">2021-05-28</date>
	<author verify="true" type="text" auto="true">Михаил Дулуб</author>
	<text verify="true" type="cdata" auto="true">![CDATA[['Мы уже не один раз слышали, что компания Apple ведет разработку наушников Beats Studio Buds. Более того, мы даже знаем об официальной утечке из кода iOS 14.6, но вот реальных изображений — увы. Но теперь и этот пробел устранен благодаря Instagram популярного баскетболиста — Леброна Джеймса. На своем аккаунте в социальной сети он опубликовал изображения, где по дороге на игру, в его ушах запечатлена белая пара Studio Buds. Если увеличить масштаб изображения, то можно видеть, что форма наушников полностью соответствует ранним утечкам. Наушники получили стандартный круглый дизайн вкладышей с прямоугольным выступом. А вот удлиненный “стебель” отсутствует. Учитывая этот факт, с уверенностью можно сказать, что производитель скоро может представить Beats Studio Buds.']]]</text>
	<tags verify="true" type="list" auto="true">
		<tag>Apple</tag>
		<tag>Beats Studio Buds</tag>
	</tags>
	<source verify="true" type="text" auto="true">Gsmarena</source>
	<href verify="true" type="text" auto="true">https://the-geek.ru/news/apple-beats-studio-buds</href>
</doc>
