<?xml version="1.0" ?>
<doc>
	<title verify="true" type="text" auto="true">Apple бесплатно заменит аккумулятор MacBook Pro 2016 и 2017, если он не заряжается выше 1%</title>
	<date verify="true" type="date" auto="true">2021-02-10</date>
	<author verify="true" type="text" auto="true">Валентин Снежин</author>
	<text verify="true" type="cdata" auto="true">![CDATA[['Apple объявила о запуске программы по бесплатной замене аккумулятора в MacBook Pro 2016 и 2017 года. Если батарея ноутбука не будет заряжаться выше 1%, то компания произведёт ремонт за свой счёт. Под программу попали следующие MacBook Pro: Также на сайте технической поддержки Apple отмечается, что некоторые владельцы MacBook Pro могли столкнуться с проблемой, которая не позволяет зарядить аккумулятор выше 1%. После выпуска macOS Big Sur 11.2.1 и macOS Catalina 10.15.7, проблема была исправлена, но у некоторых ошибка могла сохраниться. В этом случае нужно обратиться в авторизированный сервисный центр.']]]</text>
	<tags verify="true" type="list" auto="true">
		<tag>Apple</tag>
		<tag>MacBook</tag>
	</tags>
	<source verify="true" type="text" auto="true">Apple</source>
	<href verify="true" type="text" auto="true">https://the-geek.ru/news/apple-besplatno-zamenit-akkumulyator-macbook-pro-2016-i-2017-esli-on-ne-zaryazhaetsya-vyshe-1</href>
</doc>
