<?xml version="1.0" ?>
<doc>
	<title verify="true" type="text" auto="true">Apple запатентовала исчезающие кнопки в iPhone</title>
	<date verify="true" type="date" auto="true">2021-04-19</date>
	<author verify="true" type="text" auto="true">Андрей Галадей</author>
	<text verify="true" type="cdata" auto="true">![CDATA[['Компания Apple запатентовала новый проект под названием «Исчезающие кнопки». Заявка была опубликована на сайте ведомства по патентам и товарным знакам США (USPTO). Идея состоит в том, чтобы заменить физические кнопки на специальные сенсорные поверхности в качестве элементов управления. Они должны появиться как на смартфонах, так и на других устройствах. В компании отмечают, что аппаратные кнопки увеличивают габариты устройства, ухудшают эстетику и нарушают целостность корпуса. Также они изнашиваются и могут стать причиной попадания влаги и грязи внутрь. Патент не описывает конкретную реализацию, потому сложно скачать, как это будет сделано. Говорится лишь о том, что при прокрутке или нажатии на определённые участки корпуса, они будут реагировать, как кнопки. Учитывая, что это лишь патент, вряд ли стоит ждать быстрого появления такой системы. Может быть её и вовсе никогда не будет.']]]</text>
	<tags verify="true" type="list" auto="true">
		<tag>Apple</tag>
		<tag>Патент</tag>
	</tags>
	<source verify="true" type="text" auto="true">uspto.gov</source>
	<href verify="true" type="text" auto="true">https://the-geek.ru/news/apple-zapatentovala-ischezayushhie-knopki-v-iphone</href>
</doc>
