<?xml version="1.0" ?>
<doc>
	<title verify="true" type="text" auto="true">Apple выпустила macOS 11.3 для разработчиков</title>
	<date verify="true" type="date" auto="true">2021-02-03</date>
	<author verify="true" type="text" auto="true">Богдан Дегтярев</author>
	<text verify="true" type="cdata" auto="true">![CDATA[['В бета-версии macOS Big Sur 11.3, которая стала доступна сегодня разработчикам, представлены следующие функции: Масштабное обновление Safari Улучшения iOS- и iPadOS-приложений на Mac Публичная версия операционной системы macOS 11.3 станет доступна позднее.']]]</text>
	<tags verify="true" type="list" auto="true">
		<tag>macOS</tag>
	</tags>
	<source verify="true" type="text" auto="true"/>
	<href verify="true" type="text" auto="true">https://the-geek.ru/news/apple-vypustila-macos-11-3-dlya-razrabotchikov</href>
</doc>
