<?xml version="1.0" ?>
<doc>
	<title verify="true" type="text" auto="true">Apple выпустила обновление iOS 14.5</title>
	<date verify="true" type="date" auto="true">2021-04-26</date>
	<author verify="true" type="text" auto="true">Валентин Снежин</author>
	<text verify="true" type="cdata" auto="true">![CDATA[['Сегодня Apple выпустила финальную версию iOS 14.5. Новая версия операционной системы привнесла множество нововведений. iPhone X и новее можно разблокировать с помощью Apple Watch Series 3 или новее, когда Вы пытаетесь воспользоваться Face ID, а на Вас надета маска. Благодаря поддержке AirTag можно безопасно и конфиденциально отслеживать и находить важные вещи, такие как ключи, бумажник и рюкзак. Эти функции доступны в приложении «Локатор». AirTag можно найти, воспроизведя на нем звук через встроенный динамик. Для эмодзи с изображением целующейся пары и пары с сердечком можно выбрать различные оттенки кожи для каждого человека. Новые эмодзи с изображением лиц, сердечек и женщины с бородой. Siri может объявлять входящие вызовы, в том числе сообщать имя того, кто звонит, когда на надеты наушники AirPods или совместимые наушники Beats. На вызов можно ответить без помощи рук.\nГрупповой вызов FaceTime можно начать, просто попросив Siri. Чтобы добавить участников, перечислите имена из списка контактов или произнесите название группы в Сообщениях. Функция управления отслеживанием позволяет контролировать, какие приложения могут отслеживать действия пользователя в приложениях и на веб-сайтах других компаний, если полученные сведения будут использованы для показа рекламы или передачи брокерам данных. Подписчики могут воспроизводить фрагмент в Сообщениях, Facebook и историях Instagram., не покидая разговора. В городских чартах представлена музыка, которая популярна среди жителей более чем 100 городов мира, включая Москву и Санкт-Петербург. На обновленных страницах подкастов еще удобнее начинать прослушивание. Сохраняемые и загружаемые выпуски могут автоматически добавляться в медиатеку, чтобы пользователю было удобнее переходить к ним. Параметры загрузки и настройки уведомлений можно настраивать для каждого подкаста по отдельности.\nВ результатах поиска отображаются топ‑чарты и популярные категории, которые помогают находить новые интересные подкасты. Международный 5G‑роуминг теперь поддерживается некоторыми операторами на моделях iPhone 12. Теперь можно делиться примерным временем прибытия при движении на велосипеде или пешком, а не только на автомобиле: нужно попросить Siri или коснуться карточки маршрута внизу экрана, а затем кнопки «Сообщить о прибытии». Можно сортировать напоминания по заголовку, приоритету, дате выполнения или дате создания.\nСписки напоминаний можно напечатать. Скорость зачитывания переводов можно настроить, нажав и удерживая кнопку воспроизведения. Теперь поддерживаются новейшие беспроводные контроллеры Xbox Series X/S и Sony PS5 DualSense. Обновление уже доступно для всех пользователей. Перед установкой рекомендуется сделать резервную копию данных.']]]</text>
	<tags verify="true" type="list" auto="true">
		<tag>Apple</tag>
		<tag>iOS 14</tag>
	</tags>
	<source verify="true" type="text" auto="true">Apple</source>
	<href verify="true" type="text" auto="true">https://the-geek.ru/news/apple-vypustila-obnovlenie-ios-14-5</href>
</doc>
