<?xml version="1.0" ?>
<doc>
	<title verify="true" type="text" auto="true">Apple начала сотрудничать с LG для создания складного iPhone</title>
	<date verify="true" type="date" auto="true">2021-02-19</date>
	<author verify="true" type="text" auto="true">Валентин Снежин</author>
	<text verify="true" type="cdata" auto="true">![CDATA[['LG приняла участие в создании гибких дисплеев для складного iPhone. Об этом сообщает источник, который приближен к поставщикам Apple. Однако пока остаётся загадкой, станет ли LG основным поставщиком при начале серийного производства. Также появились слухи, что Apple заказала партию гибких дисплеев у Samsung, которые пойдут для разработки прототипов «раскладушки». Поэтому Apple пока находится в стадии выбора основного поставщика экранов. Выход раскладного iPhone может произойти в 2022 году.']]]</text>
	<tags verify="true" type="list" auto="true">
		<tag>Apple</tag>
		<tag>iPhone</tag>
	</tags>
	<source verify="true" type="text" auto="true">Appleinsider</source>
	<href verify="true" type="text" auto="true">https://the-geek.ru/news/apple-nachala-sotrudnichat-s-lg-dlya-sozdaniya-skladnogo-iphone</href>
</doc>
