<?xml version="1.0" ?>
<doc>
	<title verify="true" type="text" auto="true">Apple представила полноразмерные наушники AirPods Max</title>
	<date verify="true" type="date" auto="true">2020-12-08</date>
	<author verify="true" type="text" auto="true">Валентин Снежин</author>
	<text verify="true" type="cdata" auto="true">![CDATA[['Сегодня компания Apple представила AirPods Max, беспроводные полноразмерные наушники о которых ходило множество слухов. В наушниках установлены чипы H1, также они оснащены адаптивным эквалайзером и системой активного шумоподавления, поддерживают прозрачный режим и пространственное аудио. Новая модель выпускается в пяти цветах: «серый космос», серебристый, «голубое небо», зелёный и розовый. Дышащая сетчатая ткань оголовья помогает распределять вес и уменьшает давление на голову при использовании наушников. Само оголовье выполнено из нержавеющей стали и обладает достаточной гибкостью, чтобы наушниками было комфортно пользоваться вне зависимости от формы и размера головы. Телескопические дужки раздвигаются и надежно фиксируются в выбранном положении, поэтому их не придётся постоянно поправлять.  Чашки наушников крепятся к оголовью при помощи уникального механизма, который сглаживает и распределяет боковое давление. Механизм позволяет чашкам поворачиваться независимо друг от друга, подстраиваясь под особенности формы головы. Для производства амбушюров используется акустически оптимизированный пеноматериал с эффектом памяти, обеспечивающий качественное прилегание наушников. Колёсико Digital Crown, такое же, как у Apple Watch, позволяет точно настраивать громкость, включать и останавливать воспроизведение, переключать композиции, отвечать на звонки и активировать Siri. В AirPods Max установлен 40-миллиметровый динамический драйвер, разработанный Apple. Уникальная конструкция с использованием двух колец из неодимовых магнитов даёт возможность поддерживать общее значение гармонических искажений в пределах 1 процента во всём слышимом диапазоне, даже при максимальной громкости. Два чипа Apple H1 (по одному в каждом наушнике), в каждом установлено 10 ядер для обработки аудио, способных выполнять 9 миллиардов операций в секунду — именно они обеспечивают работу функций, таких как адаптивный эквалайзер, система активного шумоподавления, прозрачный режим и пространственное аудио. Новые наушники так же быстро настраиваются, как AirPods и AirPods Pro, — в одно касание и автоматически подключаются ко всем устройствам, на которых был заход в одну и ту же учётную запись iCloud, в том числе к iPhone, iPad, iPod touch, Mac, Apple Watch и Apple TV. Также AirPods Max автоматически определяют, надеты они или нет. В этом им помогают оптические датчики и датчики положения. При надевании начнётся воспроизведение аудио, а если их снять или хотя бы приподнять один из наушников, то воспроизведение будет приостановлено. AirPods Max обеспечивают четкое звучание при разговоре по телефону и использовании Siri — благодаря направленным микрофонам, которые блокируют посторонние шумы и усиливают голос пользователя. AirPods Max обеспечивают до 20 часов прослушивания аудио высокого качества, разговоров по телефону или просмотра фильмов с использованием активного шумоподавления и пространственного аудио. К AirPods Max прилагается мягкий компактный чехол Smart Case. Когда он надет, AirPods Max переходят в режим сверхнизкого энергопотребления, чтобы не расходовать заряд аккумулятора. При помощи Siri на AirPods Max можно управлять музыкой, звонить по телефону, настраивать громкость, пользоваться навигацией и другими функциями. Siri также может зачитывать входящие сообщения. AirPods Max можно заказать уже сегодня по цене 62 990 рублей. на сайте Apple и в приложении Apple Store. Кроме того, AirPods Max также появятся в продаже у авторизованных реселлеров Apple по ценам, установленным реселлерами.']]]</text>
	<tags verify="true" type="list" auto="true">
		<tag>AirPods</tag>
		<tag>Apple</tag>
	</tags>
	<source verify="true" type="text" auto="true">Apple</source>
	<href verify="true" type="text" auto="true">https://the-geek.ru/news/apple-predstavila-polnorazmernye-naushniki-airpods-max</href>
</doc>
