<?xml version="1.0" ?>
<doc>
	<title verify="true" type="text" auto="true">Apple выпустила iOS 14.4</title>
	<date verify="true" type="date" auto="true">2021-01-26</date>
	<author verify="true" type="text" auto="true">Валентин Снежин</author>
	<text verify="true" type="cdata" auto="true">![CDATA[['Обновление для iOS и iPadOS под номером 14.4 стало доступно всем желающим. Для его загрузки достаточно зайти в «Настройки» и перейти в раздел «Обновление ПО». В апдейте основная камера научилась распознавать миниатюрные QR-коды, а в настройках Bluetooth появилась возможность изменять тип устройства. Последнее позволяет выставить оптимальную громкость в прослушиваемом устройстве. Появилась защита от слежки приложений. При первом запуске приложения открывается уведомление с информацией, какие пользовательские данные собирает разработчик. Кроме того, в новых iPhone 12 появилась функция уведомления, которая оповестит пользователя о поддельном модуле камеры. Обычно такое может случиться после ремонта в не авторизованном сервисном центре. Общий вес обновления составляет 358 МБ.']]]</text>
	<tags verify="true" type="list" auto="true">
		<tag>Apple</tag>
		<tag>iOS 14</tag>
	</tags>
	<source verify="true" type="text" auto="true"/>
	<href verify="true" type="text" auto="true">https://the-geek.ru/news/apple-vypustila-ios-14-4</href>
</doc>
