<?xml version="1.0" ?>
<doc>
	<title verify="true" type="text" auto="true">Apple запатентовала подэкранный сканер Touch ID</title>
	<date verify="true" type="date" auto="true">2021-03-19</date>
	<author verify="true" type="text" auto="true">Валентин Снежин</author>
	<text verify="true" type="cdata" auto="true">![CDATA[['Сейчас практически каждый смартфон флагманского и среднего уровня оснащается подэкранным ультразвуковым сканером отпечатков пальцев. Это удобно для пользователей и для производителей, так как позволяет отдать всю фронтальную панель под экран. Однако подобного до сих пор нет в современных iPhone. Они используют технологию распознавания лица Face ID или обычный код-доступа. С первым уже произошла проблема, но Apple категорически отказывается от обещанного вознаграждения. Теперь появился зарегистрированный патент Apple описывающий новый тип подэкранного сканера отпечатков пальцев. Он станет модифицированной версией оптического сканера, позволяющий обнаружить свет через экран устройства. За счёт его преломления и специальной решётки, будет улучшена контрастность отпечатка, что позволит увеличить скорость и точность считывания отпечатка. Встроенный датчик изображения, будет переводить свет в электрические сигналы для распознавания пользователя. Кроме того, упоминается использование линз Френеля в качестве одного из элементов конструкции. Запатентованная технология может появиться в линейки iPhone 13, а в 2021 году ожидается выход улучшенной версии iPhone 12 с приставкой “S”.']]]</text>
	<tags verify="true" type="list" auto="true">
		<tag>Apple</tag>
		<tag>iPhone</tag>
		<tag>Touch ID</tag>
	</tags>
	<source verify="true" type="text" auto="true">USPTO</source>
	<href verify="true" type="text" auto="true">https://the-geek.ru/news/apple-zapatentovala-podekrannyj-skaner-touch-id</href>
</doc>
