<?xml version="1.0" ?>
<doc>
	<title verify="true" type="text" auto="true">Apple прекратила производство клавиатуры, мыши и трекпада в цвете Space Gray</title>
	<date verify="true" type="date" auto="true">2021-05-16</date>
	<author verify="true" type="text" auto="true">Валентин Снежин</author>
	<text verify="true" type="cdata" auto="true">![CDATA[['Если вы давно хотели приобрести аксессуар от Apple в цвете Space Gray, то самое время это сделать. Дело в том, что компания прекратила производство мышек Magic Mouse, клавиатур и трекпадов в этом оттенке. В официальном интернет-магазине компании в карточке товара стоит отметка “При наличии товарных запасов”, которая свидетельствует о закрытии производства аксессуара. Белые варианты по-прежнему будут доступны. Аналогичная ситуация была с iMac Pro. Теперь, когда Apple прекратила производство iMac в окраске «серый космос», компания решила прекратить производство аксессуаров в подобном цвете. Это немного странно, учитывая, что Apple сохранила цвет, когда представила MacBook на процессоре M1. Стоит учитывать, что чёрные кабели Lightning, пока останутся только в комплекте к некоторым моделям наушников Beats. В свободной продаже подобных кабелей никогда не было.']]]</text>
	<tags verify="true" type="list" auto="true">
		<tag>Apple</tag>
	</tags>
	<source verify="true" type="text" auto="true">Macrumors</source>
	<href verify="true" type="text" auto="true">https://the-geek.ru/news/apple-prekratila-proizvodstvo-space-gray</href>
</doc>
