<?xml version="1.0" ?>
<doc>
	<title verify="true" type="text" auto="true">Apple Car покажут в будущем году</title>
	<date verify="true" type="date" auto="true">2020-12-21</date>
	<author verify="true" type="text" auto="true">Андрей Галадей</author>
	<text verify="true" type="cdata" auto="true">![CDATA[['Мы уже давно не слышали ничего нового об автономном транспортном средстве от Apple. Но, как оказалось, в Купертино работают над этим, хотя ранее много раз сообщалось о «заморозке» проекта. Утверждается, что новинка уже почти готова. Её покажут в сентябре 2021 года, когда она выйдет для тестирования на дорог общего пользования. Как сообщается, ряд тайваньских поставщиков запчастей начали подготовку к наращиванию производства автомобилей Apple. Это может означать, что новинка появится в релизе уже скоро. Отметим, что все ранние утечки утверждали, что до релиза ещё далеко. Возможно, в Apple намеренно скрывали эти данные, чтобы показать новинку во всей красе.']]]</text>
	<tags verify="true" type="list" auto="true">
		<tag>Apple</tag>
		<tag>Apple Car</tag>
	</tags>
	<source verify="true" type="text" auto="true">EconomicDailyNews</source>
	<href verify="true" type="text" auto="true">https://the-geek.ru/news/apple-car-pokazhut-v-budushhem-godu</href>
</doc>
