<?xml version="1.0" ?>
<doc>
	<title verify="true" type="text" auto="true">Apple начала продавать восстановленные Apple Watch Series 6 и Apple Watch SE</title>
	<date verify="true" type="date" auto="true">2021-05-01</date>
	<author verify="true" type="text" auto="true">Валентин Снежин</author>
	<text verify="true" type="cdata" auto="true">![CDATA[['В продажу поступили восстановленные Apple Watch Series 6 и Apple Watch SE, которые были представлены в сентябре прошлого года. Пока их можно приобрести через официальный интернет-магазин только в США. Восстановленные модели мало чем отличаются от новых. Apple проводит восстановительные работы бывших в употребление устройства, заменяет старые детали на новые, а также предоставляет стандартную годовую гарантию. Для компании эта давняя практика, а покупатели могут значительно сэкономить. Восстановленные Apple Watch Series 6 обойдутся в США от 339 долларов (на $60 дешевле новых), а Apple Watch SE можно приобрести за 239 долларов (на $40 дешевле новых).']]]</text>
	<tags verify="true" type="list" auto="true">
		<tag>Apple</tag>
		<tag>Apple Watch</tag>
	</tags>
	<source verify="true" type="text" auto="true">Macrumors</source>
	<href verify="true" type="text" auto="true">https://the-geek.ru/news/apple-nachala-prodavat-vosstanovlennye-apple-watch-series-6-i-apple-watch-se</href>
</doc>
