<?xml version="1.0" ?>
<doc>
	<title verify="true" type="text" auto="true">Apple выпустила «умную» метку AirTag</title>
	<date verify="true" type="date" auto="true">2021-04-20</date>
	<author verify="true" type="text" auto="true">Валентин Снежин</author>
	<text verify="true" type="cdata" auto="true">![CDATA[['Apple официально представила долгожданную метку для поиска вещей под названием AirTag. Это небольшая «таблетка» с чипом U1, которую можно повесить на рюкзак, ключи и любые другие вещи для быстрого поиска. Метка имеет защиту от воды и пыли по стандарту IP67, а также заменяемый аккумулятор и небольшой динамик. Одного заряда должно хватить на год. При поиске вещи на iPhone появится анимация со стрелками направления и всё это будет сопровождаться звуками и вибрацией. Стоимость AirTag составит 29 долларов. Комплект из четырёх штук обойдётся в 99 долларов.']]]</text>
	<tags verify="true" type="list" auto="true">
		<tag>AirTag</tag>
		<tag>Apple</tag>
	</tags>
	<source verify="true" type="text" auto="true"/>
	<href verify="true" type="text" auto="true">https://the-geek.ru/news/apple-vypustila-umnuyu-metku-airtag</href>
</doc>
