<?xml version="1.0" ?>
<doc>
	<title verify="true" type="text" auto="true">Apple купит аккумуляторы Tesla для питания Apple Park</title>
	<date verify="true" type="date" auto="true">2021-04-01</date>
	<author verify="true" type="text" auto="true">Валентин Снежин</author>
	<text verify="true" type="cdata" auto="true">![CDATA[['Apple планирует построить солнечную электростанцию California Flats для сохранения энергии, а также для питания своего Apple Park. Для этого компания закупит несколько аккумуляторов Tesla Megapack. Уже известно, что станция California Flats будет хранить около 240 МВт-ч энергии, чего вполне достаточно для поддержки электроэнергией более 7000 домов. Но у Apple свои планы, она хочет обеспечить энергией собственный парк и все подразделения компании в Калифорнии. Tesla Megapack – огромный аккумулятор, размером с грузовой контейнер. Одно такое устройство может хранить до 3 МВт-ч энергии. Общая сумма сделки оценивается в $50 млн.']]]</text>
	<tags verify="true" type="list" auto="true">
		<tag>Apple</tag>
		<tag>Tesla</tag>
	</tags>
	<source verify="true" type="text" auto="true">The Verge</source>
	<href verify="true" type="text" auto="true">https://the-geek.ru/news/apple-kupit-akkumulyatory-tesla-dlya-pitaniya-apple-park</href>
</doc>
