<?xml version="1.0" ?>
<doc>
	<title verify="true" type="text" auto="true">Apple ответит в суде за ложные заявления о водонепроницаемости iPhone</title>
	<date verify="true" type="date" auto="true">2021-04-26</date>
	<author verify="true" type="text" auto="true">Валентин Снежин</author>
	<text verify="true" type="cdata" auto="true">![CDATA[['Начиная с iPhone 7 все последующие смартфоны Apple начали получать защиту от воды и пыли по стандарту IP67. Позже, iPhone 11 и следующие модели, оснащаются стандартом IP68, а в рекламе iPhone 12 отмечается, что он самый защищённый от попадания воды среди смартфонов Apple. Однако при попадании влаги в смартфон, сервисные центры отказывают в гарантийном ремонте. С этим не стали мириться владельцы смартфонов от Apple в Нью-Йорке и подали коллективный иск на компанию за ложные заявления о водонепроницаемости iPhone. В иске указывается, что смартфоны, которые находились у бассейна или на море, могут лишиться гарантии при кратковременном погружении. На самом официальном сайте Apple на страничке iPhone 12 написано:\niPhone 12 и iPhone 12 mini устойчивы к воздействию брызг, воды и пыли и протестированы в специально поддерживаемых лабораторных условиях… Повреждение в результате контакта с жидкостью не покрывается гарантией. В ноябре прошлого года итальянская антимонопольная служба оштрафовала Apple на 10 миллионов евро за ложные заявления о водонепроницаемости своих смартфоном и отказе ремонтировать устройства, которые погружались в воду.']]]</text>
	<tags verify="true" type="list" auto="true">
		<tag>Apple</tag>
		<tag>iPhone</tag>
	</tags>
	<source verify="true" type="text" auto="true">The GEEK</source>
	<href verify="true" type="text" auto="true">https://the-geek.ru/news/apple-otvetit-v-sude-za-lozhnye-zayavleniya-o-vodoneproniczaemosti-iphone</href>
</doc>
