<?xml version="1.0" ?>
<doc>
	<title verify="true" type="text" auto="true">ASUS подтвердила выход видеокарты NVIDIA RTX 3080 Ti</title>
	<date verify="true" type="date" auto="true">2020-12-25</date>
	<author verify="true" type="text" auto="true">Андрей Галадей</author>
	<text verify="true" type="cdata" auto="true">![CDATA[['На официальном сайте ASUS ненадолго появилось упоминание о двух будущих видеокартах, которые пока не анонсировали официально. Это модели NVIDIA RTX 3060 с 12 ГБ видеопамяти и RTX 3080 Ti с 20 ГБ vRAM. В последние месяцы о них писали уже много, так что это лишний раз подтверждает, что компания готовит такие ускорители. Как ожидается, релиз RTX 3060 состоится 12 января. А в конце февраля придёт черёд RTX 3080 Ti. При этом модель будет промежуточной между RTX 3080 и RTX 3090. У неё ожидается такой же GPU, как у старшей модели, но с урезанными частотами и уменьшенной шиной памяти.']]]</text>
	<tags verify="true" type="list" auto="true">
		<tag>NVIDIA</tag>
		<tag>NVIDIA GeForce 3080 Ti</tag>
		<tag>Видеокарта</tag>
	</tags>
	<source verify="true" type="text" auto="true">VideoCardz</source>
	<href verify="true" type="text" auto="true">https://the-geek.ru/news/asus-podtverdila-vyhod-videokarty-nvidia-rtx-3080-ti</href>
</doc>
