<?xml version="1.0" ?>
<doc>
	<title verify="true" type="text" auto="true">Asus ZenFone 7 и ZenFone 7 Pro получили обновление до Android 11</title>
	<date verify="true" type="date" auto="true">2021-03-26</date>
	<author verify="true" type="text" auto="true">Вадим Майков</author>
	<text verify="true" type="cdata" auto="true">![CDATA[['После выпуска глобального обновления Android 11 для ZenFone 6 еще в январе, Asus наконец-то готова сделать то же самое для своей новой серии ZenFone 7. Пока обновление Android 11 доступно для ZenFone 7 и ZenFone 7 Pro, но на внутреннем рынке – Тайване. Для двоих смартфонов номер сборки одинаковый – 30.40.30.93 и приносит патч обновления безопасности от марта 2021 года, а также исправляет некоторые баги. Кроме всех новшеств Android 11, апдейту подверглись фирменные приложения Asus. В компании отмечают, что обновление выпускается небольшими партиями, поэтому на родине бренда оно может занять несколько дней. После этого, глобальная версия должна выйти по всему миру.']]]</text>
	<tags verify="true" type="list" auto="true">
		<tag>ASUS</tag>
		<tag>ZenFone</tag>
	</tags>
	<source verify="true" type="text" auto="true">ASUS CH</source>
	<href verify="true" type="text" auto="true">https://the-geek.ru/news/asus-zenfone-7-i-zenfone-7-pro-poluchili-obnovlenie-do-android-11</href>
</doc>
