<?xml version="1.0" ?>
<doc>
	<title verify="true" type="text" auto="true">Asus ROG Phone 4 получил батарею на 6 000 мАч</title>
	<date verify="true" type="date" auto="true">2021-01-17</date>
	<author verify="true" type="text" auto="true">Михаил Дулуб</author>
	<text verify="true" type="cdata" auto="true">![CDATA[['Не так давно представители Asus немного подразнили пользователей своим новым смартфоном – ROG Phone 4, засветив его на ресурсе Weibo. Правда, никакой конкретной информации о смартфоне они не поведали, но это сделал другой источник. Представители Digital Chat Station сообщили, что ROG Phone 4, получит аккумулятор, емкостью 6 000 мАч. Кроме того, он получит технологию быстрой зарядки с поддержкой зарядного устройства 60 или 65 Вт. На данный момент этот смартфон в базе данных 3C, где он прошел сертификацию обозначен, как модель I005DA. Здесь фигурирует упоминание о зарядке в 65 Вт. Этот же девайс также был замечен и на другом ресурсе – Geekbench, но в прошлом месяце. На тот момент он работал на Android 11, чипсете Snapdragon 888 и с 8 ГБ ОЗУ. Более детальная информация о смартфоне появится немного позже.']]]</text>
	<tags verify="true" type="list" auto="true">
		<tag>ASUS</tag>
		<tag>ROG Phone</tag>
	</tags>
	<source verify="true" type="text" auto="true">Gsmarena</source>
	<href verify="true" type="text" auto="true">https://the-geek.ru/news/asus-rog-phone-4-poluchil-batareyu-na-6-000-mach</href>
</doc>
