<?xml version="1.0" ?>
<doc>
	<title verify="true" type="text" auto="true">Battlefield 6 анонсируют в июне</title>
	<date verify="true" type="date" auto="true">2021-05-11</date>
	<author verify="true" type="text" auto="true">Вадим Майков</author>
	<text verify="true" type="cdata" auto="true">![CDATA[['Официальный аккаунт Battlefield в Твиттере подтвердил скорый анонс новой части боевика. Опубликованную запись легко расшифровать: «слова рифмуются с Soon (скоро): June (июнь) и Boom (бум)». Позже глава PR-отдела Electronic Arts Энди Макнамара подтвердил планы по выпуску шестой части в июне текущего года. Battlefield 6 создаёт самая большая команда в истории всей серии. Ради новой части была заморожена разработка новой Need for Speed и перенос выпуска на следующий год.']]]</text>
	<tags verify="true" type="list" auto="true">
		<tag>Battlefield</tag>
		<tag>Battlefield 6</tag>
	</tags>
	<source verify="true" type="text" auto="true">Twitter</source>
	<href verify="true" type="text" auto="true">https://the-geek.ru/news/battlefield-6-anonsiruyut-v-iyune</href>
</doc>
