<?xml version="1.0" ?>
<doc>
	<title verify="true" type="text" auto="true">Battlefield выйдет на мобильные устройства в 2022 году</title>
	<date verify="true" type="date" auto="true">2021-04-22</date>
	<author verify="true" type="text" auto="true">Вадим Майков</author>
	<text verify="true" type="cdata" auto="true">![CDATA[['Electronic Arts анонсировала мобильную версию шутера Battlefield. Выход игры запланирован на 2022 год. Компания отметила, что это будет самостоятельная версия под авторством студии Industrial Toys, которая выйдет на Android и iOS. Также стало известно, что над новой номерной частью работает «самая большая команда в истории серии». В её создании участвуют DICE LA и Criterion. Последней даже пришлось заморозить работу над новой Need for Speed. Сейчас игра находится на этапе тестирования, внесения правок, а также готовится к официальному анонсу, который состоится уже «скоро».']]]</text>
	<tags verify="true" type="list" auto="true">
		<tag>Battlefield</tag>
	</tags>
	<source verify="true" type="text" auto="true">EA</source>
	<href verify="true" type="text" auto="true">https://the-geek.ru/news/battlefield-vyjdet-na-mobilnye-ustrojstva-v-2022-godu</href>
</doc>
