<?xml version="1.0" ?>
<doc>
	<title verify="true" type="text" auto="true">Black Shark 4 Pro засветился в сети</title>
	<date verify="true" type="date" auto="true">2021-02-07</date>
	<author verify="true" type="text" auto="true">Михаил Дулуб</author>
	<text verify="true" type="cdata" auto="true">![CDATA[['В сети появилась новая информация, касающаяся смартфона Black Shark 4 Pro. Некоторые новые подробности всплыли консоли Google Play. Так, один из вариантов находится там под кодовым названием kaiser и имеет FullHD-дисплей и 8 ГБ ОЗУ. Скорее всего, речь идет о модели Black Shark 4. Чуть позже, там же появилась и вторая модификация устройства с кодовым номером Penrose. Этот вариант уже имеет 12 ГБ ОЗУ и работает на платформе Android 11. Также есть информация о наличии дисплея с FullHD+ разрешением. Что касается чипсета, то в данном случае фигурирует модель Snapdragon 865. Но вероятно, это ошибка, ведь Black Shark 4 работает на Snapdragon 888. Судя же по изображениям, можно сделать вывод, что селфи-камера располагается по центру экрана. На правой и левой панели находятся кнопки, это видимо качелька громкости и кнопка включения аппарата, а также отдельная кнопка для быстрого запуска игрового режима. Есть еще один нюанс, который смущает: это наличие дисплея с FullHD+ разрешением. Ведь прошлое поколение шло с разрешением QHD+.']]]</text>
	<tags verify="true" type="list" auto="true">
		<tag>Black Shark 4</tag>
	</tags>
	<source verify="true" type="text" auto="true">Gsmarena</source>
	<href verify="true" type="text" auto="true">https://the-geek.ru/news/black-shark-4-pro-zasvetilsya-v-seti</href>
</doc>
