<?xml version="1.0" ?>
<doc>
	<title verify="true" type="text" auto="true">Black Shark 4 стал новым лидером в AnTuTu</title>
	<date verify="true" type="date" auto="true">2021-01-13</date>
	<author verify="true" type="text" auto="true">Михаил Дулуб</author>
	<text verify="true" type="cdata" auto="true">![CDATA[['Представители Xiaomi, а точнее суббренда компании – Black Shark, немного поделились секретами о своем новом смартфоне. Как оказалось, им станет Black Shark 4, который вполне готов побить новый рекорд AnTuTu, что и подтвердилось тестами. Тестовый вариант Black Shark 4 набрал целых 788 505 баллов, что уже превышает нынешний рекорд от iQOO 7, а это 752 тыс. баллов. Как оказалось, в сердце устройства находится чипсет Snapdragon 888, а с этим, как говорят разработчики, вполне можно добиться и результата, превышающего 800 тыс. баллов. Кроме того, стали известные некоторые характеристики будущего смартфона. Речь идет об аккумуляторе на 4 500 мАч, а также поддержке быстрой зарядки, мощностью 120 Вт. Не исключено, что аппарат получит OLED-дисплей с разрешением 1080×2400 пикселей. Информации становится все больше, а это скорее всего значит, что анонс не за горами.']]]</text>
	<tags verify="true" type="list" auto="true">
		<tag>Black Shark 4</tag>
		<tag>Xiaomi</tag>
	</tags>
	<source verify="true" type="text" auto="true">Gsmarena</source>
	<href verify="true" type="text" auto="true">https://the-geek.ru/news/black-shark-4-stal-novym-liderom-v-antutu</href>
</doc>
