<?xml version="1.0" ?>
<doc>
	<title verify="true" type="text" auto="true">Capcom готовит выход VR-версии Resident Evil 4</title>
	<date verify="true" type="date" auto="true">2021-04-16</date>
	<author verify="true" type="text" auto="true">Андрей Галадей</author>
	<text verify="true" type="cdata" auto="true">![CDATA[['Компания Capcom совместно с Armature Studio адаптирует Resident Evil 4 под очки виртуальной реальности Oculus Quest 2. Для этого в игру добавят новые элементы, которых не было в оригинале. Как ожидается, новые подробности станут известны уже 21 апреля на мероприятии Oculus Gaming Showcase. При этом любопытно, что оригинальная игра 2005 года представляет собой шутер от третьего лица, тогда как в VR-очках логичнее было бы использовать вид только от первого лица. Отметим, что в 2017 году на PlayStation VR вышла «Resident Evil 7», которая по сей день остаётся одной из лучших игр платформы Sony. ']]]</text>
	<tags verify="true" type="list" auto="true">
		<tag>Resident Evil 4</tag>
	</tags>
	<source verify="true" type="text" auto="true">Polygon</source>
	<href verify="true" type="text" auto="true">https://the-geek.ru/news/capcom-gotovit-vyhod-vr-versiyu-resident-evil-4</href>
</doc>
