<?xml version="1.0" ?>
<doc>
	<title verify="true" type="text" auto="true">Caviar выпустит золотой килограммовый смартфон</title>
	<date verify="true" type="date" auto="true">2021-03-15</date>
	<author verify="true" type="text" auto="true">Михаил Дулуб</author>
	<text verify="true" type="cdata" auto="true">![CDATA[['Что сделать со 159 тыс. долларов? Не многие из нас задаются таким вопросом, но есть люди, которые не знают, как выгодно использовать эту сумму. Именно для них компания Caviar придумала неплохой метод инвестирования. Производитель намерен вывести на рынок два золотых смартфона. Ими станут модели Apple iPhone 12 Pro и Samsung Galaxy S21 Ultra. Если речь идет о Caviar, значит подразумевается золото, то есть данные модели будут в золоте. Но не просто позолоченные, а облаченные в золотой чехол, весом 1 кг. То есть, обладатель такого гаджета может не только пользоваться прелестями 5G-сетей и производительностью своего гаджета, но и иметь стабильное вложение в золоте. Стоит отметить, что здесь используется золото не самое чистое, но и не самое дорогое (да, дешевизна и здесь важна). Причем золото как ничто лучше будет выполнять защитные функции чехла для смартфона. Заказать эти устройства можно из любой точки мира, а доставка будет осуществляться по адресу частным курьером. Правда, таких моделей будет совсем не много: по 7 моделей.']]]</text>
	<tags verify="true" type="list" auto="true">
		<tag>Apple</tag>
		<tag>Caviar</tag>
	</tags>
	<source verify="true" type="text" auto="true">Gsmarena</source>
	<href verify="true" type="text" auto="true">https://the-geek.ru/news/caviar-vypustit-zolotoj-kilogrammovyj-smartfon</href>
</doc>
