<?xml version="1.0" ?>
<doc>
	<title verify="true" type="text" auto="true">Caviar представила PlayStation 5 из золота 750 пробы</title>
	<date verify="true" type="date" auto="true">2020-12-28</date>
	<author verify="true" type="text" auto="true">Михаил Дулуб</author>
	<text verify="true" type="cdata" auto="true">![CDATA[['Бренд Caviar, который известен всем своими золотыми отделками мобильных устройств, представил новую коллекцию 2021 года. В число интересных и самых неординарных устройств можно включить и золотую Sony PlayStation 5.  Полное название такого варианта игровой консоли – Sony PlayStation 5 Golden Rock. Основа устройства – оригинал, но с отделкой из золота 750 пробы. Дизайнеры настолько расщедрились, что на отделку выделили целых 8 листов, отлитых из чистого золота. Поэтому и вес данной конструкции велик и не каждый геймер сможет ее поднять – 20 кг. Кстати, о количестве экземпляров: всего будет выпущена одна золотая консоль. Естественно, что стоимость такого устройства не разглашается, но как мы знаем, цена подобных изяществ от Caviar довольна велика. Да и намекают нам на это сами создатели, которые описали чуть ли не сам процесс изготовления. Они уверены, что данный экземпляр – это штучное произведение ювелирного искусства. Внешние очертания корпуса имеют схожесть с кристаллической породой, а вдохновителем стала золотая руда и очертания столь изящной горной породы.']]]</text>
	<tags verify="true" type="list" auto="true">
		<tag>Caviar</tag>
		<tag>Sony PlayStation 5</tag>
	</tags>
	<source verify="true" type="text" auto="true">Letsgodigital</source>
	<href verify="true" type="text" auto="true">https://the-geek.ru/news/caviar-predstavila-playstation-5-iz-zolota-750-proby</href>
</doc>
