<?xml version="1.0" ?>
<doc>
	<title verify="true" type="text" auto="true">CD Projekt RED опровергла слухи о переносе Cyberpunk 2077 на 2021 год</title>
	<date verify="true" type="date" auto="true">2020-11-10</date>
	<author verify="true" type="text" auto="true">Вадим Майков</author>
	<text verify="true" type="cdata" auto="true">![CDATA[['Сегодня в Сети появились слухи от инсайдера о новом переносе Cyberpunk 2077. Реакция разработчиков из CD Projekt не заставила себя долго ждать – в ответ на это они поставили 10 декабря в шапку твиттера Cyberpunk 2077. О переносе даты выхода сообщил инсайдер Tiffany Treadmore, который первый рассказал про отмену Е3.']]]</text>
	<tags verify="true" type="list" auto="true">
		<tag>Cyberpunk 2077</tag>
	</tags>
	<source verify="true" type="text" auto="true">Twitter</source>
	<href verify="true" type="text" auto="true">https://the-geek.ru/news/cd-projekt-red-oprovergla-sluhi-o-perenose-cyberpunk-2077-na-2021-god</href>
</doc>
