<?xml version="1.0" ?>
<doc>
	<title verify="true" type="text" auto="true">CD Projekt RED представила инструменты для создания модов в Cyberpunk 2077</title>
	<date verify="true" type="date" auto="true">2021-01-27</date>
	<author verify="true" type="text" auto="true">Андрей Галадей</author>
	<text verify="true" type="cdata" auto="true">![CDATA[['Польская студия CD Projekt RED выпустила для Cyberpunk 2077 набор инструментов, которые позволят создавать модификации для игры. С момента релиза «Киберпанка» для него уже были созданы десятки модов, которые улучшали определённые аспекты игры, добавляли новые возможности, а также контент. Но теперь это станет намного проще. Сама игра вышла 10 декабря 2020 года на ПК и консолях. При этом многие ругали релиз за ряд проблем и ошибок. Однако постепенно эти глюки и баги устраняются. Недавно разработчики выпустили обновление под номером 1.1. Однако и там нашлась проблема — в сюжетном задании не выполнялись некоторые условия. Как ожидается, в скором времени выйдет патч 1.2. который решить оставшиеся проблемы.']]]</text>
	<tags verify="true" type="list" auto="true">
		<tag>CD Projekt RED</tag>
		<tag>Cyberpunk 2077</tag>
	</tags>
	<source verify="true" type="text" auto="true">Cyberpunk 2077</source>
	<href verify="true" type="text" auto="true">https://the-geek.ru/news/cd-projekt-red-predstavila-instrumenty-dlya-sozdaniya-modov-v-cyberpunk-2077</href>
</doc>
