<?xml version="1.0" ?>
<doc>
	<title verify="true" type="text" auto="true">CDPR: Cyberpunk 2077 окупилась в первый же день</title>
	<date verify="true" type="date" auto="true">2020-12-11</date>
	<author verify="true" type="text" auto="true">Андрей Галадей</author>
	<text verify="true" type="cdata" auto="true">![CDATA[['В CD Projekt RED поделились успехами игры Cyberpunk 2077. Как оказалось, выручка уже превысила общие затраты на разработку и маркетинг до конца текущего года. Речь идё1т о предварительной продаже 8 миллионов копий игры, причём более половины — это версия для ПК. Пока что точных цифр нет, однако ранее CDPR сообщала о 120 миллионах долларов. Такая цифра была указана в графе расходов на текущие проекты в финансовом отчёте осенью 2020 года. Отметим, что новая игра, несмотря на все проблемы, с тала самой быстропродаваемой в версии для ПК за всю историю видеоигрового бизнеса. Как ожидается, через год продажи составят порядка 30 миллионов копий. И это не считая пиратских версий, которые уже есть на всех торрент-треккерах.']]]</text>
	<tags verify="true" type="list" auto="true">
		<tag>Cyberpunk 2077</tag>
	</tags>
	<source verify="true" type="text" auto="true">biznes.pap.pl</source>
	<href verify="true" type="text" auto="true">https://the-geek.ru/news/cdpr-cyberpunk-2077-okupilas-v-pervyj-zhe-den</href>
</doc>
