<?xml version="1.0" ?>
<doc>
	<title verify="true" type="text" auto="true">Cellebrite отказалась поставлять в Россию оборудование для взлома смартфонов</title>
	<date verify="true" type="date" auto="true">2021-03-19</date>
	<author verify="true" type="text" auto="true">Алексей Авдеев</author>
	<text verify="true" type="cdata" auto="true">![CDATA[['Израильская компания Cellebrite разработчик ПО и оборудования для взлома мобильных устройств, отказалась сотрудничать с российскими и белорусскими спецслужбами. Свой отказ компания обосновала тем, что спецслужбы России и Беларуси будут использовать её разработки не для расследования преступлений, а для взлома мобильных устройств сторонников оппозиции, ЛГБТ-активистов и представителей этнических меньшинств. Другими словами, будут вести противоправную деятельность в ущерб гражданам стран. Для своих продуктов Cellebrite постоянно делает закупку информации о возможных уязвимостях у хакеров и специалистов по информационной безопасности. Об этих “дырах” не могут знать создатели приложений, разработчики ОС и даже сами производители устройств. Актуальность уязвимостей важно всегда обновлять и проверять, чтобы продукты Cellebrite были эффективны во взломе мобильных девайсов. Из-за отказа от сотрудничества российские и белорусские спецслужбы смогут взламывать устройства с помощью устаревших версий Cellebrite или искать пути приобретения через сторонние каналы. Между прочем неактуальные версии продуктов Cellebrite можно свободно приобрести на Ebay, но навряд ли от них будет какая-либо польза.']]]</text>
	<tags verify="true" type="list" auto="true">
		<tag>Cellebrite</tag>
	</tags>
	<source verify="true" type="text" auto="true">Haaretz</source>
	<href verify="true" type="text" auto="true">https://the-geek.ru/news/cellebrite-otkazalas-postavlyat-v-rossiyu-oborudovanie-dlya-vzloma-smartfonov</href>
</doc>
