<?xml version="1.0" ?>
<doc>
	<title verify="true" type="text" auto="true">CES 2021: TCL показала планшет-свиток на 17 дюймов</title>
	<date verify="true" type="date" auto="true">2021-01-12</date>
	<author verify="true" type="text" auto="true">Андрей Галадей</author>
	<text verify="true" type="cdata" auto="true">![CDATA[['Компания TCL на своей презентации в рамках выставки CES 2021 показала большой планшет, который сворачивается с двух сторон, подобно свитку. Новинка основана на 17-дюймовом гибком дисплее с сенсорной подложкой. Его можно разворачивать и сворачивать. В последнем случае он занимает очень мало места. Компания пока явно не имеет даже прототипа, поскольку есть только ролик на тему. Однако если новинку всё же доведут до ума, это будет весьма интересное решение. С другой стороны, такое решение будет чрезвычайно дорогим на первых порах. Данных о возможных сроках релиза пока нет.']]]</text>
	<tags verify="true" type="list" auto="true">
		<tag>CES 2021</tag>
		<tag>TCL</tag>
	</tags>
	<source verify="true" type="text" auto="true">Engadget</source>
	<href verify="true" type="text" auto="true">https://the-geek.ru/news/ces-2021-tcl-pokazala-planshet-svitok-na-17-dyujmov</href>
</doc>
