<?xml version="1.0" ?>
<doc>
	<title verify="true" type="text" auto="true">CES 2021: Razer представила «умную» маску с подсветкой и фильтрами</title>
	<date verify="true" type="date" auto="true">2021-01-13</date>
	<author verify="true" type="text" auto="true">Андрей Галадей</author>
	<text verify="true" type="cdata" auto="true">![CDATA[['Компания Razer известна своими оригинальным продуктами. И на сей раз она решила не отставать от тренов. Производитель представил на CES 2021 умную маску для геймеров с RGB-подсветкой. Новинка оснащена респиратором N95 с бактериальной фильтрацией и защитой от брызг. В маску встроены вентиляторы, а штатный стерилизатор Project Hazel обрабатывает новинку ультрафиолетом. Также в маске есть микрофон и наушники, чтобы она не приглушала речь. Также не указана ёмкость аккумулятора. Цена новинки пока не уточняется, потому сложно сказать, сколько будет стоить такое решение.']]]</text>
	<tags verify="true" type="list" auto="true">
		<tag>CES 2021</tag>
		<tag>Razer</tag>
	</tags>
	<source verify="true" type="text" auto="true">YouTube</source>
	<href verify="true" type="text" auto="true">https://the-geek.ru/news/razer-predstavila-umnuyu-masku-s-podsvetkoj-i-filtrami</href>
</doc>
