<?xml version="1.0" ?>
<doc>
	<title verify="true" type="text" auto="true">Chrome умеет сам менять утекшие пароли в сеть</title>
	<date verify="true" type="date" auto="true">2021-05-19</date>
	<author verify="true" type="text" auto="true">Михаил Дулуб</author>
	<text verify="true" type="cdata" auto="true">![CDATA[['Безопасность аккаунта для пользователей играет важную роль. Но порой, тратить на нее время хочется не каждому. Задали пароль и забыли про него, тем более, следить, не слили ли его в сеть нет времени. Вот поэтому разработчики Google внедрили новую и очень полезную функцию в браузер Chrome — Duplex. Название этой возможности нам известно, ведь когда-то это был сервис дозвона, который Google немного переделала для своих целей. Стоит заметить, что данная возможность пока работает только на территории США, не со всеми сайтами и обязательно должна быть включена возможность синхронизации паролей. Как это работает. Когда браузер Chrome обнаруживает, что пароль скомпрометирован, он предлагает пользователю сменить пароль, нажав на соответствующую клавишу. В таком случае пользователь лишается выполнения рутинных действий в виде придумывания сложного пароля, его написания и подтверждения.']]]</text>
	<tags verify="true" type="list" auto="true">
		<tag>Chrome</tag>
		<tag>Пароль</tag>
	</tags>
	<source verify="true" type="text" auto="true">Techcrunch</source>
	<href verify="true" type="text" auto="true">https://the-geek.ru/news/chrome-menyaet-paroli</href>
</doc>
