<?xml version="1.0" ?>
<doc>
	<title verify="true" type="text" auto="true">Clubhouse официально вышел для Android</title>
	<date verify="true" type="date" auto="true">2021-05-10</date>
	<author verify="true" type="text" auto="true">Вадим Майков</author>
	<text verify="true" type="cdata" auto="true">![CDATA[['Нестандартная социальная сеть Clubhouse официально запустила приложение для Android. С 9 мая оно доступно для пользователей в США, а через небольшой промежуток времени выйдет во всём мире. По всей видимости запуск связан из-за резкого падения популярности Clubhouse и слишком медлительного запуска на других платформах. До мирового релиза разработчики хотят собрать обратную связь от пользователей, исправить баги и добавить несколько функций – платежи и создание клубов. Остальные пользователи могут предварительно зарегистрироваться через страницу Clubhouse в Google Play. Таким образом они получат уведомление, когда приложение станет доступно в их регионе.']]]</text>
	<tags verify="true" type="list" auto="true">
		<tag>Clubhouse</tag>
	</tags>
	<source verify="true" type="text" auto="true">Clubhouse</source>
	<href verify="true" type="text" auto="true">https://the-geek.ru/news/clubhouse-oficzialno-vyshel-dlya-android</href>
</doc>
