<?xml version="1.0" ?>
<doc>
	<title verify="true" type="text" auto="true">Cortana прекратила работу на Android и iOS</title>
	<date verify="true" type="date" auto="true">2021-03-31</date>
	<author verify="true" type="text" auto="true">Валентин Снежин</author>
	<text verify="true" type="cdata" auto="true">![CDATA[['Голосовой ассистент Cortana от Microsoft больше не будет поддерживаться на iOS и Android. Об этом официально заявила Microsoft. С ноября 2019 года Cortana была доступна на ряде мобильных устройств, а в 2020 году разработчик объявил о планах по прекращению её дальнейшей поддержки. Также Cortana перестала выпускаться под видом отдельного приложения в Великобритании, Индии и Китае. Microsoft давно запланировала прекратить поддержку мобильной Cortana. Свои действия они объяснили тем, что помощник будет глубоко интегрирован в семейство Microsoft 365. Голосовой помощник синхронизируется с облачными сервисами Microsoft и является некой особенностью системы. Cortana не смогла завоевать любовь у пользователей, как это сделали Google Assistant и Siri на iOS. Также компании приложили огромные усилия, чтобы их голосовые ассистенты поддерживали несколько языков и свободно управлялись с задачами внутри системы.']]]</text>
	<tags verify="true" type="list" auto="true">
		<tag>Cortana</tag>
		<tag>Microsoft</tag>
	</tags>
	<source verify="true" type="text" auto="true">hindustantimes</source>
	<href verify="true" type="text" auto="true">https://the-geek.ru/news/cortana-prekratila-rabotu-na-android-i-ios</href>
</doc>
