<?xml version="1.0" ?>
<doc>
	<title verify="true" type="text" auto="true">Cyberpunk 2077 получит не менее 13 дополнений</title>
	<date verify="true" type="date" auto="true">2021-03-29</date>
	<author verify="true" type="text" auto="true">Вадим Майков</author>
	<text verify="true" type="cdata" auto="true">![CDATA[['Относительно недавно вышедший Cyberpunk 2077 разочаровал многих поклонников своими багами и прочими ошибками. Разработчики стараются исправить ситуацию, и каждый месяц выпускают для игры патчи. Однако, это не мешает им работать над будущими дополнениями. На данный момент стало известно, что планируется выпуск целый 13 DLC, где 10 станут бесплатными, а три платными. Об этом стало известно от пользователя PricklyAssassin с Reddit. Он получил AES-ключ шифрования к серверам Epic Games и просмотрел информацию о запланированных дополнениях для Cyberpunk 2077. Также отмечается, что изначально в Epic Games Store отображалось до 18 дополнений, но видимо что-то пошло не так и разработчики решили отказаться от таких масштабов.']]]</text>
	<tags verify="true" type="list" auto="true">
		<tag>Cyberpunk 2077</tag>
	</tags>
	<source verify="true" type="text" auto="true">Reddit</source>
	<href verify="true" type="text" auto="true">https://the-geek.ru/news/cyberpunk-2077-poluchit-ne-menee-13-dopolnenij</href>
</doc>
