<?xml version="1.0" ?>
<doc>
	<title verify="true" type="text" auto="true">Cyberpunk 2077 для PS5 и Xbox Series X/S может задержаться</title>
	<date verify="true" type="date" auto="true">2020-12-14</date>
	<author verify="true" type="text" auto="true">Андрей Галадей</author>
	<text verify="true" type="cdata" auto="true">![CDATA[['Вокруг Cyberpunk 2077 назревает новая проблема. По данным западных СМИ, версия для PS5 и Xbox Series X/S может задержаться. Об этом в интервью заявил вице-президент по развитию бизнеса CD Projekt RED Михал Новаковский. По его словам, игра может не выйти в 2021 году, поскольку студия не определилась с дедлайнами. При этом в компании заявили, что версии с обратной совместимостью на некстгенах будут работать лучше, чем на PS4 и Xbox One. Это подтверждается тестовыми роликами Digital Foundry, где видно, что игра действительно не слишком хорошо чувствует себя на старых приставках. Вот так выглядит тест на PS4/PS4 Pro: А так — на PS5 и Xbox Series X/S: Интересно, что многие пользователи уже начали требовать от Sony возврата средств за игру. Кому-то это удалось, кому-то нет. Их примеру последовали и другие — не только в PS Store, но также в Microsoft Store и даже в Steam. Помимо этого, появилась информация, что японская корпорация подаст в суд на CDPR. А буквально несколько минут назад было опубликовано официальное заявление разработчиков, где они признают наличие проблем и рассказывают о планах и сроках их решения. Надо признать, такая позиция вызывает уважение.']]]</text>
	<tags verify="true" type="list" auto="true">
		<tag>CD Projekt RED</tag>
		<tag>Cyberpunk 2077</tag>
	</tags>
	<source verify="true" type="text" auto="true">GameSpot</source>
	<href verify="true" type="text" auto="true">https://the-geek.ru/news/cyberpunk-2077-dlya-ps5-i-xbox-series-x-s-mozhet-zaderzhatsya</href>
</doc>
