<?xml version="1.0" ?>
<doc>
	<title verify="true" type="text" auto="true">Cyberpunk 2077 запустили на 8K-телевизоре</title>
	<date verify="true" type="date" auto="true">2020-12-10</date>
	<author verify="true" type="text" auto="true">Андрей Галадей</author>
	<text verify="true" type="cdata" auto="true">![CDATA[['Ведущий YouTube-канала Linus Tech Tips проверил мощность современной видеокарты NVIDIA RTX 3080, запустив новую игру Cyberpunk 2077 на телевизоре с разрешением 8K.Тестовый компьютер получил также процессор Ryzen 9 5950X. Выяснилось, что конфигурации хватает на запуск игры, но для получения стабильных 60FPS потребовалось уменьшить графические настройки до низких/средних. А вот если задействовать технологию умного сглаживания DLSS, которая программным способом повышает разрешение изображения, то можно играть даже на высоких. Отметим, что только одна видеокарта такой мощности будет стоить порядка 100 тысяч рублей. Не меньше придётся отдать ещё и за 8K-телевизор.']]]</text>
	<tags verify="true" type="list" auto="true">
		<tag>Cyberpunk 2077</tag>
	</tags>
	<source verify="true" type="text" auto="true">YouTube</source>
	<href verify="true" type="text" auto="true">https://the-geek.ru/news/cyberpunk-2077-zapustili-na-8k-televizore</href>
</doc>
