<?xml version="1.0" ?>
<doc>
	<title verify="true" type="text" auto="true">Cекс-игрушки могут быть взломаны для получения доступа к фото и видео</title>
	<date verify="true" type="date" auto="true">2020-12-04</date>
	<author verify="true" type="text" auto="true">Андрей Галадей</author>
	<text verify="true" type="cdata" auto="true">![CDATA[['Компания ESET опубликовала отчёт о трендах кибербезопасности 2021 года. Помимо слабых паролей, вирусов-вымогателей и тому подобного, специалисты заявили, что секс-игрушки могут стать источником утечки данных. Причём возможен доступ к фото, видео и персонально данным, а также перехват управления. Само собой, речь идёт об умных гаджетах. Как оказалось, у них есть куча недостатков безопасности. Эксперименты показали, что всё вышеперечисленное возможно. А учитывая, что продажи умных секс-игрушек растут, это скоро станет глобальной проблемой. Одним из векторов атаки является уязвимость Bluetooth Low Energy (BLE). Через неё можно перехватить связь между смартфоном и устройством, между приложением и облаком или между смартфоном и облаком. Ожидается, что в 2021 году вырастет количество программ-вымогателей и атак с помощью бесфайлового ПО. Остаётся надеяться, что разработчик таких гаджетов прислушаются к мнению экспертов.']]]</text>
	<tags verify="true" type="list" auto="true">
		<tag>ESET</tag>
		<tag>Безопасность</tag>
		<tag>Кибербезопасность</tag>
	</tags>
	<source verify="true" type="text" auto="true">ESET</source>
	<href verify="true" type="text" auto="true">https://the-geek.ru/news/eksperty-eset-soobshhayut-ob-uyazvimosti-umnyh-seks-igrushek</href>
</doc>
