<?xml version="1.0" ?>
<doc>
	<title verify="true" type="text" auto="true">Epic Games Store представила постоянный скидочный купон</title>
	<date verify="true" type="date" auto="true">2021-05-24</date>
	<author verify="true" type="text" auto="true">Михаил Дулуб</author>
	<text verify="true" type="cdata" auto="true">![CDATA[['Сейчас в Epic Games Store стартовала ежегодная распродажа игр. Но не только этим может гордиться магазин. На этот раз всем пользователям предоставляется скидочный купон на 10 долларов. И если вы подумали, что это мало, то вам следует ознакомиться с его полным условием. По этому купону можно приобрести любую игру, цена которой не меньше 15 долларов. Более того, этот купон будет действовать на постоянной основе. То есть, после покупки игры, у вас генерируется еще один такой же купон, на который можно купить еще одну такую игру и так до бесконечности. Но есть и исключения. Так, под действия купона не попадают покупки DLC и предварительные заказы. На данный момент скидочный купон можно задействовать, купив одну из игр, на которую сейчас действует скидка. А это: Kingdom Hearts, Outriders и нашумевший Cyberpunk 2077. Также есть удобный поисковый фильтр, который отсортирует интересующие вас предложения в магазине. Однако стоит помнить, что такие щедрые распродажи идут недолго. На данном этапе скидки будут удалены 17 июня.']]]</text>
	<tags verify="true" type="list" auto="true">
		<tag>Epic Games Store</tag>
	</tags>
	<source verify="true" type="text" auto="true">Neowin</source>
	<href verify="true" type="text" auto="true">https://the-geek.ru/news/epic-games-store-predstavila-postoyannyj-skidochnyj-kupon</href>
</doc>
