<?xml version="1.0" ?>
<doc>
	<title verify="true" type="text" auto="true">Epic Games анонсировала распродажу в EGS и показ новых игр</title>
	<date verify="true" type="date" auto="true">2021-02-09</date>
	<author verify="true" type="text" auto="true">Вадим Майков</author>
	<text verify="true" type="cdata" auto="true">![CDATA[['Epic Games анонсировала презентацию новых игр, которые выйдут в EGS в этом году. Также вместе с этим запланирована крупная распродажа игр. Презентация пройдет в Twitch на канале Epic Games 11 февраля в 22:00 мск. Распродажа стартует за несколько часов до основного мероприятия – 19:00 мск. Список игр уже опубликован в Epic Games Store, но без учёта скидок. Предварительный размер скидки будет таким: Распродажа в Epic Games Store продлится до 25 февраля.']]]</text>
	<tags verify="true" type="list" auto="true">
		<tag>Epic Games</tag>
		<tag>Распродажа</tag>
	</tags>
	<source verify="true" type="text" auto="true">Epicgames</source>
	<href verify="true" type="text" auto="true">https://the-geek.ru/news/epic-games-anonsirovala-rasprodazhu-v-egs-i-pokaz-novyh-igr</href>
</doc>
