<?xml version="1.0" ?>
<doc>
	<title verify="true" type="text" auto="true">Epic Games и Samsung снова пошутили над Apple</title>
	<date verify="true" type="date" auto="true">2020-12-22</date>
	<author verify="true" type="text" auto="true">Андрей Галадей</author>
	<text verify="true" type="cdata" auto="true">![CDATA[['В конце лета из магазинов App Store и Google Play убрали популярную игру Fortnite. Это произошло из-за появления своей системы оплаты внутри игры. Технологические гиганты не захотели упускать выгоду (комиссия за переводы составляет 30%), потому удалили игру у себя. Теперь же Epic Games и Samsung решили отомстить компаниям. Они разослали блогерам набор мерча Free Fortnite в коробке, которая очень напоминает упаковку продукции Apple. В комплекте есть куртка с надписью Free Fortnite и логотипом в виде радужной ламы (намёк на старый логотип Apple) и планшет Samsung Galaxy Tab S7. Также там есть записка, где говорится, что Fortnite стала игрой года по версии Samsung Galaxy Store. Напомним, что ранее Epic Games студия выпустила короткометражку Nineteen Eighty-Fortnite. Это пародия на фильм Apple «1984», где показали компьютер Macintosh.']]]</text>
	<tags verify="true" type="list" auto="true">
		<tag>Apple</tag>
		<tag>Epic Games</tag>
		<tag>Samsung</tag>
	</tags>
	<source verify="true" type="text" auto="true"/>
	<href verify="true" type="text" auto="true">https://the-geek.ru/news/epic-games-i-samsung-snova-poshutili-nad-apple</href>
</doc>
