<?xml version="1.0" ?>
<doc>
	<title verify="true" type="text" auto="true">EZVIZ покажет на международной выставке Securika Moscow 2021 системы видеонаблюдения с ИИ</title>
	<date verify="true" type="date" auto="true">2021-04-07</date>
	<author verify="true" type="text" auto="true">Валентин Снежин</author>
	<text verify="true" type="cdata" auto="true">![CDATA[['На крупнейшей международной выставке средств охраны и оборудования для обеспечения безопасности и противопожарной защиты Securika Moscow 2021, компания EZVIZ представит свои последние продукты. По словам EZVIZ, основной акцент в их продуктах делается на строгое соблюдение стандартов качества, комплекс интеллектуального видеонаблюдения, наличие собственной облачной платформы EZVIZ Cloud, а также широкая линейка продуктов и технологий для обеспечения безопасности дома и бизнеса. Какие продукты представит EZVIZ на Securika Moscow 2021: Системы видеонаблюдения и умного контроля за домом как никогда актуальны в наше время в России и популярность систем “умной” охраны постоянно возрастает. Так, начиная с 2019 года, рост продаж систем видеонаблюдения в России вырос на 19% и достиг отметки в 76 млрд. рублей, а наша страна вошла в тройку крупнейших мировых держав по проценту продаж камер видеонаблюдения. Мероприятие Securika Moscow 2021 пройдёт в Москве в МВЦ «Крокус Экспо» с 13 по 16 апреля 2021 года.']]]</text>
	<tags verify="true" type="list" auto="true">
		<tag>EZVIZ</tag>
	</tags>
	<source verify="true" type="text" auto="true">The GEEK</source>
	<href verify="true" type="text" auto="true">https://the-geek.ru/news/ezviz-anonce-sistemy-video</href>
</doc>
