<?xml version="1.0" ?>
<doc>
	<title verify="true" type="text" auto="true">Facebook подает иск в суд на Apple</title>
	<date verify="true" type="date" auto="true">2021-02-26</date>
	<author verify="true" type="text" auto="true">Михаил Дулуб</author>
	<text verify="true" type="cdata" auto="true">![CDATA[['На IT-рынке воспламеняется огонь между двумя гигантами этой сферы: Facebook и Apple. Мы знаем, что различные компании интересуются личными данными пользователей, чтобы подсунуть им персональную рекламу, основываясь на их интересах. Недавно в Apple произошли изменения, направленные на конфиденциальность пользователя. Это, естественно, не понравилось Facebook, которая лишилась отслеживания личных данных и интересов пользователей. Теперь им нужно выпрашивать эти данные. А поэтому представители Facebook подали иск в суд, ссылаясь на антиконкурентное поведение компании. Но и это еще не предел конфронтаций между компаниями. Не так давно стартовала новая рекламная кампания, которая направлена, как заявляют в Facebook, на помощь малому бизнесу. Такое решение многие расценивают как подталкивание пользователей раскрывать личные данные, которые будут использоваться для рекламы. Кстати, насчет видеоролика, который просвещает пользователей относительно помощи малому бизнесу. На этом видеоролике отсутствуют комментарии, так как они закрыты. Более того, больше дизлайков, чем лайков. Если честно, то Facebook действительно перегибают палку с рекламой, которая находится повсеместно. А поэтому, как бы они не завуалировали эту проблему, вряд ли кто-то действительно будет гореть желанием раскрывать свои данные.']]]</text>
	<tags verify="true" type="list" auto="true">
		<tag>Apple</tag>
		<tag>Facebook</tag>
	</tags>
	<source verify="true" type="text" auto="true">Gsmarena</source>
	<href verify="true" type="text" auto="true">https://the-geek.ru/news/facebook-podaet-isk-v-sud-na-apple</href>
</doc>
