<?xml version="1.0" ?>
<doc>
	<title verify="true" type="text" auto="true">Facebook отрицает блокировку аккаунта Signal после слива данных</title>
	<date verify="true" type="date" auto="true">2021-05-06</date>
	<author verify="true" type="text" auto="true">Андрей Галадей</author>
	<text verify="true" type="cdata" auto="true">![CDATA[['Компания Facebook опровергла данные о блокировке рекламного аккаунта мессенджера Signal в социальной сети. Ранее стало известно, что его забанили после публикации того, какие данные собирает Facebook. Представитель соцсети Джо Осборн заявил, что этот скриншот сделали в марте, после чего аккаунт заблокировали, но по иной причине — из-за проблем с платежами. А рекламная кампания Signal так и не была запущена. Ранее мы писали, что в своей рамках рекламной кампании, разработанной для Instagram, представители Signal сообщили, как именно Facebook предлагает таргетированную рекламу и какие данные собирает для этого.  ']]]</text>
	<tags verify="true" type="list" auto="true">
		<tag>Facebook</tag>
		<tag>Signal</tag>
	</tags>
	<source verify="true" type="text" auto="true">Коммерсант</source>
	<href verify="true" type="text" auto="true">https://the-geek.ru/news/facebook-otriczaet-blokirovku-akkaunta-signal-posle-sliva-dannyh</href>
</doc>
