<?xml version="1.0" ?>
<doc>
	<title verify="true" type="text" auto="true">Facebook готовит браслет для виртуальной реальности</title>
	<date verify="true" type="date" auto="true">2021-03-19</date>
	<author verify="true" type="text" auto="true">Андрей Галадей</author>
	<text verify="true" type="cdata" auto="true">![CDATA[['Компания Facebook показала свой вариант системы управления для виртуальной и дополненной реальности. Это особый браслет, который позволяет пользователям взаимодействовать с виртуальным миром. При это он отслеживать электрическую активность мышц и, фактически, предугадывать движения. Согласно сообщению компании, это позволит пользователям взаимодействовать с виртуальным миром с помощью движений пальцев или «интеллектуальных щелчков». Также это позволит манипулировать виртуальными объектами. Само собой, это пока только прототип, о коммерческой версии данных пока нет.']]]</text>
	<tags verify="true" type="list" auto="true">
		<tag>Facebook</tag>
		<tag>Виртуальная реальность</tag>
		<tag>дополненная реальность</tag>
	</tags>
	<source verify="true" type="text" auto="true">Facebook</source>
	<href verify="true" type="text" auto="true">https://the-geek.ru/news/facebook-gotovit-braslet-dlya-virtualnoj-realnosti</href>
</doc>
