<?xml version="1.0" ?>
<doc>
	<title verify="true" type="text" auto="true">Fisker будет производить электромобили</title>
	<date verify="true" type="date" auto="true">2021-05-15</date>
	<author verify="true" type="text" auto="true">Михаил Дулуб</author>
	<text verify="true" type="cdata" auto="true">![CDATA[['За электромобилями будущее. По крайней мере, так считают многие. Это подтверждают компании, которые стали больше интегрироваться в эту сферу. Теперь компания Fisker заключила партнерскую сделку с Foxconn о совместном производстве электромобилей. Первый завод должен быть открыт в США и скорее всего, в штате Висконсин уже в 2023 году. Руководитель компании Fisker уверяет, что за год будет выпущено 150 тыс. автомобилей. Это сотрудничество фигурирует в новостях еще под названием «Project PEAR», что переводится, как персональная электрическая автомобильная революция. Ожидается, что именно Foxconn станет поставщиком микросхем и чипов для управления электромобилем. А вот какой тип транспортного средства выйдет на поток, неизвестно. Хотя многие подозревают, что это будет пятиместный седан, с ценником не выше 30 тыс. долларов. Хотя в других источниках упоминается кроссовер.']]]</text>
	<tags verify="true" type="list" auto="true">
		<tag>Fisker</tag>
		<tag>Электромобиль</tag>
	</tags>
	<source verify="true" type="text" auto="true">Reuters</source>
	<href verify="true" type="text" auto="true">https://the-geek.ru/news/fisker-budet-proizvodit-elektromobili</href>
</doc>
