<?xml version="1.0" ?>
<doc>
	<title verify="true" type="text" auto="true">Flash всё. Adobe начала блокировать воспроизведение контента в этом формате</title>
	<date verify="true" type="date" auto="true">2021-01-12</date>
	<author verify="true" type="text" auto="true">Андрей Галадей</author>
	<text verify="true" type="cdata" auto="true">![CDATA[['Похоже, что Adobe Flash Player окончательно уходит в историю. Поддержка его прекратилась 31 декабря 2020 года, а теперь компания начала блокировать и контент, созданный на «флеше». А страница для скачивания перенаправляет пользователей на объявление о «конце жизненного цикла». Таким образом, технология окончательно уходит в прошлое. Отметим, что отказ от Flash в пользу HTML5 начался ещё в далёком 2015 году, когда Adobe попросила разработчиков начать переход на новые инструменты. А в 2017 году компания официально объявила о планах по закрытию технологии. При этом есть несколько бесплатных альтернатив, которые создают фанаты. А портал Internet Archive активно сохраняет данные.']]]</text>
	<tags verify="true" type="list" auto="true">
		<tag>Adobe</tag>
	</tags>
	<source verify="true" type="text" auto="true"/>
	<href verify="true" type="text" auto="true">https://the-geek.ru/news/flash-vsyo-adobe-nachala-blokirovat-vosproizvedenie-kontenta-v-etom-formate</href>
</doc>
