<?xml version="1.0" ?>
<doc>
	<title verify="true" type="text" auto="true">Ford представил новогодний свитер для велосипедистов</title>
	<date verify="true" type="date" auto="true">2020-12-20</date>
	<author verify="true" type="text" auto="true">Андрей Галадей</author>
	<text verify="true" type="cdata" auto="true">![CDATA[['Компания Ford представил концепт необычного свитера для велосипедистов. Он выполнен в новогоднем стиле и призван обезопасить пользователей в тёмное время суток. Новинка украшена изображением оленя Рудольфа, а его красный нос выступает в качестве проектора, который освещает дорогу, создавая «зону безопасности» длиной в полтора метра. Сама зона выполнена в виде ёлки. Эта система позволит участникам дорожного движения соблюдать дистанцию на дороге. Напомним, что ранее был представлен «антивирусный» свитер.']]]</text>
	<tags verify="true" type="list" auto="true">
		<tag>Ford</tag>
	</tags>
	<source verify="true" type="text" auto="true">DailyMail</source>
	<href verify="true" type="text" auto="true">https://the-geek.ru/news/predstavlen-novogodnij-sviter-dlya-velosipedistov</href>
</doc>
