<?xml version="1.0" ?>
<doc>
	<title verify="true" type="text" auto="true">FUJIFILM представила камеру моментальной печати Instax mini 40</title>
	<date verify="true" type="date" auto="true">2021-04-07</date>
	<author verify="true" type="text" auto="true">Елизавета Панявина</author>
	<text verify="true" type="cdata" auto="true">![CDATA[['Компания FUJIFILM представила новую камеру моментальной печати Instax mini 40, которая пополнит основную линейку устройств mini-формата. Дизайн корпуса камеры выполнен в стиле классических фотоаппаратов Fujifilm. Новинка представлена в черном цвете. Вместе с камерой компания представила новый концептуальный вид пленки для моментальных снимков “Contact Sheet” instant mini film. Новинка выполнена в классическом стиле в черном цвете. Для селфи используется встроенное зеркальце на объективе, а функция медленной синхронизации вспышки поможет во время съемки при плохом освещении. Также в камере есть режим автоотключения, который отключает камеру через 5 минут после вывода последнего снимка. Ключевые характеристики Instax mini 40: По сложившейся доброй традиции бренда Instax вместе с запуском новой камеры расширяется ассортимент картриджей с необычным принтом на рамке. Пленка “Contact Sheet” выполнена в стиле узнаваемого всеми отпечатка с оранжевыми яркими цифрами, получаемого при контактном способе печати. Внизу каждой рамочки есть номер кадра. Всего предлагается 70 номеров. В одном картридже случайным образом собраны 10 из них. Стоимость Instax mini 40 в России составит 8 990 рублей. Приобрести камеру можно на официальном сайте instax.']]]</text>
	<tags verify="true" type="list" auto="true">
		<tag>Fujifilm</tag>
		<tag>Instax</tag>
	</tags>
	<source verify="true" type="text" auto="true">The GEEK</source>
	<href verify="true" type="text" auto="true">https://the-geek.ru/news/predstavlena-kamera-momentalnoj-pechati-instax-mini-40</href>
</doc>
