<?xml version="1.0" ?>
<doc>
	<title verify="true" type="text" auto="true">Fujifilm Instax и Nintendo представили новое приложение и принтер Instax mini Link</title>
	<date verify="true" type="date" auto="true">2021-04-22</date>
	<author verify="true" type="text" auto="true">Вадим Майков</author>
	<text verify="true" type="cdata" auto="true">![CDATA[['Теперь у пользователей популярного игрового устройства Nintendo Switch появилась возможность использовать его совместно с принтером для смартфонов Instax mini Link («Link»). Это принципиально новые возможности печати. Новое специализированное приложение для смартфонов позволяет осуществлять печать из мира компьютерных игр на принтере Link. Пользователи смогут сохранить скриншоты различных сцен, такие как памятные моменты в игре Animal Crossing: New Horizons, интересные ситуации, возникшие при прохождении очередного уровня в игре Super Mario, лучшие кадры героев и встреч с редкими персонажами в игре New Pokémon Snap2. Специальное приложение для смартфонов Instax mini Link for Nintendo Switch позволяет распечатать скриншоты игры с консоли Nintendo Switch на принтере Link, выполнив простую операцию, включающую считывание QR-кода, отображаемого на консоли Nintendo Switch. Экранный интерфейс приложения можно выбрать из трех вариантов для популярных игр Animal Crossing: New Horizons, Super Mario и New Pokémon Snap. Тематические рамки в стилистике этих игр добавлены в популярную функцию принтера Frame Print. Специальное приложение для смартфонов может бесплатно загрузить любой пользователь, включая пользователей текущей линейки принтеров Link. Также будет расширена коллекция цветовых решений для принтера Instax mini Link. В продажу поступит новое устройство в корпусе с фирменными цветами консоли Nintendo (красный, белый, синий). В честь выхода игры New Pokémon Snap в продажу поступят специальные лимитированные комплекты с силиконовым чехлом в виде персонажа Пикачу. В рамках сотрудничества будет выпущено совместное приложение, а также лимитированная версия принтера моментальной печати Instax mini Link в фирменных цветах Nintendo  и силиконовым чехлом в виде персонажа Пикачу. Instax mini Link – 9 490 рублей;\nInstax mini Link + чехол Пикачу – 10 990 рублей.']]]</text>
	<tags verify="true" type="list" auto="true">
		<tag>Fujifilm</tag>
		<tag>Instax</tag>
	</tags>
	<source verify="true" type="text" auto="true">The GEEK</source>
	<href verify="true" type="text" auto="true">https://the-geek.ru/news/fujifilm-instax-i-nintendo-predstavili-novoe-prilozhenie-i-printer-instax-mini-link</href>
</doc>
