<?xml version="1.0" ?>
<doc>
	<title verify="true" type="text" auto="true">Galaxy Buds Pro получили второе обновление, улучшающее активное шумоподавление</title>
	<date verify="true" type="date" auto="true">2021-02-09</date>
	<author verify="true" type="text" auto="true">Вадим Майков</author>
	<text verify="true" type="cdata" auto="true">![CDATA[['Samsung Galaxy Buds Pro, пожалуй, одни из лучших беспроводных наушников, которые можно купить сейчас на рынке. С их релиза прошло не так много времени, а Samsung уже выпускает обновление, второе за этот месяц. Апдейт под номером R190XXU0AUB3 весит всего 2.20 МБ и приносит улучшения активного шумоподавления (ANC) и Ambient Sound. Ниже представлен полный список изменений: Samsung Galaxy Buds Pro по цене 18 тысяч рублей пришли на смену Galaxy Buds + и Galaxy Buds Live, выпущенным в прошлом году. Они имеют интеллектуальный режим ANC, который позволяет регулировать уровень звука в зависимости от окружающей среды, а также приглушать звук и активировать микрофоны, если услышат голос пользователя. Наушники также оснащены технологией Dolby Head Tracking, которая обеспечивает звук на 360° при просмотре (поддерживаемого) видео или фильма. Датчики, встроенные в наушники, определяют направление звука, когда пользователь двигает головой.']]]</text>
	<tags verify="true" type="list" auto="true">
		<tag>Samsung</tag>
	</tags>
	<source verify="true" type="text" auto="true">Sammobile</source>
	<href verify="true" type="text" auto="true">https://the-geek.ru/news/galaxy-buds-pro-vtoroe-obnovlenie-uluchshayushhee-aktivnoe-shumopodavlenie</href>
</doc>
