<?xml version="1.0" ?>
<doc>
	<title verify="true" type="text" auto="true">Galaxy F62 — появились данные о смартфоне</title>
	<date verify="true" type="date" auto="true">2021-02-04</date>
	<author verify="true" type="text" auto="true">Михаил Дулуб</author>
	<text verify="true" type="cdata" auto="true">![CDATA[['Модель Galaxy F62 — о ней мы уже слышали, правда более подробных характеристики в сети найти не удавалось. Представители южнокорейского бренда уверенно хранят информацию об устройстве. А вот отчет ресурса IANS немного приоткрыл завесу тайны и обозначил некоторые преимущества Galaxy F62. Так, сообщается, что смартфон должен появится в Индии в середине этого месяца. Что же получат его будущие обладатели? В наличии у них будет смартфон с емким аккумулятором на 7 000 мАч. Что касается стоимости, то этот смартфон обойдется им в 340 долларов. Что касается памяти, то здесь будет наличествовать 6 ГБ ОЗУ+128 ГБ ПЗУ. Также стало известно о наличии Super AMOLED-дисплея с диагональю 6,7 дюймов и пока неизвестным разрешением. Если раньше была уверенность, что аппарат получит собственный чипсет Exynos, то сейчас благодаря утечке из Geekbench известна модель – Exynos 9825.']]]</text>
	<tags verify="true" type="list" auto="true">
		<tag>Exynos 9825</tag>
		<tag>Galaxy F62</tag>
		<tag>Samsung</tag>
	</tags>
	<source verify="true" type="text" auto="true">Gsmarena</source>
	<href verify="true" type="text" auto="true">https://the-geek.ru/news/galaxy-f62-poyavilis-dannye-o-smartfone</href>
</doc>
