<?xml version="1.0" ?>
<doc>
	<title verify="true" type="text" auto="true">Galaxy M62 прошел сертификацию в FCC</title>
	<date verify="true" type="date" auto="true">2021-01-17</date>
	<author verify="true" type="text" auto="true">Михаил Дулуб</author>
	<text verify="true" type="cdata" auto="true">![CDATA[['Компания Samsung продолжает развивать собственную линейку долгоиграющих смартфонов. На этот раз появилась информация, касающаяся модели Galaxy M62, которая засветилась в сертификационном агентстве FCC. Интересно, что в характеристиках модели под номером SM-M62F/DS значится аккумулятор на 7 000 мАч. Кроме того, есть упоминание о наличии поддержки зарядного устройства, мощностью 25 Вт и присутствии аудиозаръема. Конечно, информацию еще стоит перепроверить, но сайт регулирующего органа США также содержит информацию о модели с кодовым номером SM-E625F/DS, что с большой долей вероятности и является Galaxy F62. Если и будут какие-то различия в устройствах, то скорее всего, производитель готовит их для разных рынков. Так как на сайте FCC нет информации о характеристиках устройства, следует обратиться к помощи другого ресурса – Geekbench. Если верить информации на этом сайте, то аппарат получил чипсет Exynos 9825, 6 ГБ ОЗУ, а также платформу Android 11. Кстати, еще недавно многие думали, что эта модель с номером SM-M62F/DS, ничто иное, как планшет, но FCC уверяет, что это смартфон.']]]</text>
	<tags verify="true" type="list" auto="true">
		<tag>Galaxy M62</tag>
		<tag>Samsung</tag>
	</tags>
	<source verify="true" type="text" auto="true">Gsmarena</source>
	<href verify="true" type="text" auto="true">https://the-geek.ru/news/galaxy-m62-proshel-sertifikacziyu-v-fcc</href>
</doc>
