<?xml version="1.0" ?>
<doc>
	<title verify="true" type="text" auto="true">Galaxy M12 появился на рендерах</title>
	<date verify="true" type="date" auto="true">2021-01-02</date>
	<author verify="true" type="text" auto="true">Михаил Дулуб</author>
	<text verify="true" type="cdata" auto="true">![CDATA[['В ближайших планах у корейцев из Samsung значится анонс линейки Galaxy S21. Это мероприятие запланировано на 14 января. Правда, в стороне осталось другое, не менее интересное событие – представление нового смартфона. Им может стать одна из моделей в линейке Galaxy M. Правда, это действо состоится в Индии и исключительно для рынка этой страны. Ориентировочно данной событие произойдет через неделю. Что касается самого девайса, то он получит большой экран, на котором можно видеть вырез под селфи-камеру. Вся эта информация стала доступна благодаря просочившемуся изображению устройства. Также исходя из этого изображения стало известно, что кнопка включения и регулировки громкости будут расположены на правой боковой панели. Также отметим наличие хэштега #MAXUP, который как бы намекает на достаточно емкую батарею. Кстати, в сети уже появились слухи, будто бы перед нами не анонсированный ранее Galaxy M12. Но это маловероятно, так как на ранее просочившихся рендерах в сеть, аппарат имеет другую конструкцию дактилоскопического сканера, который встроен в кнопку включения смартфона.']]]</text>
	<tags verify="true" type="list" auto="true">
		<tag>Galaxy M12</tag>
		<tag>Galaxy S21</tag>
		<tag>Samsung</tag>
	</tags>
	<source verify="true" type="text" auto="true">Gsmarena</source>
	<href verify="true" type="text" auto="true">https://the-geek.ru/news/galaxy-m12-poyavilsya-na-renderah</href>
</doc>
