<?xml version="1.0" ?>
<doc>
	<title verify="true" type="text" auto="true">Google и Samsung сделают Wear OS лучше</title>
	<date verify="true" type="date" auto="true">2021-05-19</date>
	<author verify="true" type="text" auto="true">Михаил Дулуб</author>
	<text verify="true" type="cdata" auto="true">![CDATA[['Представители двух крупнейших брендов объединились с единственной целью — сделать операционную систему для носимых устройств лучше. Это было объявлена сразу после того, как представители Samsung отказались от использования в своих умных устройствах ОС Tizen. Основная работа будет направлена на увеличение времени автономной работы, а Samsung знает, как это сделать. Также внимание будет уделено и производительности. Разработчики заявляют, что им вполне по силам сделать так, чтобы приложения запускались на 30% быстрее, чем сейчас. А вот для увеличения времени автономной работы, будут использоваться ядра с низким потреблением энергии аккумулятора. Еще одно внедряемое новшество — это возможность настройки пользовательского интерфейса, ведь это одна из важнейших функций. Для этих целей будет создан функционал, в виде нажатия на одну из кнопок, который активирует ярлыки, для назначения определенных действий. Не обошли разработчики стороной и возможность слежения за здоровьем. Так, появится инструмент, который будет отслеживать процесс улучшения вашего самочувствия за определенное время.']]]</text>
	<tags verify="true" type="list" auto="true">
		<tag>Google</tag>
		<tag>Wear OS</tag>
	</tags>
	<source verify="true" type="text" auto="true">Gsmarena</source>
	<href verify="true" type="text" auto="true">https://the-geek.ru/news/google-i-samsung-sdelayut-wear-os-luchshe</href>
</doc>
