<?xml version="1.0" ?>
<doc>
	<title verify="true" type="text" auto="true">Google показала, как менялась Земля за 37 лет</title>
	<date verify="true" type="date" auto="true">2021-04-16</date>
	<author verify="true" type="text" auto="true">Андрей Галадей</author>
	<text verify="true" type="cdata" auto="true">![CDATA[['Компания Google запустила новую функцию Timelapse в своём сервисе Google Планета Земля. Она позволяет за несколько секунд увидеть, как менялась наша планета с 1984 по 2020 годы. В компании отметили, что хотели показать, как человек разрушает экосистему планеты. Посмотреть на таймлапс можно здесь. А без загрузки сервиса видео доступны на YouTube. Сервис предлагает пять экскурсий, которые посвящены сокращению площади лесов, росту городской инфраструктуры, глобальному потеплению, урону от добычи полезных ископаемых и возобновляемым источникам энергии. Основой для этого послужили более 24 миллионов спутниковых снимков с разрешением более 400 миллионов мегапикселей.']]]</text>
	<tags verify="true" type="list" auto="true">
		<tag>Google</tag>
	</tags>
	<source verify="true" type="text" auto="true">Engadget</source>
	<href verify="true" type="text" auto="true">https://the-geek.ru/news/google-pokazala-kak-menyalas-zemlya-za-37-let</href>
</doc>
