<?xml version="1.0" ?>
<doc>
	<title verify="true" type="text" auto="true">Google сбоит по всему миру. Не работает YouTube и не только</title>
	<date verify="true" type="date" auto="true">2020-12-14</date>
	<author verify="true" type="text" auto="true">Андрей Галадей</author>
	<text verify="true" type="cdata" auto="true">![CDATA[['В работе сервисов Google произошёл сбой. На данный момент не функционируют «Документы», «Таблицы», Gmail, YouTube, Google Drive, Google Play и другие сервисы. Помимо этого, почта работает с перебоями. Причина сбоя пока не сообщается. Похоже, что проблем глобальна. По данным Down Detector, сбои отмечены в Европе, США, задели Москву, Санкт-Петербург и некоторые другие города.']]]</text>
	<tags verify="true" type="list" auto="true">
		<tag>Google</tag>
	</tags>
	<source verify="true" type="text" auto="true">Down Detector</source>
	<href verify="true" type="text" auto="true">https://the-geek.ru/news/google-sboit-po-vsemu-miru-ne-rabotaet-youtube-i-ne-tolko</href>
</doc>
