<?xml version="1.0" ?>
<doc>
	<title verify="true" type="text" auto="true">Google будет удалять старые документы, таблицы и письма</title>
	<date verify="true" type="date" auto="true">2020-12-17</date>
	<author verify="true" type="text" auto="true">Андрей Галадей</author>
	<text verify="true" type="cdata" auto="true">![CDATA[['Компания Google уже не первый день намекает, что будет удалять старые данные с «Google Фото» и «Google Диска». Теперь же появилась информация, что аналогичная участь ожидает документов, таблиц и презентаций, форм и сайтов, а также электронных писем. Если к данным не обращались более двух лет, то система удалит их автоматически. При это за три месяца до удаления пользователей предупредят, что позволит зайти в сервис и открыть нужный файл, продлив его жизненный цикл. При этом пользователи с платной подпиской Google One будут считаться активными во всех сервисах вне зависимости от того, как долго не открывали условные «Google Документы». При этом заявлено, что, если пользователь заходит в Gmail и «Диск», но не пользуется «Фото», по истечении срока будут удалены лишь фотографии. Активностью будут считать открытие страницы в сервисе с помощью браузера или приложения. А вот использование Gmail через сторонний ящик не сработает. Эта система заработает с 1 июня 2021 года. Так что волна удалений начнётся с 1 июня 2023.']]]</text>
	<tags verify="true" type="list" auto="true">
		<tag>Google</tag>
	</tags>
	<source verify="true" type="text" auto="true">Google</source>
	<href verify="true" type="text" auto="true">https://the-geek.ru/news/google-budet-udalyat-starye-dokumenty-tabliczy-i-pisma</href>
</doc>
