<?xml version="1.0" ?>
<doc>
	<title verify="true" type="text" auto="true">Google представила долгожданную ОС Fuschia</title>
	<date verify="true" type="date" auto="true">2021-05-26</date>
	<author verify="true" type="text" auto="true">Андрей Галадей</author>
	<text verify="true" type="cdata" auto="true">![CDATA[['Компания Google запустила-таки давно ожидаемую операционную систему Fuchsia — пока только на умных дисплеях Google Nest Hub первого поколения. Развёртывание займёт несколько месяцев. ОС основана на микроядре Zircon, а не на Linux. На основе последнего построены Android, Chrome OS и Cast OS (ранее эта система использовалась в Nest Hub). Пока неясно, будет ли «Фуксия» использоваться вместо Android, ведь для этого потребуется возможность запуска на ней всех приложений под смартфоны. Или же она останется специализированной системой для Nest Hub и подобных устройств. В компании утверждают, что Fuchsia OS может работать на всех устройствах. В 2019 году прозвучало такое заявление:  В общем, остаётся ждать.']]]</text>
	<tags verify="true" type="list" auto="true">
		<tag>Fuschia</tag>
		<tag>Google</tag>
	</tags>
	<source verify="true" type="text" auto="true">9to5google</source>
	<href verify="true" type="text" auto="true">https://the-geek.ru/news/google-predstavila-os-fuschia</href>
</doc>
