<?xml version="1.0" ?>
<doc>
	<title verify="true" type="text" auto="true">Google откроет свой первый оффлайн-магазин</title>
	<date verify="true" type="date" auto="true">2021-05-20</date>
	<author verify="true" type="text" auto="true">Алексей Авдеев</author>
	<text verify="true" type="cdata" auto="true">![CDATA[['Google решила пойти в розничную торговлю и начнёт она покорять рынок со своим первым оффлайн-магазином, который откроется этим летом в Нью-Йорке. В компании отметили, что в магазине будет широкий ассортимент продуктов Google, а именно смартфоны Pixel, дисплеи Nest, устройства Fitbit и электронные книги Pixelbook. Также будет доступен онлайн-магазин с возможностью забрать свой заказ из физического Google Store. Стоит отметить, что продукты Google проблематично достать на отечественном рынке. Тот же смартфон Pixel можно приобрести только у серых продавцов или через специальный службы доставки заказов из США.']]]</text>
	<tags verify="true" type="list" auto="true">
		<tag>Google</tag>
	</tags>
	<source verify="true" type="text" auto="true">Google</source>
	<href verify="true" type="text" auto="true">https://the-geek.ru/news/google-store-nyc</href>
</doc>
