<?xml version="1.0" ?>
<doc>
	<title verify="true" type="text" auto="true">Grand Theft Auto IV получила мультиплеерный мод</title>
	<date verify="true" type="date" auto="true">2021-04-06</date>
	<author verify="true" type="text" auto="true">Валентин Снежин</author>
	<text verify="true" type="cdata" auto="true">![CDATA[['После отключения GTA IV от сервиса Games for Windows LIVE в игре произошло множество проблемных вещей. Разработчики их не собирались решать, а в сам проект так и не вернулся онлайн-режим. Поэтому решить данную задачи решили создатели модов. Отключение от Games for Windows LIVE произошло в 2014 году. С помощью модификации Grand Theft Auto Connected в GTA IV снова вернулся мультиплеер, а сам мод также отлично работает с GTA III, Vice City и San Andreas. Устаревший сервис Microsoft сильно повлиял на продажи GTA IV. В начале 2020 года разработчикам пришлось удалить игру из собственного магазина и Steam, так как у Rockstar Games закончились лицензионные ключи активации, которые ранее создавались в Games for Windows LIVE. Проблему удалось решить только в марте 2020 года.']]]</text>
	<tags verify="true" type="list" auto="true">
		<tag>GTA</tag>
		<tag>GTA IV</tag>
	</tags>
	<source verify="true" type="text" auto="true">Grand Theft Auto Connected</source>
	<href verify="true" type="text" auto="true">https://the-geek.ru/news/grand-theft-auto-iv-poluchila-multipleernyj-mod</href>
</doc>
