<?xml version="1.0" ?>
<doc>
	<title verify="true" type="text" auto="true">GTA San Andreas получила мод по улучшению всей графики</title>
	<date verify="true" type="date" auto="true">2021-02-15</date>
	<author verify="true" type="text" auto="true">Вадим Майков</author>
	<text verify="true" type="cdata" auto="true">![CDATA[['Легендарная и пожалуй, одна из самых знаменитых игр – GTA San Andreas получила новую жизни. Вернуться к прохождению можно с помощью мода San Andreas Reimagined, который значительно улучшает игровые текстуры с помощью нейросетей. Картинку как в GTA V не получить, но это хоть какой-то способ опробовать старую и добрую GTA на современном ПК. Создатель мода под ником Kadakash отмечает, что его модификация не только улучшает графику, но и повышает звуковые эффекты, а также появляется поддержка широкоформатных мониторов. Кроме того, исправляются баги, но какие именно – не уточняется. Загрузить мод и прочитать инструкцию по его установке можно на сайте Nexus Mods.']]]</text>
	<tags verify="true" type="list" auto="true">
		<tag>GTA</tag>
		<tag>GTA: San Andreas</tag>
	</tags>
	<source verify="true" type="text" auto="true">Nexus Mods</source>
	<href verify="true" type="text" auto="true">https://the-geek.ru/news/gta-san-andreas-poluchila-mod-po-uluchsheniyu-vsej-grafiki</href>
</doc>
