<?xml version="1.0" ?>
<doc>
	<title verify="true" type="text" auto="true">GTA VI может выйти в конце 2023 года</title>
	<date verify="true" type="date" auto="true">2021-05-06</date>
	<author verify="true" type="text" auto="true">Валентин Снежин</author>
	<text verify="true" type="cdata" auto="true">![CDATA[['Поклонники серии GTA с нетерпением ждут появление шестой части и по всей видимости ждать им придётся ещё долго. По информации авторитетного инсайдера, который ранее публиковал верную информацию о будущих фильмах вселенной DC и Star Wars, игру не стоит ждать в ближайшее время. Утверждается, что в 2020 году компания Rockstar во внутренних документах расписывала свои будущие планы и в них значилась GTA VI с релизом на конец 2023 года. Стоит учитывать, что документы были составлены до начала пандемии COVID-19, а значит планы могли измениться в худшую сторону, а именно к сдвигу анонса на 2024 год. Последняя часть GTA V вышла в сентябре 2013 года, а чуть позже состоялся запуск многопользовательской GTA Online. Она до сих пор возглавляет рейтинги, приносит разработчикам огромные деньги, а миллионы геймеров по всему миру ежедневно играют в неё.']]]</text>
	<tags verify="true" type="list" auto="true">
		<tag>GTA Online</tag>
		<tag>GTA V</tag>
		<tag>GTA VI</tag>
	</tags>
	<source verify="true" type="text" auto="true">Twitter</source>
	<href verify="true" type="text" auto="true">https://the-geek.ru/news/gta-vi-2023</href>
</doc>
