<?xml version="1.0" ?>
<doc>
	<title verify="true" type="text" auto="true">GTA Online и Red Dead Online получат крупное обновление</title>
	<date verify="true" type="date" auto="true">2021-05-18</date>
	<author verify="true" type="text" auto="true">Вадим Майков</author>
	<text verify="true" type="cdata" auto="true">![CDATA[['Rockstar Games анонсировала крупное обновления для GTA Online и Red Dead Online. Кроме того, разработчики наконец-то рассказали, когда игры выйдет на консолях PlayStation 5 и Xbox Series X/S. В двух игровых режимах появятся новые локации, задания и даже герои. Апдейт станет доступен в конце мая для всех владельцев лицензионных копий GTA V. Новые версии GTA V и GTA Online для консолей PlayStation 5 и Xbox Series X/S выйдут 11 ноября 2021 года. Пока только известно, что их основное отличие будет в более современной графике. Кроме того, появятся эксклюзивные функции и режимы, но какие именно – неизвестно. Ожидается, что игроки GTA Online получат интересные призы и подарки, которые будут приурочены к 20-летию GTA III.']]]</text>
	<tags verify="true" type="list" auto="true">
		<tag>GTA Online</tag>
		<tag>GTA V</tag>
	</tags>
	<source verify="true" type="text" auto="true">Rockstar Games</source>
	<href verify="true" type="text" auto="true">https://the-geek.ru/news/gta-online-2021</href>
</doc>
