<?xml version="1.0" ?>
<doc>
	<title verify="true" type="text" auto="true">Harley Davidson начнет выпуск электромотоциклов под брендом LiveWire</title>
	<date verify="true" type="date" auto="true">2021-05-11</date>
	<author verify="true" type="text" auto="true">Михаил Дулуб</author>
	<text verify="true" type="cdata" auto="true">![CDATA[['Harley-Davidson один из самых популярных брендов среди производителей мотоциклов. Как и большинство из них компания начала выпуск мотоциклов, не загрязняющих окружающую среду токсичными выбросами — электромотоциклы. Правда, в последнее время похвалиться крупным продажами она не может, а поэтому предпринимает меры по популяризации своей продукции. Так, мотоциклы из LiveWire вскоре отойдут в отдельный бренд. Напомним, что первый мотоцикл в этой экологической линейке вышел три года назад, по цене почти в 30 тысяч долларов. А вот уже окончательный переход в новый бренд состоится в июле этого года. Чем обусловлено такое решение? Скорее всего, этот бренд будет опираться на возможность заинтересованности у более молодого поколения. Это решение должно привести к более успешным продажам. К тому же, производитель намерен создать целую сеть выставочных залов для демонстрации своей продукции, а значит, привлечение к ней внимания. Ожидается, что подобные выставочные залы появятся по всей стране. Также в наличие будет настоящая штаб-квартира, которая будет курировать заказы и поставки продукции клиентам.']]]</text>
	<tags verify="true" type="list" auto="true">
		<tag>Harley-Davidson</tag>
		<tag>LiveWire</tag>
	</tags>
	<source verify="true" type="text" auto="true">Techcrunch</source>
	<href verify="true" type="text" auto="true">https://the-geek.ru/news/harley-davidson-nachnet-vypusk-elektromotocziklov-pod-brendom-livewire</href>
</doc>
