<?xml version="1.0" ?>
<doc>
	<title verify="true" type="text" auto="true">HarmonyOS 2.0 будут использовать минимум три компании</title>
	<date verify="true" type="date" auto="true">2021-05-19</date>
	<author verify="true" type="text" auto="true">Андрей Галадей</author>
	<text verify="true" type="cdata" auto="true">![CDATA[['Мобильная операционная система Harmony OS от Huawei уже давно стала одной из самых обсуждаемых. И, похоже, на новую систему планирует перейти не только Huawei. В рамках саммита Huawei Harmony OS Connect Ян Хайсон, вице-президент подразделения Huawei Consumer Business AI и Smart Full Scenario Business Department, заявил, что три производителя смартфонов будут использовать новую систему. Он не назвал, какие это будут компании, но, судя по ранним утечкам, одной их них может быть Xiaomi. Другие компании в списке — OPPO и Vivo. При этом пока неясно, будут ли предлагаться две прошивки параллельно или же они будут безальтернативны. Также Ян Хайсон отметил, что система сможет работать на любом устройстве с объемом памяти 4-128 ГБ. Релиз самой системы ожидается уже 2 июня. Напомним, что ранее новую систему сравнили с iOS 14 и MIUI 12.5.']]]</text>
	<tags verify="true" type="list" auto="true">
		<tag>HarmonyOS 2.0</tag>
	</tags>
	<source verify="true" type="text" auto="true">Gizchina</source>
	<href verify="true" type="text" auto="true">https://the-geek.ru/news/harmonyos-20-other-companies</href>
</doc>
