<?xml version="1.0" ?>
<doc>
	<title verify="true" type="text" auto="true">HarmonyOS 2.0 оказался лучше Android. Появилось новое видео</title>
	<date verify="true" type="date" auto="true">2020-12-20</date>
	<author verify="true" type="text" auto="true">Андрей Галадей</author>
	<text verify="true" type="cdata" auto="true">![CDATA[['В сети появилось новое видео, которое демонстрирует преимущества HarmonyOS 2.0. Пока что это бета-версия, но даже в ней есть функция, которой лишён Android. По умолчанию в новой ОС есть возможность транслировать экран смартфона на другие устройства. В операционной системе от Google для этого используются сторонние программы. На видео показано, как можно использовать смартфон в качестве пульта ДУ для отображения данных на планшете или телевизоре. Ещё на анонсе Huawei пообещала, что HarmonyOS реализует бесшовную взаимосвязь между различными типами устройств. Речь тогда шла о взаимодействии на аппаратном уровне. К примеру, можно просто прикоснуться смартфоном к бытовому прибору, что обеспечит подключение. Пока что бета доступна для смартфонов Huawei P40, P40 Pro, Mate 30 и Mate 30 Pro, а также для планшета MatePad Pro. В будущем спектр устройств расширится.']]]</text>
	<tags verify="true" type="list" auto="true">
		<tag>Android</tag>
		<tag>HarmonyOS 2.0</tag>
		<tag>HUAWEI</tag>
	</tags>
	<source verify="true" type="text" auto="true">YouTube</source>
	<href verify="true" type="text" auto="true">https://the-geek.ru/news/harmonyos-2-0-okazalsya-luchshe-android-poyavilos-novoe-video</href>
</doc>
