<?xml version="1.0" ?>
<doc>
	<title verify="true" type="text" auto="true">HarmonyOS 2.0 и iOS 14 сравнили по скорости работы</title>
	<date verify="true" type="date" auto="true">2021-05-07</date>
	<author verify="true" type="text" auto="true">Андрей Галадей</author>
	<text verify="true" type="cdata" auto="true">![CDATA[['Появляются всё новые данные о HarmonyOS 2.0. Похоже, эта система сможет составить конкуренцию не только Android, но и iOS. В свежем ролике HarmonyOS 2.0 сравнивают с iOS 14 — не в пользу последней. Судя по видео, операционная система Huawei куда быстрее и отзывчивей, чем прошивка от Apple. Важно понимать, что HarmonyOS 2.0 всё ещё имеет статус беты, так что на релизе она может оказаться ещё лучше. Разница проявляется в скорости запуска тех или иных приложений. Напомним, что ранее мы писали о сравнении HarmonyOS 2.0 и Android с оболочкой EMUI. Похоже, что на рынке может появиться полноценная альтернатива обеим мобильным ОС.']]]</text>
	<tags verify="true" type="list" auto="true">
		<tag>Apple</tag>
		<tag>HarmonyOS 2.0</tag>
		<tag>HUAWEI</tag>
		<tag>iOS 14</tag>
	</tags>
	<source verify="true" type="text" auto="true">YouTube</source>
	<href verify="true" type="text" auto="true">https://the-geek.ru/news/harmonyos-2-0-i-ios-14-sravnili-po-skorosti-raboty</href>
</doc>
