<?xml version="1.0" ?>
<doc>
	<title verify="true" type="text" auto="true">HarmonyOS 2.0 для смартфонов оказалась перелицованной Android 10</title>
	<date verify="true" type="date" auto="true">2021-02-03</date>
	<author verify="true" type="text" auto="true">Андрей Галадей</author>
	<text verify="true" type="cdata" auto="true">![CDATA[['Издание Arstechnica сообщило, что разрекламированная HarmonyOS 2.0 для смартфонов представляет собой Android 10. На это указывает тот факт, что в эмуляторе из состава SDK используется именно «десятка». У эмулированной версии дизайн и другие элементы соответствуют Android 10. Также есть набор типовых приложений, которые точно также соответствуют Android. Любопыно, что ранее в компании Huawei называли HarmonyOS отдельным проектом, который не пересекается с Android и iOS. Сторонние программы также идентифицируют окружение как Android 10 Q, а не HarmonyOS 2.0. Даже если предположить, что утилиты ещё «не знают» о китайской системе, это выглядит странно. А сама среда разработки идентична по интерфейсу и методам работы Android Studio и также основана на IDE Jetbrains IntelliJ. Для сборки же используется Gradle. При этом код HarmonyOS для IoT-устройств отличается. Он основан на своей версии микроядра LiteOS.']]]</text>
	<tags verify="true" type="list" auto="true">
		<tag>Android 10</tag>
		<tag>HarmonyOS 2.0</tag>
		<tag>HUAWEI</tag>
	</tags>
	<source verify="true" type="text" auto="true">Arstechnica</source>
	<href verify="true" type="text" auto="true">https://the-geek.ru/news/harmonyos-2-0-dlya-smartfonov-okazalas-pereliczovannoj-android-10</href>
</doc>
