<?xml version="1.0" ?>
<doc>
	<title verify="true" type="text" auto="true">Hitman 3 получит DLC из семи частей</title>
	<date verify="true" type="date" auto="true">2021-03-24</date>
	<author verify="true" type="text" auto="true">Алексей Авдеев</author>
	<text verify="true" type="cdata" auto="true">![CDATA[['По всей видимости на этой неделе идёт череда неожиданных анонсов и выпусков дополнений для игр. Буквально вчера вышел патч для пятилетнего Serious Sam 2, а сегодня произошел анонс целой серии DLC для свежего Hitman 3. Каждое дополнение будет содержать специальный контракт. Также в первом дополнении будет доступно два новых предмета: дьявольская трость и монета жадности. Стартовое DLC под названием «Жадность» появится 30 марта и обойдётся всего в $5. Следом последуют дополнения «Гордость», «Чревоугодие», «Похоть», «Гнев», «Праздность» и «Зависть». Все части обойдутся в $30. После выхода дополнения в Hitman 3 будет начинаться сезон с платными и бесплатными обновлениями вроде контрактов и ускользающих целей.']]]</text>
	<tags verify="true" type="list" auto="true">
		<tag>Hitman</tag>
	</tags>
	<source verify="true" type="text" auto="true">ioi</source>
	<href verify="true" type="text" auto="true">https://the-geek.ru/news/hitman-3-poluchit-dlc-iz-semi-chastej</href>
</doc>
