<?xml version="1.0" ?>
<doc>
	<title verify="true" type="text" auto="true">HONOR объявил о предновогодних скидках на весь ассортимент</title>
	<date verify="true" type="date" auto="true">2020-12-21</date>
	<author verify="true" type="text" auto="true">Алексей Авдеев</author>
	<text verify="true" type="cdata" auto="true">![CDATA[['Бренд HONOR объявил о запуске предновогодней акции «Вместе с HONOR». С 18 по 30 декабря в официальном интернет-магазине будут действовать скидки на смартфоны, ноутбуки и носимые устройства. Также будут предлагаться дополнительные подарки и бесплатная доставка, а зарегистрированные пользователи смогут получить дополнительную скидку в размере 5%. Например, в рамках акции можно приобрести флагманские смартфоны HONOR 30 Pro+, HONOR 30 со скидкой в размере от 3 000 и до 5 000 рублей соответственно. При добавлении любого из этих флагманов в корзину пользователи также получат два подарка: защитный чехол и смарт-часы HONOR Watch ES, беспроводные наушники HONOR Magic Earbuds или спортивные наушники HONOR AM66 Sport Pro. Акция распространяется и на следующие модели: В акции участвуют также ноутбуки и планшеты. Пользователи смогут приобрести новый игровой ноутбук HONOR HUNTER V700 со скидкой в размере 13 000 рублей, а в подарок получить фирменную мышь, роутер HONOR Router 3, рюкзак, смарт-часы HONOR Watch ES или беспроводные наушники HONOR Magic Earbuds на выбор. Акция в официальном интернет-магазине HONOR продлится до 30 декабря 2020 года.']]]</text>
	<tags verify="true" type="list" auto="true">
		<tag>Honor</tag>
	</tags>
	<source verify="true" type="text" auto="true">HONOR</source>
	<href verify="true" type="text" auto="true">https://the-geek.ru/news/honor-obyavil-o-prednovogodnih-skidkah-na-vse-ustrojstva</href>
</doc>
