<?xml version="1.0" ?>
<doc>
	<title verify="true" type="text" auto="true">Honor убрала сообщение о поддержке сервисов Google во флагмане Honor 50</title>
	<date verify="true" type="date" auto="true">2021-05-26</date>
	<author verify="true" type="text" auto="true">Андрей Галадей</author>
	<text verify="true" type="cdata" auto="true">![CDATA[['Пару дней назад немецкое подразделение Honor сообщило, что смартфоны Honor 50 для глобального рынка получат сервисы Google. Но теперь эту запись удалили. Причины такого решения неизвестны. Представитель компании дал ответ на вопрос пользователя о возвращении сервисов Google в глобальной версии Honor 50. Видимо, эта информация была озвучена слишком рано или же представитель компании ошибся. В любом случае, на данный момент твит удалён, а официальных заявлений или опровержений от компании не поступало.   Отметим, что Honor 50 должен стать первым смартфоном на базе однокристальной системы Snapdragon 778G. Она выполнена по нормам 6 нанометров.']]]</text>
	<tags verify="true" type="list" auto="true">
		<tag>Honor</tag>
		<tag>Honor 50</tag>
	</tags>
	<source verify="true" type="text" auto="true">Slashgear</source>
	<href verify="true" type="text" auto="true">https://the-geek.ru/news/honor-google-honor-50</href>
</doc>
