<?xml version="1.0" ?>
<doc>
	<title verify="true" type="text" auto="true">HONOR представил в России свой первый игровой ноутбук HONOR HUNTER V700</title>
	<date verify="true" type="date" auto="true">2020-11-23</date>
	<author verify="true" type="text" auto="true">Алексей Авдеев</author>
	<text verify="true" type="cdata" auto="true">![CDATA[['Бренд HONOR представил для Российского рынка первый игровой ноутбук HONOR HUNTER V700 в двух модификациях на базе процессоров Intel Core i7-10750H и Intel Core i5-10300H 10-го поколения и дискретными видеокартами NVIDIA GeForce RTX 2060 в топовой комплектации и NVIDIA GeForce GTX 1660 Ti с трассировкой лучей в реальном времени. Новинка в двух комплектациях оснащёна оригинальной системой охлаждения Wind Walley, дисплеем 16,1 дюйма с высокой частотой обновления 144 Гц, оперативной памятью 16 Гб с возможностью расширения до 32 Гб и внутренней памятью на 512 Гб с возможностью расширения благодаря наличию двух слотов для твердотельных накопителей М.2. Предзаказ на новые игровые ноутбуки HONOR HUNTER V700 запланирован на 24 ноября. Стоимость модели с процессором Intel Core i5-10300H, 16 ГБ ОЗУ, твердотельным накопителем на 512 ГБ и видеокартой NVIDIA GeForce GTX 1660 Ti составляет 139 990 рублей. Топовая версия на процессоре Intel Core i7-10750H с 16 ГБ ОЗУ, SSD накопителем на 512 ГБ и видеокартой NVIDIA GeForce RTX 2060 будет продаваться по цене 159 990 рублей. В период предзаказа на официальном сайте интернет-магазина HONOR и других каналах бренда ноутбук в топовой комплектации будет доступен со скидкой 32 000 рублей, а ноутбук на Intel Core i5-10300H со скидкой 20 000 рублей. При оформлении покупки устройства в период предзаказа пользователи получат дополнительную скидку и роутер в подарок.']]]</text>
	<tags verify="true" type="list" auto="true">
		<tag>Honor</tag>
	</tags>
	<source verify="true" type="text" auto="true">HONOR</source>
	<href verify="true" type="text" auto="true">https://the-geek.ru/news/honor-predstavil-v-rossii-svoj-pervyj-igrovoj-noutbuk-honor-hunter-v700</href>
</doc>
