<?xml version="1.0" ?>
<doc>
	<title verify="true" type="text" auto="true">HP представила обновленные ноутбуки ENVY: цены и доступность в России</title>
	<date verify="true" type="date" auto="true">2021-03-23</date>
	<author verify="true" type="text" auto="true">Алексей Авдеев</author>
	<text verify="true" type="cdata" auto="true">![CDATA[['Компания HP представила новые модели ноутбуков – HP ENVY x360 15 иHP ENVY 17 – которые ориентированы на творческих профессионалов и для создателей цифрового контента. Модель HP ENVY x360 15 представляет собой мощный мобильный ноутбук-трансформер, предназначенный для специалистов творческих индустрий. Соотношение размеров корпуса и дисплея составляет 88,7%, а вес устройства 1,8 кг. Ноутбук представлен в модификациях с опциональным 4K OLED экраном, процессором AMD Ryzen 7 или Intel Core 11-го поколения графикой NVIDIA MX450, а также поддерживает Wi-Fi 6 и Bluetooth 5. Также представлена модель HP ENVY 17 в мобильном форм-факторе. Соотношение размеров корпуса и экрана составляет 86,3% при весе 2,5 кг. Ноутбук функционирует на базе мощного процессора Intel Core 11-го поколения, поддерживает работу с Wi-Fi 6 и Bluetooth 5, обладает графикой NVIDIA MX450 и дисплеем с разрешением вплоть до 4K UHD. Также устройство оснащается накопителями PCIe емкостью до 1 ТБ, что гарантирует высокую производительность ноутбука в режиме многозадачности за счет большого объема оперативной памяти – до 32 ГБ. По заявлению HP новые модели ноутбуков ENVY способны предоставить пользователям уникальный творческий опыт благодаря следующим характеристикам: Кроме того, при покупке любого устройства из линейки ENVY пользователь получает 30-дневный бесплатный тестовый доступ к облачным сервисам Adobe Creative Cloud, Premiere Rush, Premiere Pro и Creative Cloud Photography Plan. Информация о ценах и доступности:']]]</text>
	<tags verify="true" type="list" auto="true">
		<tag>HP</tag>
	</tags>
	<source verify="true" type="text" auto="true">The GEEK</source>
	<href verify="true" type="text" auto="true">https://the-geek.ru/news/hp-predstavila-obnovlennye-noutbuki-envy-czeny-i-dostupnost-v-rossii</href>
</doc>
