<?xml version="1.0" ?>
<doc>
	<title verify="true" type="text" auto="true">HTC выпустила VR-шлем Vive Pro 2 с 5K-дисплеем</title>
	<date verify="true" type="date" auto="true">2021-05-12</date>
	<author verify="true" type="text" auto="true">Валентин Снежин</author>
	<text verify="true" type="cdata" auto="true">![CDATA[['Как и ожидалось, компания HTC представила новое поколение своего шлема виртуальной реальности Vive Pro 2. Главная особенность новинки это дисплеи с огромным разрешением 5K (2448×2448 пикселей на каждый глаз, full-RGB LCD) с частотой обновления 120 Гц и углом обзора на 120 градусов. Кроме того, появилась возможность регулировать межзрачковое расстояние и расстояние от глаз до линз и осуществлять подстройку посадки шлема. Встроенные сертифицированные Hi-Res наушники способны обеспечить трёхмерное звучание, что позволит пользователю полностью погрузиться в игровой процесс. Для общения с другими игроками используется два встроенным микрофона. Соединение и обмен данными с устройством происходит через Bluetooth и порт USB-C. Минимальные системные требования: Сейчас HTC Vive Pro 2 доступны для предварительного заказа. В открытую продажу VR-шлем поступит 4 июня за $750, а полным комплект с базовыми станциями и контроллерами обойдётся в $1400.']]]</text>
	<tags verify="true" type="list" auto="true">
		<tag>HTC</tag>
		<tag>Vive</tag>
	</tags>
	<source verify="true" type="text" auto="true">HTC</source>
	<href verify="true" type="text" auto="true">https://the-geek.ru/news/htc-vypustila-vr-shlem-vive-pro-2-s-5k-displeem</href>
</doc>
