<?xml version="1.0" ?>
<doc>
	<title verify="true" type="text" auto="true">HUAWEI объявил о скидках в официальном интернет-магазине</title>
	<date verify="true" type="date" auto="true">2020-11-25</date>
	<author verify="true" type="text" auto="true">Алексей Авдеев</author>
	<text verify="true" type="cdata" auto="true">![CDATA[['Компания HUAWEI присоединилась к проходящей акции «Черная пятница» и объявила о начале скидок и специальных предложений в официальном интернет-магазине. С 25 по 30 ноября в рамках акции «Черная пятница» пользователям предлагаются по специальным ценам смартфоны, носимые устройства, планшеты и аксессуары со скидками до 50%. Максимальная размер скидки в сумму 17 249 рублей будет действовать на флагманский ноутбук HUAWEI MateBook X. Кроме того, при покупке любого ноутбука, в подарок можно будет получить компьютерную мышь, фирменный рюкзак или роутер HUAWEI WiFi AX3. На смартфоны HUAWEI P40 Pro и HUAWEI P40 можно получить скидку составит около 10 тысяч рублей, а мобильные HUAWEI Mate 40 Pro и HUAWEI P30 Pro обойдутся на 8 тысяч рублей дешевле. Кроме того, в акции участвуют: HUAWEI Mate 30 Pro, HUAWEI P40 Pro+, HUAWEI P30/ P30 lite, HUAWEI Nova 5T, новый HUAWEI P smart 2021 и другие модели смартфонов. Акция «Черная пятница» продлится в официальном интернет-магазине HUAWEI до 30 ноября.']]]</text>
	<tags verify="true" type="list" auto="true">
		<tag>HUAWEI</tag>
	</tags>
	<source verify="true" type="text" auto="true"/>
	<href verify="true" type="text" auto="true">https://the-geek.ru/news/huawei-obyavil-o-skidkah-v-oficzialnom-internet-magazine</href>
</doc>
