<?xml version="1.0" ?>
<doc>
	<title verify="true" type="text" auto="true">Huawei готовит умные часы Watch 3</title>
	<date verify="true" type="date" auto="true">2021-05-28</date>
	<author verify="true" type="text" auto="true">Михаил Дулуб</author>
	<text verify="true" type="cdata" auto="true">![CDATA[['На 2 июня компания Huawei запланировала мероприятие, на которому будет представлена новая линейка устройств, работающих на HarmonyOS. В этой линейке мы ожидаем увидеть и умные часы – Huawei Watch 3. Производитель еще не опубликовал технических характеристик новинки, но вот тизеры устройства уже присутствуют в сети, в частности, на ресурсе Weibo. До мероприятия еще есть время, а поэтому не исключено, что компания будет понемногу выкладывать в сеть рендеры, где будут показаны основные возможности обновленного устройства. Из уже известного, стоит выделить поддержку eSIM, то есть возможность совершать звонки. Также производитель намерен значительно увеличить время автономной работы.']]]</text>
	<tags verify="true" type="list" auto="true">
		<tag>HUAWEI</tag>
		<tag>Watch 3</tag>
	</tags>
	<source verify="true" type="text" auto="true">Gsmarena</source>
	<href verify="true" type="text" auto="true">https://the-geek.ru/news/huawei-watch-3</href>
</doc>
