<?xml version="1.0" ?>
<doc>
	<title verify="true" type="text" auto="true">Huawei будет распродавать линейки смартфонов по отдельности для обхода санкций</title>
	<date verify="true" type="date" auto="true">2021-01-25</date>
	<author verify="true" type="text" auto="true">Андрей Галадей</author>
	<text verify="true" type="cdata" auto="true">![CDATA[['СМИ сообщают, что компания Huawei может продать свои флагманские линейки смартфонов P и Mate другому владельцу, чтобы вывести их из-под действия санкций. Это позволит обойти запрет на использование ключевых компонентов американского производства. По данным источника, Huawei уже несколько месяцев в тайне ведёт переговоры с шанхайской группой инвесторов, хотя сама компания не подтверждает этого. Также неясно, на каком этапе находятся эти переговоры и существует ли сделка в принципе. Что касается суммы, то она наверняка составит порядка 40 миллиардов долларов. Примерно столько же (39,7 миллиардов) составила выручка от продажи флагманов в 2019-2020 финансовом году. Отметим, что ранее компания продала суббренд Honor, который уже готовит свой первый смартфон. На данный момент решения Huawei не имеют доступа к сервисам Google и магазину Play Market. Также компании запрещено производить собственные процессоры Hisilicon Kirin на мощностях тайваньской фабрике TSMC. Обновление: Российский офис Huawei опроверг информацию о продаже линеек бренда.']]]</text>
	<tags verify="true" type="list" auto="true">
		<tag>HUAWEI</tag>
		<tag>Смартфон</tag>
	</tags>
	<source verify="true" type="text" auto="true">Reuters</source>
	<href verify="true" type="text" auto="true">https://the-geek.ru/news/huawei-budet-rasprodavat-linejki-smartfonov-po-otdelnosti-dlya-obhoda-sankczij</href>
</doc>
