<?xml version="1.0" ?>
<doc>
	<title verify="true" type="text" auto="true">Huawei станут использовать процессоры MediaTek Dimensity вместо Kirin</title>
	<date verify="true" type="date" auto="true">2020-11-04</date>
	<author verify="true" type="text" auto="true">Михаил Дулуб</author>
	<text verify="true" type="cdata" auto="true">![CDATA[['Всем известно, что Huawei страдает от санкций со стороны США, которые не позволяют ей выпускать смартфоны с компонентами, созданные с помощью американского оборудования или ПО. Однако представители компании ищут пути обхода таких ограничений, и они находятся. Так, благодаря источникам из Китая, недавно стало известно, что Huawei сможет выпускать смартфоны с 5G-процессорами, созданными в MediaTek. Как же такое возможно? Здесь все выглядит интересно, ведь с 15 сентября компанию TSMC обязали прекратить выпуск чипсетов HiSilicon Kirin. Но, еще до этого рокового числа, представители Huawei успели заключить довольно солидный контракт с тайваньской компанией. В контракте речь идет о поставке чипсетов MediaTek Dimensity, которые получили интегрированный модем 5G. Очевидно, что данные комплектующие найдут применение в будущих моделях смартфонов китайской компании. Кто-то может подумать, что это фейковая новость, но в ее подтверждение выступают финансовые детали сделки. И речь идет о прибыли, которая получила MediaTek. Ведь в третьем квартале она составила порядка 3,3 млрд. долларов. Что касается годовой прибыли, то она составила 44,7%, а чистая прибыль и вовсе увеличилась до неимоверных цифр – 93,7%. Вся эта ситуация наводит на мысль, что первое время Huawei удастся выпускать смартфоны и обходить санкции со стороны США.']]]</text>
	<tags verify="true" type="list" auto="true">
		<tag>Dimensity</tag>
		<tag>HUAWEI</tag>
		<tag>MediaTek</tag>
	</tags>
	<source verify="true" type="text" auto="true">Ithome</source>
	<href verify="true" type="text" auto="true">https://the-geek.ru/news/huawei-stanut-ispolzovat-proczessory-mediatek-dimensity-vmesto-kirin</href>
</doc>
