<?xml version="1.0" ?>
<doc>
	<title verify="true" type="text" auto="true">Huawei официально продаёт бренд Honor</title>
	<date verify="true" type="date" auto="true">2020-11-17</date>
	<author verify="true" type="text" auto="true">Андрей Галадей</author>
	<text verify="true" type="cdata" auto="true">![CDATA[['Китайский гигант Huawei официально объявил о продаже прав на бренд Honor. Его выкупил консорциум Shenzhen Zhixin New Information Technology Co, в его составе более 30 компаний. В Huawei уточнил, что одной из основных причина продажи стали проблемы с доступом к иностранным комплектующим, технологиям, лицензиям и софту. Это стало следствием торговой войны между США и Китаем, которая привела к невозможности использовать архитектуру ARM, сервисы Google и так далее. Учитывая, что передача прав означает уход от санкций, это позволит бренду восстановить ранее нарушенные связи. Утверждается, что торговую марку продали за $15,2 млрд. О планах бренда пока не сообщается, однако не исключено, что его попробуют вывести на тот же или даже более высокий уровень продаж по сравнению с существующим.']]]</text>
	<tags verify="true" type="list" auto="true">
		<tag>Honor</tag>
		<tag>HUAWEI</tag>
	</tags>
	<source verify="true" type="text" auto="true">Huawei</source>
	<href verify="true" type="text" auto="true">https://the-geek.ru/news/huawei-oficzialno-prodayot-brend-honor</href>
</doc>
