<?xml version="1.0" ?>
<doc>
	<title verify="true" type="text" auto="true">Huawei готовит первый ноутбук с фирменным процессором Kirin</title>
	<date verify="true" type="date" auto="true">2020-12-26</date>
	<author verify="true" type="text" auto="true">Андрей Галадей</author>
	<text verify="true" type="cdata" auto="true">![CDATA[['По данным сетевых источников, компания Huawei готовит первый ноутбук на фирменном мобильном процессоре Kirin. Новинку выпустят, как утверждается, до конца зимы. Ноутбук называется Huawei Qingyun L410. Ему приписывают 14-дюймовый дисплей формата 2K (2160 × 1440 пикселей). Внутри будет остановлен процессор Kirin 990 с 8 ядрами, графикой Mali-G76 и нейропроцессорным модулем NPU. Не исключено, что там будет использоваться и модем 5G. Также новинка получит 8 ГБ ОЗУ и твердотельный накопитель на 512 ГБ. В качестве ОС заявлена Deepin OS 20 с ядром Linux. Цена и география продаж пока не уточняются.']]]</text>
	<tags verify="true" type="list" auto="true">
		<tag>HUAWEI</tag>
		<tag>Kirin</tag>
		<tag>ноутбук</tag>
	</tags>
	<source verify="true" type="text" auto="true">Huawei Central</source>
	<href verify="true" type="text" auto="true">https://the-geek.ru/news/huawei-gotovit-pervyj-noutbuk-s-firmennym-proczessorom-kirin</href>
</doc>
