<?xml version="1.0" ?>
<doc>
	<title verify="true" type="text" auto="true">Huawei Mate 40 Pro 4G станет первым смартфоном, который получит HarmonyOS 2.0 на старте</title>
	<date verify="true" type="date" auto="true">2021-04-27</date>
	<author verify="true" type="text" auto="true">Андрей Галадей</author>
	<text verify="true" type="cdata" auto="true">![CDATA[['Компания Huawei добавила на свой сайт смартфоны Huawei Mate 40 Pro 4G и Mate X2 4G без поддержки сетей пятого поколения. Они оба основаны на чипсете Huawei Kirin 9000. При этом первая модель уже прошла сертификацию, которая подтвердила, кроме прочего, наличие операционной системы HarmonyOS 2.0 из коробки. Таким образом, это будет первый такой смартфон в линейке производителя. Что касается характеристик, то новинка получит 6,76-дюймовый экран, загнутый на боковые грани. Новинка поддерживает распознавание лиц и имеет сканер отпечатка в дисплее. Есть двойная селфи-камера, 50-мегапиксельная основная с модулями на 20 и 12 МП. Есть оптическое увеличение. В продажу смартфон поступит уже скоро.']]]</text>
	<tags verify="true" type="list" auto="true">
		<tag>Huawei Mate 40 Pro 4G</tag>
		<tag>Смартфон</tag>
	</tags>
	<source verify="true" type="text" auto="true">Gizchina</source>
	<href verify="true" type="text" auto="true">https://the-geek.ru/news/huawei-mate-40-pro-4g-stanet-pervym-smartfonom-kotoryj-poluchit-harmonyos-2-0-na-starte</href>
</doc>
