<?xml version="1.0" ?>
<doc>
	<title verify="true" type="text" auto="true">Huawei может начать выпускать автомобили</title>
	<date verify="true" type="date" auto="true">2021-05-11</date>
	<author verify="true" type="text" auto="true">Михаил Дулуб</author>
	<text verify="true" type="cdata" auto="true">![CDATA[['Ни для кого не является секретом, что производителям смартфонов стал тесен исключительно этот рынок. Они начали постигать новые ниши и одной из них является выпуск автомобилей. По этому пути уже пошли Apple, теперь к ним присоединились представители Huawei. Правда, компания не одна будет работать, как они заявляют, над умным инновационным автомобилем. Сразу три компании объединились в проект «CHN Project». Вместе с упомянутой ранее Huawei, в этот концерн вошли представители Changan Automobile и CATL. Кстати, с последней представители Huawei уже имеют партнерские связи. Не так давно обе компании занялись разработкой высоковольтной системы питания для электромобилей. Работа трех компаний будет вестись в нескольких направлениях. Из них в приоритете будут платформенные технологии: приложения для автомобилей, ОС для взаимодействия с транспортными средствами, а также архитектура для вычислений и коммуникаций. Кроме этого достаточно времени будет выделено на разработку высоковольтных систем питания и шасси. Если все это удастся реализовать на практике, тогда будет создан бренд умных автомобилей высокого класса.']]]</text>
	<tags verify="true" type="list" auto="true">
		<tag>HUAWEI</tag>
		<tag>Автомобиль</tag>
	</tags>
	<source verify="true" type="text" auto="true">Ithome</source>
	<href verify="true" type="text" auto="true">https://the-geek.ru/news/huawei-mozhet-nachat-vypuskat-avtomobili</href>
</doc>
