<?xml version="1.0" ?>
<doc>
	<title verify="true" type="text" auto="true">Huawei готовит конкурента PlayStation и Xbox</title>
	<date verify="true" type="date" auto="true">2021-02-10</date>
	<author verify="true" type="text" auto="true">Андрей Галадей</author>
	<text verify="true" type="cdata" auto="true">![CDATA[['Китайская компания Huawei явно ищет новые рынки сбыта продукции. И потому, по данным профильных источников, там намерены создать игровую консоль. Пока не сообщается, какой именно она будет, однако источник уточняет, что новинка будет работать так же, как Sony PlayStation и Microsoft Xbox. Возможно, это намёк на создание своей экосистемы с полноценными тайтлами. А может всё ограничиться уймой эмуляторов на простом железе. Пока что не сообщается, когда выйдет такая консоль и какие параметры она получит. Однако появление её на рынке будет весьма любопытным шагом со стороны Huawei. Помимо этого, компания готовится к выпуску своего первого игрового ноутбука. В прошлом году вышла модель Honor Hunter V700, тогда же планировался выпуск и версии от самой Huawei. Однако из-за продажи подразделения выпуск перенесли.']]]</text>
	<tags verify="true" type="list" auto="true">
		<tag>HUAWEI</tag>
		<tag>PlayStation</tag>
		<tag>PlayStation 5</tag>
		<tag>Xbox</tag>
	</tags>
	<source verify="true" type="text" auto="true">Huawei Central</source>
	<href verify="true" type="text" auto="true">https://the-geek.ru/news/huawei-gotovit-konkurenta-playstation-i-xbox</href>
</doc>
