<?xml version="1.0" ?>
<doc>
	<title verify="true" type="text" auto="true">HUAWEI опровергла невозможность установки приложений от Google</title>
	<date verify="true" type="date" auto="true">2020-11-30</date>
	<author verify="true" type="text" auto="true">Алексей Авдеев</author>
	<text verify="true" type="cdata" auto="true">![CDATA[['На днях появилась информация, что Google начала блокировать установку фирменных приложений на устройствах работающих на процессорах Kirin. Первым об этом сообщил российский пользователь на Reddit. Тогда он попробовал установить на смартфон HUAWEI apk-приложение от Google и увидел ошибку «Данное приложение не поддерживается чипсетом вашего устройства». Представители бренда HUAWEI подчеркнули, что данная проблема не имеет отношения к процессорам Kirin и продемонстрировали работу HUAWEI Mate 40 Pro на региональной прошивке EMUI с установкой Google Maps. Скорее всего, проблема пользователя с Reddit была связана с ошибкой apk-файла или некорректной загрузкой.']]]</text>
	<tags verify="true" type="list" auto="true">
		<tag>Google</tag>
		<tag>HUAWEI</tag>
	</tags>
	<source verify="true" type="text" auto="true">The GEEK</source>
	<href verify="true" type="text" auto="true">https://the-geek.ru/news/huawei-oprovergla-nevozmozhnost-ustanovki-prilozhenij-ot-google</href>
</doc>
