<?xml version="1.0" ?>
<doc>
	<title verify="true" type="text" auto="true">Huawei начнёт тестировать Harmony OS на смартфонах с 18 декабря</title>
	<date verify="true" type="date" auto="true">2020-11-09</date>
	<author verify="true" type="text" auto="true">Андрей Галадей</author>
	<text verify="true" type="cdata" auto="true">![CDATA[['Похоже, что на рынке скоро появится полноценный конкурент iOS и Android. Речь идёт о китайской операционной системе Harmony OS от компании Huawei. Инсайдеры утверждают, что публичная бета-версия HarmonyOS выйдет 18 декабря. А ранее представители Huawei заявили, что до 90% модельного ряда смартфонов Huawei и Honor могут перевести на новую систему. Переход будет постепенным — в зависимости от аппаратной платформы. Первыми новую ОС получат смартфоны на базе процессора Kirin 9000. По словам представителя компании Чэна Лу Ванга, это плановое тестирование, в котором примут участие как разработчики, так и пользователи. При этом отметим, что Harmony OS может появиться также на ПК, бытовой технике, автомобильных системах и так далее. Отметим также, что система подразумевает бесшовный запуск приложений на Android.']]]</text>
	<tags verify="true" type="list" auto="true">
		<tag>Harmony OS</tag>
		<tag>HUAWEI</tag>
		<tag>Смартфон</tag>
	</tags>
	<source verify="true" type="text" auto="true">MyDrivers</source>
	<href verify="true" type="text" auto="true">https://the-geek.ru/news/huawei-nachnyot-testirovat-harmony-os-na-smartfonah-s-18-dekabrya</href>
</doc>
