<?xml version="1.0" ?>
<doc>
	<title verify="true" type="text" auto="true">Huawei может получить чипы Qualcomm для своих смартфонов</title>
	<date verify="true" type="date" auto="true">2020-11-11</date>
	<author verify="true" type="text" auto="true">Андрей Галадей</author>
	<text verify="true" type="cdata" auto="true">![CDATA[['Как известно, против компании Huawei действуют американские санкции, из-за чего её мобильные процессоры Kirin больше не производят. Однако теперь китайцы могут использовать чипы Qualcomm. Компания получила официальное разрешение на торговлю китайским гигантом. Таким образом, не стоит исключать возможности появления флагманов P50 на базе Snapdragon 875 или бюджетных решений на какой-нибудь 700-й серии. Отметим, что санкции понемногу смягчаются. Huawei снова может заказывать компоненты у Intel, AMD, Sony, Samsung и других. При этом компания продолжает разрабатывать собственную ОС HarmonyOS, которую планируется запустить в декабре. На данный момент не сообщается, когда именно появятся новые смартфоны на базе чипов линейки Snapdragon.']]]</text>
	<tags verify="true" type="list" auto="true">
		<tag>HUAWEI</tag>
		<tag>Qualcomm</tag>
	</tags>
	<source verify="true" type="text" auto="true">GizmoChina</source>
	<href verify="true" type="text" auto="true">https://the-geek.ru/news/huawei-mozhet-poluchit-chipy-qualcomm-dlya-svoih-smartfonov</href>
</doc>
