<?xml version="1.0" ?>
<doc>
	<title verify="true" type="text" auto="true">iMac и iPad Pro появятся в российских магазинах 21 мая</title>
	<date verify="true" type="date" auto="true">2021-05-18</date>
	<author verify="true" type="text" auto="true">Алексей Авдеев</author>
	<text verify="true" type="cdata" auto="true">![CDATA[['Начиная с 21 мая в российских магазинах появится возможность приобрести новые цветные iMac и iPad Pro на процессоре M1. Купить новинки можно будет в интернет-магазине Apple и в магазинах авторизованных реселлеров. Новый iMac получил полностью обновлённым дизайн, чип M1 и дисплей Retina 4,5K. iMac выпускается в семи ярких цветах: зелёном, жёлтом, оранжевом, розовом, фиолетовом, синем и серебристом. Покупатель может выбрать одну из трёх моделей клавиатуры Magic Keyboard, в том числе с датчиком Touch ID и цифровой панелью в качестве опции, в комплект поставки можно также включить мышь Magic Mouse, трекпад Magic Trackpad. Все аксессуары будут выполнены в одной цветовой гамме с компьютером. Также обновлению подвергся iPad Pro, но только в техническом плане. iPad Pro 12,9 дюйма оснащён новым дисплеем Liquid Retina XDR, у которого значительно увеличен динамический диапазон. Кроме того, все модели iPad Pro получили чипсет M1. Стоимость iMac 2021 в России начинается от 129 тысяч рублей. Цена iPad Pro на чипсете M1 стартует от 77 тысяч рублей.']]]</text>
	<tags verify="true" type="list" auto="true">
		<tag>Apple</tag>
	</tags>
	<source verify="true" type="text" auto="true">Apple</source>
	<href verify="true" type="text" auto="true">https://the-geek.ru/news/imac-i-ipad-rus-buy</href>
</doc>
