<?xml version="1.0" ?>
<doc>
	<title verify="true" type="text" auto="true">Instagram включает возможность отключать счетчик лайков</title>
	<date verify="true" type="date" auto="true">2021-05-27</date>
	<author verify="true" type="text" auto="true">Вадим Майков</author>
	<text verify="true" type="cdata" auto="true">![CDATA[['Facebook анонсировала выход серьезного обновления для одноимённой соцсети и Instagram. Пользователь получит возможность решать, под какими публикациями показывать лайки, а под какими их полностью скрывать. Также в настройках появится выбор показа лайков и количества просмотров под публикациями: для всех, только для тех, на кого подписан пользователь или никому. Выход обновления произойдёт в самое ближайшее время. Эксперимент по скрытию лайков в Instagram длился с 2019 года для некоторых стран. Таким образом компании удалось узнать, что скрытие лайков снижает социальное давления на пользователей. Этому подвергались пользователи в молодом возврате, некоторые просто удаляли посты, которые набирали малое количество лайков.']]]</text>
	<tags verify="true" type="list" auto="true">
		<tag>Facebook</tag>
		<tag>instagram</tag>
	</tags>
	<source verify="true" type="text" auto="true">Facebook</source>
	<href verify="true" type="text" auto="true">https://the-geek.ru/news/instagram-like-deleted</href>
</doc>
