<?xml version="1.0" ?>
<doc>
	<title verify="true" type="text" auto="true">Instagram ограничил функционал для взрослых</title>
	<date verify="true" type="date" auto="true">2021-03-16</date>
	<author verify="true" type="text" auto="true">Вадим Майков</author>
	<text verify="true" type="cdata" auto="true">![CDATA[['Социальная сеть запретила взрослым отправку личных сообщений подросткам, которые на них не подписаны. Таким образом Instagram старается обезопасить молодую аудиторию. Также в этом помогут специальные уведомления, напоминающие быть внимательными при обмене фотографиями, видео и прочей личной информацией с неизвестными личностями. Кроме того, соцсеть добавит подсказки указывающие на взрослых, которые проявляют потенциально подозрительное поведение. Работу алгоритмов соцсеть не раскрывает, но отмечает, что анализирует количество подписок и отправленных сообщений в сторону несовершеннолетних пользователей. Скорое технологическое нововведение Instagram позволит определять возраст человека при регистрации аккаунта. Официально в соцсети можно зарегистрироваться с 13 лет, но никто не мешает указывать любой го рождения.']]]</text>
	<tags verify="true" type="list" auto="true">
		<tag>instagram</tag>
	</tags>
	<source verify="true" type="text" auto="true">Instagram</source>
	<href verify="true" type="text" auto="true">https://the-geek.ru/news/instagram-ogranichil-funkczional-dlya-vzroslyh</href>
</doc>
