<?xml version="1.0" ?>
<doc>
	<title verify="true" type="text" auto="true">Instax выпустила принтер mini Link в лимитированном цвете Beige Gold</title>
	<date verify="true" type="date" auto="true">2021-05-21</date>
	<author verify="true" type="text" auto="true">Елизавета Панявина</author>
	<text verify="true" type="cdata" auto="true">![CDATA[['Компания FUJIFILM добавила в линейку мобильных принтеров Instax mini Link устройство с корпусом в цвете Beige Gold. Лимитированная версия в новом оттенке уже поступила в продажу. Кратко о функциях и возможностях принтера Instax mini Link: Стоимость устройства составляет 9 490 рублей. Кстати, обзор на устройство можно посмотреть тут.']]]</text>
	<tags verify="true" type="list" auto="true">
		<tag>Fujifilm</tag>
		<tag>Instax</tag>
	</tags>
	<source verify="true" type="text" auto="true"/>
	<href verify="true" type="text" auto="true">https://the-geek.ru/news/instax-mini-link-beige-gold</href>
</doc>
