<?xml version="1.0" ?>
<doc>
	<title verify="true" type="text" auto="true">Instagram разрешит скрывать лайки</title>
	<date verify="true" type="date" auto="true">2021-04-15</date>
	<author verify="true" type="text" auto="true">Валентин Снежин</author>
	<text verify="true" type="cdata" auto="true">![CDATA[['Instagram начал тестировать новую функцию, позволяющую пользователям выбирать – показывать лайки под постами или нет. Пока новый функционал работает в экспериментальном режиме для небольшого круга пользователей соцсети. Сейчас они могут выбрать три параметра отображения лайков: Напомним, что в 2019 году Instagram уже проводил подобный эксперимент со скрытием лайков. Результаты оказались противоречивыми – кто-то без лайков перестал ощущать социальное давление, а другие захотели их вернуть.']]]</text>
	<tags verify="true" type="list" auto="true"/>
	<source verify="true" type="text" auto="true"/>
	<href verify="true" type="text" auto="true">https://the-geek.ru/news/instagram-razreshit-skryvat-lajki</href>
</doc>
