<?xml version="1.0" ?>
<doc>
	<title verify="true" type="text" auto="true">Instagram и Facebook «запугивают» пользователей iOS потерей доступа к соцсетям</title>
	<date verify="true" type="date" auto="true">2021-05-03</date>
	<author verify="true" type="text" auto="true">Валентин Снежин</author>
	<text verify="true" type="cdata" auto="true">![CDATA[['С выходом iOS 14.5 пользователи iPhone и iPad получили возможность запрещать приложениям собирать персональные данные. Благодаря требованиям Apple, разработчики обязаны указывать какие данные собираются, а также получить разрешение от пользователя на их передачу. Facebook и Instagram явно не собираются останавливаться в сборе данных и решили перейти к тактике «запугивания». Пользователи приложений начали получать уведомления о сборе данных, а также объяснения, что это не только позволяет улучшать рекламные рекомендации, но и «поможет сохранить Facebook и Instagram бесплатным». В интернете уже отметили, что Facebook использует «тактику запугивания», чтобы заставить пользователей Facebook и Instagram дать разрешение на отслеживание личной информации. Уведомление звучит так, что если пользователь откажется давать разрешение на отслеживание, то потеряет бесплатным доступ и получит предложение о платном доступе к соцсетям. Само оповещение выглядит следующим образом:']]]</text>
	<tags verify="true" type="list" auto="true">
		<tag>Facebook</tag>
		<tag>instagram</tag>
		<tag>iOS 14</tag>
	</tags>
	<source verify="true" type="text" auto="true">Phonearena</source>
	<href verify="true" type="text" auto="true">https://the-geek.ru/news/instagram-i-facebook-zapugivayut-polzovatelej-ios-poterej-dostupa-k-soczsetyam</href>
</doc>
