<?xml version="1.0" ?>
<doc>
	<title verify="true" type="text" auto="true">Intel будет производить ARM-процессоры для сторонних компаний</title>
	<date verify="true" type="date" auto="true">2021-03-24</date>
	<author verify="true" type="text" auto="true">Андрей Галадей</author>
	<text verify="true" type="cdata" auto="true">![CDATA[['Генеральный директор Intel Пэт Гелсинджер сообщил о новой стратегии компании под названием IDM 2.0, которая включает в себя инвестиции в размере 20 миллиардов долларов в новые производственные мощности. Также на эти деньги запустят новые 7-нанометрвоые процессоры для ПК, а ещё — начнут разработку индивидуальных чипов для других компаний. Примечательно, что эти процессоры будут основаны на архитектуре ARM, что позволит компании конкурировать с AMD и Apple. Помимо этого, будут идти разработки новых систем-на-чипе RISC-V и x86. Гелсинджер упомянул, что Intel в настоящее время работает с партнерами, включая Amazon, Cisco, IBM и Microsoft.  Он также намекнул, что компания может вернуться к сотрудничеству с Apple. Не исключено, что когда-нибудь мы увидим Macbook на ARM-чипе от Intel.']]]</text>
	<tags verify="true" type="list" auto="true">
		<tag>ARM</tag>
		<tag>Intel</tag>
	</tags>
	<source verify="true" type="text" auto="true">9to5mac</source>
	<href verify="true" type="text" auto="true">https://the-geek.ru/news/intel-budet-proizvodit-arm-proczessory-dlya-storonnih-kompanij</href>
</doc>
