<?xml version="1.0" ?>
<doc>
	<title verify="true" type="text" auto="true">Intel показала новые процессоры 11-го поколения для настольных ПК</title>
	<date verify="true" type="date" auto="true">2021-03-17</date>
	<author verify="true" type="text" auto="true">Андрей Галадей</author>
	<text verify="true" type="cdata" auto="true">![CDATA[['Компания Intel показала-таки все процессоры линейки Rocket Lake-S для ПК. Это 11-е поколение чипов на базе архитектуры Cypress Cove. Самым мощным решением стал восьмиядерный Intel Core i9-11900K, который получил до 16 потоков инструкций, частоту до 5,3 ГГц на одно ядро, поддержкой ОЗУ DDR до 3200 МГц и до 20 каналов PCIe 4.0. Как утверждается, этот чип на 8-14% мощнее в играх, чем 10-ядерный i9-10900K. При это он дороже предшественника на $50. Помимо этого, в новых чипах вырос показатель операций на такт (IPC), а также другие характеристики. Цены варьируются от $157 до $539. При этом важно, что новые чипы совместимы с материнскими платами на чипсетах 400 и 500 серий. Так что менять плату в некоторых случаях не придётся. Компания утверждает, что Intel Core 11-го поколения Rocket Lake-S превосходят в играх не только i9-10900K, но и Ryzen 9 5900X.']]]</text>
	<tags verify="true" type="list" auto="true">
		<tag>Intel</tag>
		<tag>процессор</tag>
	</tags>
	<source verify="true" type="text" auto="true">DSOGaming</source>
	<href verify="true" type="text" auto="true">https://the-geek.ru/news/intel-pokazala-novye-proczessory-11-go-pokoleniya-dlya-nastolnyh-pk</href>
</doc>
