<?xml version="1.0" ?>
<doc>
	<title verify="true" type="text" auto="true">iOS 14.5 выйдет на следующей неделе — Apple ненароком подтвердила это</title>
	<date verify="true" type="date" auto="true">2021-04-21</date>
	<author verify="true" type="text" auto="true">Андрей Галадей</author>
	<text verify="true" type="cdata" auto="true">![CDATA[['Вчера компания Apple представила целый ряд устройств, в том числе беспроводные радиометки AirTag. И, похоже, в Купертино ненароком рассекретили кое-что ещё. Таким образом, обновление ОС стоит ждать уже через несколько дней. Само собой, потребуется время на развёртывание, однако сам факт подтверждён компанией.  Отметим, что iOS 14.5 должна стать последней версией из 14-й линейки перед выходом iOS 15. В будущей версии системы обещают серьёзные изменения, однако она не будет работать на ряде устаревших смартфонов.']]]</text>
	<tags verify="true" type="list" auto="true">
		<tag>Apple</tag>
		<tag>iOS 14.5</tag>
	</tags>
	<source verify="true" type="text" auto="true">Apple</source>
	<href verify="true" type="text" auto="true">https://the-geek.ru/news/ios-14-5-vyjdet-na-sleduyushhej-nedele-apple-nenarokom-podtverdila-eto</href>
</doc>
