<?xml version="1.0" ?>
<doc>
	<title verify="true" type="text" auto="true">iOS 14.2 быстро разряжает iPhone</title>
	<date verify="true" type="date" auto="true">2020-12-07</date>
	<author verify="true" type="text" auto="true">Андрей Галадей</author>
	<text verify="true" type="cdata" auto="true">![CDATA[['У iPhone возникли новые проблемы. И они теперь касаются не только новых моделей, но и уже имеющихся на рынке. Как сообщается, смартфоны с iOS 14.2 быстро теряют заряд батареи, причём это происходит даже если устройство не используется активно. Говорится о 5% потерь за 5-6 часов. При этом процесс зарядки идёт быстрее даже если подключено медленное ЗУ. А корпус ощутимо нагревается в процессе. Официального комментария от компании пока нет, предполагается, что смартфон может некорректно отображать заряд. Как сообщают пользователи, проблема имеет место на iPhone XS, iPhone 7, iPhone 6s, а также iPhone SE первого и второго поколений. Также подобное возникает на планшетах iPad Pro 2018 года с iPadOS 14.2. Не исключено, что проблему устранят в обновлении 14.3, однако дата его выхода и перечень изменений пока не сообщаются. Пока что рекомендуется не обновлять свои устройства до 14.2, чтобы избежать потенциальных проблем.']]]</text>
	<tags verify="true" type="list" auto="true">
		<tag>Apple</tag>
		<tag>iOS 14.2</tag>
		<tag>iPhone</tag>
	</tags>
	<source verify="true" type="text" auto="true">Phone Arena</source>
	<href verify="true" type="text" auto="true">https://the-geek.ru/news/ios-14-2-bystro-razryazhaet-iphone</href>
</doc>
