<?xml version="1.0" ?>
<doc>
	<title verify="true" type="text" auto="true">iPhone можно разблокировать через Apple Watch</title>
	<date verify="true" type="date" auto="true">2021-02-02</date>
	<author verify="true" type="text" auto="true">Богдан Дегтярев</author>
	<text verify="true" type="cdata" auto="true">![CDATA[['В новом выпущенном обновлении iOS 14.5 появилась важная особенность, позволяющая разблокировать iPhone, если на лице пользователя есть маска. Новая функция под названием «Разблокировать с помощью Apple Watch» находится в Настройках &gt; Face ID и Код-пароль. Также для активации нужно выбрать пункт “Распознавание запястья” и разблокировать свои Apple Watch на руке. Они будут разблокированы до тех пор, пока владелец не снимет их с запястья. После, iPhone можно разблокировать в маске. Кроме того, есть большой минус такого способа. iPhone сможет разблокировать любой человек в маске, если на запястье пользователя будут находиться разблокированные Apple Watch.']]]</text>
	<tags verify="true" type="list" auto="true">
		<tag>Apple</tag>
		<tag>Apple Watch</tag>
		<tag>iOS</tag>
		<tag>iPhone</tag>
	</tags>
	<source verify="true" type="text" auto="true"/>
	<href verify="true" type="text" auto="true">https://the-geek.ru/news/iphone-mozhno-razblokirovat-cherez-apple-watch</href>
</doc>
