<?xml version="1.0" ?>
<doc>
	<title verify="true" type="text" auto="true">iPhone 12 вышел в новом цвете</title>
	<date verify="true" type="date" auto="true">2021-04-20</date>
	<author verify="true" type="text" auto="true">Богдан Дегтярев</author>
	<text verify="true" type="cdata" auto="true">![CDATA[['Линейка iPhone 12 пополнилась новым цветом – фиолетовый. Больше никаких изменений – только обновлённая расцветка. Стоимость осталась также без изменений. В продаже фиолетовый iPhone 12 появится с 23 апреля.']]]</text>
	<tags verify="true" type="list" auto="true">
		<tag>Apple</tag>
		<tag>iPhone</tag>
		<tag>iPhone 12</tag>
	</tags>
	<source verify="true" type="text" auto="true"/>
	<href verify="true" type="text" auto="true">https://the-geek.ru/news/iphone-12-vyshel-v-novom-czvete</href>
</doc>
