<?xml version="1.0" ?>
<doc>
	<title verify="true" type="text" auto="true">iPhone 12 Pro в стиле Vertu продают за 9,5 млн рублей</title>
	<date verify="true" type="date" auto="true">2021-02-02</date>
	<author verify="true" type="text" auto="true">Андрей Галадей</author>
	<text verify="true" type="cdata" auto="true">![CDATA[['Бренд из России под названием Caviar представил коллекцию iPhone 12 Pro Victory в стиле дорогих телефонов Vertu. В списке есть два десятка моделей, которые имеют разную отделку в стиле дизайна именитого бренда. Самым дорогим вариантом является Caviar iPhone 12 Pro Max Victory Solid Gold Unique за 9,5 миллиона рублей. У него отделка из золота 750 пробы и 55 бриллиантов. Есть и более «бюджетные» версии — от 314 тысяч рублей и выше. При этом в техническом плане они ничем не отличаются от обычных серийных iPhone 12 Pro/Pro Max. Вся «фишка» этих моделей — в очень дорогом корпусе ручной работы. Отметим, что для версий Caviar Victory Shine, Red и Crystal используется белая кожа крокодила, а также красная или белая кожа питона.']]]</text>
	<tags verify="true" type="list" auto="true">
		<tag>Apple</tag>
		<tag>iPhone 12 Pro</tag>
		<tag>iPhone 12 Pro Max</tag>
		<tag>Россия</tag>
	</tags>
	<source verify="true" type="text" auto="true">Caviar</source>
	<href verify="true" type="text" auto="true">https://the-geek.ru/news/phone-12-pro-v-stile-vertu-prodayut-za-95-mln-rublej</href>
</doc>
