<?xml version="1.0" ?>
<doc>
	<title verify="true" type="text" auto="true">iPhone с дополнительным экраном показали на рендерах</title>
	<date verify="true" type="date" auto="true">2021-04-12</date>
	<author verify="true" type="text" auto="true">Андрей Галадей</author>
	<text verify="true" type="cdata" auto="true">![CDATA[['Китайские источники опубликовали неофициальные рендеры возможного iPhone. Речь идёт не о 13-й линейке, а о гипотетической модели, которая может когда-нибудь выйти. Судя по картинкам, новинка оснащена вторичным дисплеем, прямо как в Xiaomi Mi 11 Ultra. Будет ли это экран от какого-нибудь Apple Watch — неизвестно. Также отметим, что iPhone на рендерах оснащён квадрокамерой с четырьмя сенсорами изображения, дополнительным датчиком и вспышкой. Другие визуальные особенности включают в себя отсутствие моноброви на экране. Ведь вторичный экран позволит делать селфи на основную камеру. А на нижней части задней панели видны металлические контакты. Похоже, что внешние выводы для беспроводной зарядки. При этом смартфон лишён разъёма Lighting. Само собой, это лишь концепт. Появится и такая или похожая модель в реальности — неизвестно.']]]</text>
	<tags verify="true" type="list" auto="true">
		<tag>iPhone</tag>
		<tag>концепт</tag>
	</tags>
	<source verify="true" type="text" auto="true">Mydrivers</source>
	<href verify="true" type="text" auto="true">https://the-geek.ru/news/iphone-s-dopolnitelnym-ekranom-pokazali-na-renderah</href>
</doc>
