<?xml version="1.0" ?>
<doc>
	<title verify="true" type="text" auto="true">iPhone 13 может получить Wi-Fi 6E</title>
	<date verify="true" type="date" auto="true">2020-12-18</date>
	<author verify="true" type="text" auto="true">Андрей Галадей</author>
	<text verify="true" type="cdata" auto="true">![CDATA[['По данным профильных источников, будущий iPhone 13 может получить поддержку нового стандарта Wi-Fi 6E за счёт чипов Skyworks. Этот протокол поддерживает все особенности шестой версии, а также работает в диапазоне 6 ГГц, что автоматически обеспечивает повышение скорости передачи данных. Само собой, для работы в этом диапазоне потребуется соответствующий роутер. Специалисты утверждают, что это предоставит новые возможности для использования AR- и VR-приложений, а также улучшит беспроводную связь настолько сильно впервые за 20 лет. Отметим, что базовая версия Wi-Fi 6 поддерживается всеми смартфонами Apple, начиная с iPhone 11. Само собой, это пока неофициальные сведения, потому опираться на них не стоит.']]]</text>
	<tags verify="true" type="list" auto="true">
		<tag>Apple</tag>
		<tag>iPhone 13</tag>
	</tags>
	<source verify="true" type="text" auto="true">MacRumors</source>
	<href verify="true" type="text" auto="true">https://the-geek.ru/news/iphone-13-mozhet-poluchit-wi-fi-6e</href>
</doc>
