<?xml version="1.0" ?>
<doc>
	<title verify="true" type="text" auto="true">iPhone SE 3 может не выйти в этом году</title>
	<date verify="true" type="date" auto="true">2021-02-05</date>
	<author verify="true" type="text" auto="true">Андрей Галадей</author>
	<text verify="true" type="cdata" auto="true">![CDATA[['Выпуск и успех iPhone SE 2020 года показал компании Apple перспективность такого шага. По состоянию на третий квартал прошлого года, на эту модель пришлось более половины всех продаж iPhone в США. Потому iPhone SE 3 ждут многие. Но, похоже, он выйдет только в 2022 году. Аналитик JP Morgan Уильям Янг заявил, что новинку покажут не ранее первой половины 2022 года. По его данным из цепочки поставок, Apple уже работает над новым смартфоном. Данных о ценах пока нет. Также Янг утверждает, что iPhone SE 3 может получить процессор A14 Bionic и дизайн в стиле iPhone XR. Это подтверждает и то, что новинке приписывают сканер отпечатка пальца сбоку. Если бы это был девайс в корпусе iPhone 8/8 Plus, то кнопка была бы на передней панели. Ранее аналитик Минг-Чи Куо упоминал, что iPhone SE 3 не появится в первой половине 2021 года, что отчасти подтверждает слова Янга. Но это может также указывать на релиз в конце года.']]]</text>
	<tags verify="true" type="list" auto="true">
		<tag>Apple</tag>
		<tag>iPhone SE 3</tag>
	</tags>
	<source verify="true" type="text" auto="true">WССfTech</source>
	<href verify="true" type="text" auto="true">https://the-geek.ru/news/iphone-se-3-mozhet-ne-vyjti-v-etom-godu</href>
</doc>
