<?xml version="1.0" ?>
<doc>
	<title verify="true" type="text" auto="true">iPhone 6 и iPhone 5s получили обновление iOS</title>
	<date verify="true" type="date" auto="true">2021-03-26</date>
	<author verify="true" type="text" auto="true">Валентин Снежин</author>
	<text verify="true" type="cdata" auto="true">![CDATA[['Apple выпустила обновление iOS 14.4.2 и iOS 12.5.2 для всех желающих. Если первый апдейт предназначен для современных устройств, то iOS 12.5.2 уже могут установить владельцы iPhone 6, iPhone 5s, iPad mini 3, iPad Air первого поколения и iPod touch 6. Каких-либо подробностей об изменениях нет, кроме того, что апдейт приносит обновление безопасности и улучшает стабильность. Размер iOS 12.5.2 составляет всего 150 Мб и доступен из раздела Настройки -&gt; Основные -&gt; Обновление ПО.']]]</text>
	<tags verify="true" type="list" auto="true">
		<tag>Apple</tag>
		<tag>iOS 12</tag>
		<tag>iOS 14</tag>
		<tag>iPhone</tag>
	</tags>
	<source verify="true" type="text" auto="true">The GEEK</source>
	<href verify="true" type="text" auto="true">https://the-geek.ru/news/iphone-6-i-iphone-5s-poluchili-obnovlenie-ios</href>
</doc>
