<?xml version="1.0" ?>
<doc>
	<title verify="true" type="text" auto="true">iPhone X взорвался и серьёзно обжёг пользователя</title>
	<date verify="true" type="date" auto="true">2021-03-03</date>
	<author verify="true" type="text" auto="true">Андрей Галадей</author>
	<text verify="true" type="cdata" auto="true">![CDATA[['В Австралии произошёл инцидент, связанный с iPhone X. Владелец телефона Роберт Де Роуз из Мельбурна сначала услышал треск и шипение, а затем смартфон загорелся прямо в кармане, от него пошёл чёрный дым. В результате пользователь получил ожог второй степени. Также возгорание повредило само устройство и одежду. Де Роуз обратился в Apple, но компания никак не отреагировала на инцидент. После этого пострадавший подал в суд на корпорацию из Купертино. Делом занимается адвокатская контора Carbone Lawyers. Ещё один иск был подан от имени Де Роуза, там утверждается, что у него взорвались смарт-часы Apple Watch. На это компания уже дала официальный комментарий, заявив, что изучает ситуацию.']]]</text>
	<tags verify="true" type="list" auto="true">
		<tag>Apple</tag>
		<tag>iPhone X</tag>
		<tag>Австралия</tag>
	</tags>
	<source verify="true" type="text" auto="true">Mydrivers</source>
	<href verify="true" type="text" auto="true">https://the-geek.ru/news/iphone-x-vzorvalsya-i-seryozno-obzhyog-polzovatelya</href>
</doc>
