<?xml version="1.0" ?>
<doc>
	<title verify="true" type="text" auto="true">iPhone SE Plus может получить двойную камеру, крупный экран и модем 5G</title>
	<date verify="true" type="date" auto="true">2020-11-11</date>
	<author verify="true" type="text" auto="true">Андрей Галадей</author>
	<text verify="true" type="cdata" auto="true">![CDATA[['Инсайдер и аналитик Минг-Чи Куо поведал новые данные о будущем смартфоне iPhone SE следующего поколения. Похоже, что речь идёт об iPhone SE Plus. Утверждается, что новинка получит сенсор Touch ID, хотя он может «переехать» на боковую грань. Также новинке приписывают 6,06-дюймовый экран неизвестного разрешения, двойную основную камеру и модем 5G. Пока не сообщается, на основе какого смартфона он может быть создан. Оригинальный iPhone SE внешне копировал iPhone 5, а модель 2020 года — iPhone 8. По слухам, новинка может внешне повторять Xr или Xs, однако второе вероятнее. Весь в Xr нет двойной камеры. Ожидается, что iPhone SE Plus представят миру в будущем году.']]]</text>
	<tags verify="true" type="list" auto="true">
		<tag>Apple</tag>
		<tag>iPhone SE Plus</tag>
	</tags>
	<source verify="true" type="text" auto="true">GizChina</source>
	<href verify="true" type="text" auto="true">https://the-geek.ru/news/iphone-se-plus-mozhet-poluchit-dvojnuyu-kameru-krupnyj-ekran-i-modem-5g</href>
</doc>
