<?xml version="1.0" ?>
<doc>
	<title verify="true" type="text" auto="true">iPhone 12 теряют сигнал в сетях 5G и LTE</title>
	<date verify="true" type="date" auto="true">2020-12-02</date>
	<author verify="true" type="text" auto="true">Андрей Галадей</author>
	<text verify="true" type="cdata" auto="true">![CDATA[['У смартфонов iPhone 12 обнаружилась новая проблема. Как сообщается, новенькие устройства неожиданно теряют сети 5G и LTE. Это происходит во время путешествий или поездки на транспорте. Пока что неясно, насколько распространена эта проблема, однако на форумах уже предположили, что iPhone 12 некорректно обрабатывает сигнал при переключении между режимами сети или вышками сотовой связи. Любопытно, что в моделях iPhone 11 Pro и более старых проблем нет. Чаще всего жалуются пользователи операторов Verizon и AT&amp;T, также есть сообщения от пользователей T-Mobile. Официального ответа со стороны купертиновцев пока не поступало. Отметим, что в России пока не сообщалось о подобных проблемах.']]]</text>
	<tags verify="true" type="list" auto="true">
		<tag>Apple</tag>
		<tag>iPhone 12</tag>
	</tags>
	<source verify="true" type="text" auto="true">9to5mac</source>
	<href verify="true" type="text" auto="true">https://the-geek.ru/news/iphone-12-teryayut-signal-v-setyah-5g-i-lte</href>
</doc>
