<?xml version="1.0" ?>
<doc>
	<title verify="true" type="text" auto="true">iPhone SE Plus и SE 3 получат корпуса от iPhone 11</title>
	<date verify="true" type="date" auto="true">2021-02-15</date>
	<author verify="true" type="text" auto="true">Андрей Галадей</author>
	<text verify="true" type="cdata" auto="true">![CDATA[['В этом году компания Apple выпустит новый смартфон iPhone SE Plus, который получит дизайн от iPhone 11. Однако он же будет использоваться и в iPhone SE 3, который появится в будущем году. Новинка 2021 года приписывают ЖК-экран, две 12-мегапиксельные камеры, а также поддержку системы оптической стабилизации изображения. В качестве процессора обещают Apple A14. Сканер отпечатка будет на боковой панели, также обещан FaceID. А вот в модели 2022 года экран будет уже OLED, сканер будет располагаться в дисплее. Для удешевления Apple уберёт из iPhone SE Plus модем 5G. Цена при этом стартует с 500 долларов.']]]</text>
	<tags verify="true" type="list" auto="true">
		<tag>Apple</tag>
		<tag>iPhone 11</tag>
		<tag>iPhone SE 3</tag>
		<tag>iPhone SE Plus</tag>
		<tag>Смартфон</tag>
	</tags>
	<source verify="true" type="text" auto="true">Mydrivers</source>
	<href verify="true" type="text" auto="true">https://the-geek.ru/news/iphone-se-plus-i-se-3-poluchat-korpusa-ot-iphone-11</href>
</doc>
