<?xml version="1.0" ?>
<doc>
	<title verify="true" type="text" auto="true">iPhone 13 приписывают улучшенную камеру и дизайн iPhone 12</title>
	<date verify="true" type="date" auto="true">2020-11-06</date>
	<author verify="true" type="text" auto="true">Андрей Галадей</author>
	<text verify="true" type="cdata" auto="true">![CDATA[['Китайские источники опубликовали новые данные относительно iPhone 13. Хотя он должен выйти только в будущем году, но некоторые сведения уже есть. Утверждается, что «тринадцатая» модель должна получить более качественную камеру. В ней якобы появятся сверхширокоугольные объективы из шести пластиковых линз с диафрагмой F/1,8 и системой автоматической фокусировки. Об этом пишет аналитик Минг-Чи Куо. По его словам, такие камеры получат модели iPhone 13 Pro и iPhone 13 Pro Max. Также он отметил, что в будущем году выйдут четыре модели смартфонов: iPhone 13 mini, iPhone 13, iPhone 13 Pro и iPhone 13 Pro Max. По габаритам они будут соответствует нынешним версиям. Также все они получат сходный дизайн. О спецификациях iPhone 13 пока что не сообщается.']]]</text>
	<tags verify="true" type="list" auto="true">
		<tag>Apple</tag>
		<tag>iPhone 12</tag>
		<tag>iPhone 13</tag>
	</tags>
	<source verify="true" type="text" auto="true"/>
	<href verify="true" type="text" auto="true">https://the-geek.ru/news/iphone-13-pripisyvayut-uluchshennuyu-kameru-i-dizajn-iphone-12</href>
</doc>
