<?xml version="1.0" ?>
<doc>
	<title verify="true" type="text" auto="true">iPhone 13 Pro показали на качественных изображениях и видео</title>
	<date verify="true" type="date" auto="true">2021-02-17</date>
	<author verify="true" type="text" auto="true">Андрей Галадей</author>
	<text verify="true" type="cdata" auto="true">![CDATA[['Ресурс LetsGoDigital совместно с дизайнером Technizo Concept представили высококачественные рендеры и видео будущего смартфона iPhone 13 Pro. Этот дизайн основан на утечках. Внешне «тринадцатый» похож на текущее поколение. У него есть «чёлка» и квадратный модуль основной камеры. Также отметим углы, как у 12-й линейки. При этом на изображениях нет разъёма под зарядку. Также обращают на себя внимание тонкие рамки экрана. Судя по утечкам, дисплей будет 120-герцовым на матрице AMOLED. Ему приписывают подэкранный сканер отпечатка и режим Always-On Display. А максимум памяти составит целый терабайт. Также iPhone 13 Pro приписывают улучшенный Face ID. Анонс ожидается в сентябре 2021 года, по другим данным — через год.']]]</text>
	<tags verify="true" type="list" auto="true">
		<tag>Apple</tag>
		<tag>iPhone 13</tag>
		<tag>iPhone 13 Pro</tag>
		<tag>рендер</tag>
	</tags>
	<source verify="true" type="text" auto="true">LetsGoDigital</source>
	<href verify="true" type="text" auto="true">https://the-geek.ru/news/iphone-13-pro-pokazali-na-kachestvennyh-izobrazheniyah-i-video</href>
</doc>
