<?xml version="1.0" ?>
<doc>
	<title verify="true" type="text" auto="true">iPhone 13 может получить сканер отпечатка пальца</title>
	<date verify="true" type="date" auto="true">2021-01-18</date>
	<author verify="true" type="text" auto="true">Андрей Галадей</author>
	<text verify="true" type="cdata" auto="true">![CDATA[['Похоже, что у iPhone 13 (или iPhone 12S) будет как минимум ещё одна новая «фишка». Сообщается, что компания Apple тестирует подэкранный сканер отпечатков пальцев для моделей 2021 года. Таким образом, в Купертино явно хотят совместить две технологии идентификации пользователя — Face ID и сканер отпечатка. Такое уже реализовано в смартфонах на Android. Кроме того, такой способ авторизации полезен в условиях пандемии из-за масок. В Apple также обсуждают полный отказ от разъема для зарядки. Планируется не просто заменить Lightning на USB Type-C, а вовсе отказаться от кабелей. Насколько это оправданный шаг — другой вопрос. Кроме того, им приписывают новые дисплеи. Помимо этого, компания ведёт работу над складным смартфоном, уже тестируется несколько разных прототипов — с гибким экраном, двумя дисплеями и так далее. Однако до релиза ещё пройдёт немало времени.']]]</text>
	<tags verify="true" type="list" auto="true">
		<tag>Apple</tag>
		<tag>iPhone 12s</tag>
		<tag>iPhone 13</tag>
	</tags>
	<source verify="true" type="text" auto="true">Bloomberg</source>
	<href verify="true" type="text" auto="true">https://the-geek.ru/news/iphone-13-mozhet-poluchit-skaner-otpechatka-palcza</href>
</doc>
