<?xml version="1.0" ?>
<doc>
	<title verify="true" type="text" auto="true">iPhone 5c отправили в отставку. Он официально признан устаревшим</title>
	<date verify="true" type="date" auto="true">2020-11-04</date>
	<author verify="true" type="text" auto="true">Андрей Галадей</author>
	<text verify="true" type="cdata" auto="true">![CDATA[['Пару дней назад, 2 ноября, компания Apple обновила на своём сайте официальный список устаревших продуктов. И туда попал бюджетный смартфон iPhone 5c. Это означает, что корпорация не гарантирует наличие запчастей на случай поломки. Также будут ограничены услуги, хотя и не все. Отметим, что устаревшими в Купертино считаются продукты, которые были выпущены более пяти лет назад. iPhone 5c появился на рынке под конец 2013 года. Он был оснащён пластиковым корпусом и представлен в белом, синем, зелёном, розовом и жёлтом цветах. Смартфон полагался на однокристальную систему Apple A6, имел 4-дюймовый ЖК-дисплей и 8-мегапиксельную камеру. На фоне тогдашних смартфонов компании это было бюджетное решение.']]]</text>
	<tags verify="true" type="list" auto="true">
		<tag>Apple</tag>
		<tag>iPhone 5c</tag>
	</tags>
	<source verify="true" type="text" auto="true">Mydrivers</source>
	<href verify="true" type="text" auto="true">https://the-geek.ru/news/iphone-5c-otpravili-v-otstavku</href>
</doc>
