<?xml version="1.0" ?>
<doc>
	<title verify="true" type="text" auto="true">iPhone 13 Pro показали на качественных изображениях</title>
	<date verify="true" type="date" auto="true">2021-05-25</date>
	<author verify="true" type="text" auto="true">Андрей Галадей</author>
	<text verify="true" type="cdata" auto="true">![CDATA[['Китайские источники опубликовали финальные рендеры iPhone 13 Pro, которые были в сеть ресурсом LeaksApplePro. Утверждается, что новинка будет именно такой. Новые «яблочные» смартфоны получат уменьшенную «монобровь» за счёт более компактной фронтальной камеры. Основная же камер получит три модуля по 12 МП более крупного размера, чем ранее. Также камера будет оснащена лазерным дальномером. Внутри у iPhone 13 Pro должен быть установлен процессор Apple A15, который выполнен по нормам в 5 нанометров. При этом обещан также внешний модем Qualcomm Snapdragon X60 5G. Из других особенностей отметим LTPO-экран с переменной частотой обновления до 120 Гц производства Samsung. Обещано до 8 ГБ ОЗУ и до 1 ТБ флэш-памяти. Презентация новинки ожидается в сентябре.']]]</text>
	<tags verify="true" type="list" auto="true">
		<tag>Apple</tag>
		<tag>iPhone 13 Pro</tag>
		<tag>рендер</tag>
	</tags>
	<source verify="true" type="text" auto="true">Gizchina</source>
	<href verify="true" type="text" auto="true">https://the-geek.ru/news/iphone-13-pro-renders</href>
</doc>
