<?xml version="1.0" ?>
<doc>
	<title verify="true" type="text" auto="true">iPhone 12 перестанут менять, а будут ремонтировать</title>
	<date verify="true" type="date" auto="true">2021-02-17</date>
	<author verify="true" type="text" auto="true">Андрей Галадей</author>
	<text verify="true" type="cdata" auto="true">![CDATA[['В iPhone 12 компания Apple отказалась от зарядного обустройства в комплекте. Однако это лишь начало. Как сообщается, теперь вводится в строй новый метод ремонта для iPhone 12 mini и iPhone 12. Отныне в сервисе не будут менять смартфоны на новые, а станут ремонтировать. Согласно внутренней служебной записке, начиная с 23 февраля технические специалисты смогут осуществлять ремонт iPhone 12 mini и iPhone 12, если те не включаются, имеют проблемы с системной платой, Face ID или имеют повреждения тыльной панели. Для этого авторизованные сервисные центры получат заднюю часть корпуса iPhone со всеми компонентами за исключением дисплея и блока основной камеры. Это сделано, как утверждается, для сокращения углеродного следа.']]]</text>
	<tags verify="true" type="list" auto="true">
		<tag>Apple</tag>
		<tag>iPhone 12</tag>
	</tags>
	<source verify="true" type="text" auto="true">MacRumors</source>
	<href verify="true" type="text" auto="true">https://the-geek.ru/news/iphone-12-perestanut-menyat-a-budut-remontirovat</href>
</doc>
