<?xml version="1.0" ?>
<doc>
	<title verify="true" type="text" auto="true">LeEco объявила о возращении на рынок</title>
	<date verify="true" type="date" auto="true">2021-05-13</date>
	<author verify="true" type="text" auto="true">Алексей Авдеев</author>
	<text verify="true" type="cdata" auto="true">![CDATA[['Небезызвестная компания LeEco, которая в 2017 году ушла с рынка, объявила о своём возращении. Об этом стало известно из приглашений на конференцию LeTV Smart Ecological Conference, которая пройдёт 18 мая 2021 года. Напомним, китайский бренд LeEco стремительно набирал вес на мировом рынке, но не имея достаточных финансовых активов, потерпел неудачу в 2017 году. Компания впала в кризис, а также попала под давление кредиторов и ключевых партнёров. Даже в приглашении надпись: «Я вернулся!», и силуэт человека может свидетельствовать о возвращении основателя LeEco Цзя Юэтин. Также в приглашении упоминаются смартфоны, смарт-часы, гарнитура и другие технологические устройства.']]]</text>
	<tags verify="true" type="list" auto="true">
		<tag>LeEco</tag>
	</tags>
	<source verify="true" type="text" auto="true">Gizmochina</source>
	<href verify="true" type="text" auto="true">https://the-geek.ru/news/leeco-obyavila-o-vozrashhenii-na-rynok</href>
</doc>
