<?xml version="1.0" ?>
<doc>
	<title verify="true" type="text" auto="true">LEGO выпустила самый масштабный набор по вселенной Marvel</title>
	<date verify="true" type="date" auto="true">2021-05-17</date>
	<author verify="true" type="text" auto="true">Валентин Снежин</author>
	<text verify="true" type="cdata" auto="true">![CDATA[['LEGO представила знаменитое здание редакции газеты The Daily Bugle – то самое, в котором работал Питер Паркер. Набор состоит из 3772 деталек и 25 фигурок человечек по вселенной Marvel. Среди знаменитых персонажей в наборе можно найти Доктора Осьминога, Питера Паркера, Венома, Мистерио, Гоблина, Сорвиголову и Джей Джона Джеймсона. Само здание состоит их четырёх модульных этажей, а также переднего и заднего двора. Общая высота в собранного виде составляет целых 82 сантиметра. Стоимость набора Daily Bugle составляет $299 (около 22 тысяч рублей). В продаже он будет доступен с 1 июня 2021 года']]]</text>
	<tags verify="true" type="list" auto="true">
		<tag>LEGO</tag>
		<tag>Marvel</tag>
	</tags>
	<source verify="true" type="text" auto="true">LEGO</source>
	<href verify="true" type="text" auto="true">https://the-geek.ru/news/lego-marvel-daily-bugle</href>
</doc>
