<?xml version="1.0" ?>
<doc>
	<title verify="true" type="text" auto="true">LEGO выпустила новый набор LEGO Super Mario с фигуркой персонажа Луиджи</title>
	<date verify="true" type="date" auto="true">2021-04-20</date>
	<author verify="true" type="text" auto="true">Валентин Снежин</author>
	<text verify="true" type="cdata" auto="true">![CDATA[['Компания LEGO объявила о том, что популярный персонаж Луиджи присоединяется ко вселенной LEGO Super Mario в новом стартовом наборе LEGO Super Mario «Приключения вместе с Луиджи». Набор с интерактивной фигуркой LEGO Луиджи – самое свежее обновление линейки LEGO Super Mario, появившейся благодаря уникальному сотрудничеству с компанией Nintendo и открывшей новый способ взаимодействия с кубиками LEGO. В основе игры с наборами LEGO Super Mario лежат традиционные элементы LEGO, уникальность заключается в том, что дети могут строить собственные уровни Super Mario, руководствуясь фантазией, «оживлять» фигурки LEGO Марио и LEGO Луиджи, взаимодействуя с ними интерактивными способами.\nДоступный с 20 апреля для предзаказа новый стартовый набор позволяет расширить яркую вселенную LEGO Super Mario и знакомит детей с Луиджи – братом Марио, часто сопровождающим его в игре. Фигурка LEGO Луиджи изготовлена по тем же технологиям, что и фигурка его брата, и оснащена датчиком цвета, ЖК-экраном для отображения различных реакций на движения и динамиком для воспроизведения знаменитых звуков и музыки из серии видеоигр Super Mario. В набор LEGO Super Mario «Приключения вместе с Луиджи» входят коричневые кубики, которые символизируют башню и вызывают новые звуковые реакции LEGO Луиджи, а также Блок «?» с дополнительными наградами. Новый набор состоит из 280 деталей и дает возможность строить и перестраивать уровни, совмещая их с другими наборами LEGO Super Mario различными способами, чтобы создавать новые уровни LEGO Super Mario. Набор LEGO Super Mario «Приключения вместе с Луиджи» уже доступен для предварительного заказа со специальными подарками в России в сети сертифицированных магазинов LEGO. Рекомендованная розничная цена в России – 4499 рублей.']]]</text>
	<tags verify="true" type="list" auto="true">
		<tag>LEGO</tag>
		<tag>LEGO Super Mario</tag>
	</tags>
	<source verify="true" type="text" auto="true">LEGO</source>
	<href verify="true" type="text" auto="true">https://the-geek.ru/news/lego-vypustila-novyj-nabor-lego-super-mario-s-figurkoj-personazha-luidzhi</href>
</doc>
