<?xml version="1.0" ?>
<doc>
	<title verify="true" type="text" auto="true">Lenovo готовит смартфон с поддержкой быстрой зарядки до 110 Вт</title>
	<date verify="true" type="date" auto="true">2021-03-12</date>
	<author verify="true" type="text" auto="true">Михаил Дулуб</author>
	<text verify="true" type="cdata" auto="true">![CDATA[['Последний выпуск смартфонов Lenovo датирован маем прошлого года. Настало время обновить арсенал устройств, а поэтому в сети появляется все больше информации о новых устройствах. Так, в сертификационном агентстве засветился один из таких смартфонов. Многие аналитики уверены, что это модель Lenovo Legion 2. Но самое интересное то, что аппарат будет поддерживать быструю зарядку вплоть до 110 Вт. Кстати, даже появилась информация, как компании удалось это реализовать. Для быстрой зарядки Lenovo пришлось разделить аккумулятор на две части, причем каждый из них заряжается от отдельного порта. Если в первой версии устройства быстрая зарядка была мощностью 45 Вт, то во второй итерации устройства, теперь имеем: 65 Вт + 45 Вт, то есть в сумме — 110 Вт. Сам игровой девайс будет работать на чипсете Snapdragon 888. Также ожидается наличие достаточного объема оперативной памяти и возможность настройки под себя пользовательского интерфейса. А вот о стоимости данного девайс и доступности за пределами Поднебесной, информации пока нет.']]]</text>
	<tags verify="true" type="list" auto="true">
		<tag>Lenovo</tag>
		<tag>Lenovo Legion 2</tag>
	</tags>
	<source verify="true" type="text" auto="true">Gsmarena</source>
	<href verify="true" type="text" auto="true">https://the-geek.ru/news/lenovo-gotovit-smartfon-s-podderzhkoj-bystroj-zaryadki-do-110-vt</href>
</doc>
