<?xml version="1.0" ?>
<doc>
	<title verify="true" type="text" auto="true">Lenovo готовит преемника модели Legion</title>
	<date verify="true" type="date" auto="true">2021-03-03</date>
	<author verify="true" type="text" auto="true">Михаил Дулуб</author>
	<text verify="true" type="cdata" auto="true">![CDATA[['В социальной сети Weibo представители Lenovo опубликовали тизер нового смартфона, который станет преемником игрового девайса – Lenovo Legion. Речь идет о модели Lenovo Legion 2 Pro, главной фишкой которого станет пара активных кулеров для охлаждения. На рекламном плакате так и написано: “двойная регулируемая система охлаждения с турбонаддувом”. Из других известных на данный момент технических характеристик, можно говорить о наличии чипсета Snapdragon 888. А вот даты, когда может пройти презентация устройства, пока нет, но состоится это точно весной. Сам производитель говорит, что это устройство без компромиссов и касается это самых требовательных игр. Ранние утечки говорят о наличии 16 ГБ ОЗУ, а также AMOLED-дисплея с возможной частотой обновления до 144 Гц. Питаться Lenovo Legion 2 Pro будет от аккумулятора на 5 000 мАч. А вот в качестве внутренней памяти будет выступать хранилище стандарта UFS 3.1. В качестве оперативной памяти будет выступать модуль LPDDR5.']]]</text>
	<tags verify="true" type="list" auto="true">
		<tag>Lenovo</tag>
		<tag>Lenovo Legion</tag>
	</tags>
	<source verify="true" type="text" auto="true">Gsmarena</source>
	<href verify="true" type="text" auto="true">https://the-geek.ru/news/lenovo-gotovit-preemnika-modeli-legion</href>
</doc>
