<?xml version="1.0" ?>
<doc>
	<title verify="true" type="text" auto="true">Lenovo Legion 2 Pro — свежие подробности об игровом смартфоне</title>
	<date verify="true" type="date" auto="true">2021-04-06</date>
	<author verify="true" type="text" auto="true">Андрей Галадей</author>
	<text verify="true" type="cdata" auto="true">![CDATA[['Компания Lenovo показала первые живые фото нового игрового смартфона Legion 2 Pro. И, судя по ним, новинка получит активное охлаждение. У смартфона есть кулер и решётка для выброса тепла. Похоже, такой режим будет включаться только во время игр, поскольку нужно будет охлаждать всё железо в середине. В остальных сценариях, скорее всего, кулер работать не будет. При этом новинка получила фронтальную камеру сбоку — это позволит проводить стримы во время игр. Такое решение ранее использовали в первой модели. Помимо этого, новинка получит процессор Snapdragon 888, аккумулятор на 5500 и быструю зарядку на 90 Вт. А ещё он получит крутой экран. Сам смартфон покажут уже 8 апреля.']]]</text>
	<tags verify="true" type="list" auto="true">
		<tag>Lenovo Legion 2 Pro</tag>
	</tags>
	<source verify="true" type="text" auto="true"/>
	<href verify="true" type="text" auto="true">https://the-geek.ru/news/lenovo-legion-2-pro-svezhie-podrobnosti-ob-igrovom-smartfone</href>
</doc>
