<?xml version="1.0" ?>
<doc>
	<title verify="true" type="text" auto="true">LG может прекратить выпуск смартфонов</title>
	<date verify="true" type="date" auto="true">2021-01-20</date>
	<author verify="true" type="text" auto="true">Андрей Галадей</author>
	<text verify="true" type="cdata" auto="true">![CDATA[['Компания LG Electronics готовится принять решение о своём присутствии на рынке мобильной электроники и судьбе соответствующего подразделения. Суть в том, что оно терпит убытки на протяжении 23 кварталов подряд (почти 6 лет). В компании отметили, что за это время подразделение потеряло в общей сложности около $4,5 млрд. И хотя явно об этом пока не говорится, не исключено, что LG Electronics может уйти с рынка мобильных устройств и продать подразделение. При этом в компании заявили, что сотрудников оставят в штате компании. Пока что не уточняется, что именно и когда планируется сделать с подразделением. Однако очевидно, что инвесторов эта новость порадовала. Акции компании уже взлетели на 12,9%.']]]</text>
	<tags verify="true" type="list" auto="true">
		<tag>LG</tag>
		<tag>Смартфон</tag>
	</tags>
	<source verify="true" type="text" auto="true">The Korea Times</source>
	<href verify="true" type="text" auto="true">https://the-geek.ru/news/lg-mozhet-prekratit-vypusk-smartfonov</href>
</doc>
