<?xml version="1.0" ?>
<doc>
	<title verify="true" type="text" auto="true">Mac mini на M1 не выводит из спящего режима подключенные дисплеи</title>
	<date verify="true" type="date" auto="true">2021-03-26</date>
	<author verify="true" type="text" auto="true">Валентин Снежин</author>
	<text verify="true" type="cdata" auto="true">![CDATA[['Покупатели новых Mac mini с процессором M1 начали сталкиваться с проблемой из-за которой компьютер не выводит из режима сна подключенный монитор. Об этом стало известно от некоторых пользователей на сайте клиентской технической поддержки Apple и тематическом форуме MacRumors. Отмечается, что проблема проявляется не у всех пользователей, а сами жалобы на форумах Apple начали появляться с ноября 2020 года, именно тогда и начались продажи новых Mac mini на процессорах M1. Один из пользователей на MacRumors рассказывает, что его Mac mini в конфигурации 8/256Гб не хочет выводить подключенный дисплей из спящего режима. Он пробовал подключаться к другим дисплеям, использовать разные HDMI, но проблема никуда не исчезает. Другой пользователей отмечает нормальную работу компьютера до тех пор, пока он не уходит в спящий режим. Сам Mac на техническом уровне отдаёт команду на вывод дисплея из режима сна, но не передает на него изображение. Пользователи столкнувшиеся с проблемой не нашли какую-либо связь с разными брендами мониторов, проблема есть и остаётся с любым дисплеем. Также сейчас Apple рассматривают другую проблему с выводом изображения в Mac mini на M1. А именно с появлением розовых квадратов, которые появляются в случайной порядке при запуске ПК. Предполагается, что неисправность кроется в недоработке видеоядра Apple Silicon.']]]</text>
	<tags verify="true" type="list" auto="true">
		<tag>Apple</tag>
		<tag>Mac mini</tag>
	</tags>
	<source verify="true" type="text" auto="true">Apple Support</source>
	<href verify="true" type="text" auto="true">https://the-geek.ru/news/mac-mini-na-m1-ne-vyvodit-iz-spyashhego-rezhima-podklyuchennye-displei</href>
</doc>
