<?xml version="1.0" ?>
<doc>
	<title verify="true" type="text" auto="true">Meizu 18 и Meizu 18 Pro уже в продаже. Но цена не радует</title>
	<date verify="true" type="date" auto="true">2021-03-29</date>
	<author verify="true" type="text" auto="true">Андрей Галадей</author>
	<text verify="true" type="cdata" auto="true">![CDATA[['Китайские смартфоны продолжают завоёвывать мир. На сей раз это серия Meizu 18, которая уже доступна по всему миру через AliExpress. По данным торговой площадки, Meizu 18 получит 6,23-дюймовый изогнутый дисплей S-AMOLED с разрешением 3200 х 1440 пикселей и частотой 120 Гц. При этом внутри новинка получит прошлогодний процессор Snapdragon 865. Память представлена вариантами 8/128 ГБ (819 долларов), 8/256 ГБ (869 долларов) и 12/256 ГБ (899 долларов). Ёмкость батареи 4000 мА•ч, есть быстрая зарядка на 36 Вт. Доступны цвета Blue, Sunset Ocean и White Grey. ОС — Flyme 9 на базе Android 11. Что касается камер, то основная будет располагать модулем на 64 МП. Вторичные модули будут на 16 и 8 МП. Селфи-камера — 32 МП. Версия Meizu 18 Pro будет стоить 940-110 долларов в зависимости от объёма памяти. Она получит экран AMOLED поколения E4 с диагональю 6,7 дюйма и разрешением 3200 х 1440 пикселей. Частота до 120 Гц, есть поддержка HDR. Ёмкость аккумулятора составляет 4500 мА•ч, поддерживается 40-ваттная зарядка. Камера оснащена основным модулем на 50 МП, есть трёхкратный оптический зум. Фронтальная — 44 МП. В целом, надо признать покупка выйдет не слишком выгодной. Ведь за куда меньшие деньги можно найти модели не только на 860 и 870-м Snapdragon, но даже на 888-м. Разве что кому-то принципиален именно изогнутый дисплей с огромным разрешением и частотой. В остальном смартфоны не слишком хорошо выглядят.']]]</text>
	<tags verify="true" type="list" auto="true">
		<tag>Meizu 18</tag>
		<tag>Meizu 18 Pro</tag>
		<tag>Смартфон</tag>
	</tags>
	<source verify="true" type="text" auto="true">Aliexpress</source>
	<href verify="true" type="text" auto="true">https://the-geek.ru/news/meizu-18-i-meizu-18-pro-uzhe-v-prodazhe-no-czena-ne-raduet</href>
</doc>
