<?xml version="1.0" ?>
<doc>
	<title verify="true" type="text" auto="true">Meizu начала продавать iPhone</title>
	<date verify="true" type="date" auto="true">2021-04-15</date>
	<author verify="true" type="text" auto="true">Андрей Галадей</author>
	<text verify="true" type="cdata" auto="true">![CDATA[['Китайская компания Meizu сделала весьма странный шаг. В своём интернет-магазине Meizu Mall она будет продавать айфоны — но лишь в Китае и в ближайшие две недели. Отметим, что ранее ни один производитель Android-смартфонов не решался на такой шаг. Пока неясно, что сподвигло компанию на это. Самое интересное, что в рекламном постере Meizu похвалила Apple. Там говорится, что iPhone не уступает флагманам Meizu 18 по защищённости пользовательских данных. Также было отмечено, что продукция Apple является одновременно конкурирующей и дружественной. Пока неясно, какие модели будут продавать. Однако, похоже, эти смартфоны компания собрала во время промо-кампании, когда айфоны меняли на скидки при покупке Meizu 18. Таким образом, компания попробует вернуть деньги, хотя бы отчасти.']]]</text>
	<tags verify="true" type="list" auto="true"/>
	<source verify="true" type="text" auto="true">Mydrivers</source>
	<href verify="true" type="text" auto="true">https://the-geek.ru/news/meizu-nachala-prodavat-iphone</href>
</doc>
