<?xml version="1.0" ?>
<doc>
	<title verify="true" type="text" auto="true">Microsoft Flight Simulator получил крупное британское обновление</title>
	<date verify="true" type="date" auto="true">2021-02-17</date>
	<author verify="true" type="text" auto="true">Вадим Майков</author>
	<text verify="true" type="cdata" auto="true">![CDATA[['Microsoft выпустила крупное обновления для своего авиасимулятора Microsoft Flight Simulator, которое посвящено Великобритании. В апдейте улучшена прорисовка Бирмингема, Бристоля, Кембриджа, Лондона и Оксфорда. Также было добавлено пять новых аэропортов. Британское обновление приносит улучшенное отображение местных достопримечательностей. Кроме того, было добавлено три события: Следующее обновление Microsoft Flight Simulator будет ориентировано на проработанную Францию, Бельгию, Нидерланды и Люксембург.']]]</text>
	<tags verify="true" type="list" auto="true">
		<tag>Microsoft</tag>
	</tags>
	<source verify="true" type="text" auto="true">Xbox</source>
	<href verify="true" type="text" auto="true">https://the-geek.ru/news/microsoft-flight-simulator-poluchil-krupnoe-britanskoe-obnovlenie</href>
</doc>
