<?xml version="1.0" ?>
<doc>
	<title verify="true" type="text" auto="true">Microsoft Store раскрыл дату выхода Far Cry 6</title>
	<date verify="true" type="date" auto="true">2020-11-19</date>
	<author verify="true" type="text" auto="true">Вадим Майков</author>
	<text verify="true" type="cdata" auto="true">![CDATA[['Microsoft Store раскрыл дату релиза шутера Far Cry 6. На странице проекта указана дата релиза 26 мая 2021 года. Одновременно выход произойдёт для США и России. В официальном магазине издателя Ubisoft Store дата выхода отсутствует. Изначально игра должны была выйти в феврале 2021 года, но в октябре дату релиза перенесли. По какой причине произошёл перенос — неизвестно. Far Cry 6 появится на PS4, PS5, Xbox One, Xbox Series X и S, PC, а также в Google Stadia']]]</text>
	<tags verify="true" type="list" auto="true">
		<tag>Far Cry</tag>
		<tag>Microsoft Store</tag>
	</tags>
	<source verify="true" type="text" auto="true">Microsoft Store</source>
	<href verify="true" type="text" auto="true">https://the-geek.ru/news/microsoft-store-raskryl-data-vyhoda-far-cry-6</href>
</doc>
