<?xml version="1.0" ?>
<doc>
	<title verify="true" type="text" auto="true">Microsoft на время перестанет обновлять Windows 10</title>
	<date verify="true" type="date" auto="true">2020-11-14</date>
	<author verify="true" type="text" auto="true">Михаил Дулуб</author>
	<text verify="true" type="cdata" auto="true">![CDATA[['По заверениям одного источника, компания Microsoft на время прекратит выпускать обновления для Windows 10. Скорее всего, период затишья продлится до конца года, но некоторые не уверены, что и после этого обновления начнут выходить с завидной частотой. Правда стоит сказать, что обновления безопасности выходить все-таки будут, куда же без них. Такая негативная тенденция касается лишь опциональных обновлений, известных еще, как обновления C и D. С чем же это связано? Официальная формулировка гласит: «Минимальная активность в головном офисе в период праздников и выходных». На деле же мы видим практически полное прекращение работы инженерами на этот период. Как бы ни хотели скрыть руководители такой простой, все это относится к эпидемии COVID-19. Большинство рабочих остаются в отпусках и на самоизоляции, и лишь небольшая часть трудится удаленно. Вспомните, что подобное наблюдалось и весной, когда только начинался пик заболеваний. Сейчас с коронавирусом наблюдается подобная тенденция, а поэтому, руководители решили перестраховаться на этот период.']]]</text>
	<tags verify="true" type="list" auto="true">
		<tag>Microsoft</tag>
		<tag>Windows 10</tag>
	</tags>
	<source verify="true" type="text" auto="true">Windowslatest</source>
	<href verify="true" type="text" auto="true">https://the-geek.ru/news/microsoft-na-vremya-perestanet-obnovlyat-windows-10</href>
</doc>
