<?xml version="1.0" ?>
<doc>
	<title verify="true" type="text" auto="true">Microsoft не получает прибыли от продажи Xbox — это заявили официально</title>
	<date verify="true" type="date" auto="true">2021-05-07</date>
	<author verify="true" type="text" auto="true">Андрей Галадей</author>
	<text verify="true" type="cdata" auto="true">![CDATA[['Давно уже ходили слухи, что Microsoft не получает прибыли от продаж консолей Xbox. Но теперь это подтверждено официально. Один из руководителей Microsoft завил об этом в рамках судебного разбирательства по делу Epic Games против Apple. При этом важно понимать, что прибыли нет именно от консолей, тогда как рынок игр вполне неплох в этом плане. По словам представителя компании, бизнес использует модель аппаратного субсидирования, при этом деньги идут за счёт покупки игр и подписок на сервисы. Подобная схема используется и у Sony. При этом обе компании сильнее всего субсидируют консоли в начале жизненного цикла нового поколения консолей. Самое интересное, что у Nintendo используется иная схема — там консоли не субсидируют, а продают за полную стоимость. При этом отметим, что в магазине приложений Windows и в магазине игр Xbox используются разные процентные ставки для разработчиков. На ОС компания берёт только 12% комиссионных. А на консолях — все 30%.']]]</text>
	<tags verify="true" type="list" auto="true">
		<tag>Microsoft</tag>
	</tags>
	<source verify="true" type="text" auto="true">The Verge</source>
	<href verify="true" type="text" auto="true">https://the-geek.ru/news/microsoft-ne-poluchaet-pribyli-ot-prodazhi-xbox-eto-zayavili-oficzialno</href>
</doc>
