<?xml version="1.0" ?>
<doc>
	<title verify="true" type="text" auto="true">Microsoft открыла доступ к 16 играм для Xbox и Xbox 360 в облачном сервисе xCloud</title>
	<date verify="true" type="date" auto="true">2021-03-31</date>
	<author verify="true" type="text" auto="true">Вадим Майков</author>
	<text verify="true" type="cdata" auto="true">![CDATA[['Подписчики Game Pass Ultimate могут уже опробовать запуск игр на мобильных устройствах под управлением Android. Компания запустила облачный сервис xCloud и теперь там доступны такие проекты: Пока это только стартовая подборка, чуть позже Microsoft обеспечит запуск в xCloud и других игр с Xbox и Xbox 360. К сожалению, в России доступ к платформе пока не открыли. В 2021 году сервис должны запустить на ПК и мобильных устройствах с iOS.']]]</text>
	<tags verify="true" type="list" auto="true">
		<tag>Xbox</tag>
	</tags>
	<source verify="true" type="text" auto="true">Xbox</source>
	<href verify="true" type="text" auto="true">https://the-geek.ru/news/microsoft-otkryla-dostup-k-16-igram-dlya-xbox-i-xbox-360-v-oblachnom-servise-xcloud</href>
</doc>
