<?xml version="1.0" ?>
<doc>
	<title verify="true" type="text" auto="true">Microsoft прекратила распространять срочное обновление для Windows 10</title>
	<date verify="true" type="date" auto="true">2021-03-21</date>
	<author verify="true" type="text" auto="true">Вадим Майков</author>
	<text verify="true" type="cdata" auto="true">![CDATA[['Microsoft срочно отозвала недавнее внеплановое обновления для Windows 10. Апдейт под номером KB5001649 стал вторым патчем за прошлую неделю и должен был решить проблему с Windows 10 с «Синим экраном смерти», который появляется при попытке распечатать документы. Первые два патча не смогли решить проблему с печатью и принесли ещё больше неожиданностей, что сказалось на негативной реакции пользователей по всему миру. Пока Microsoft отозвала последнее обновление без объяснения причин, пользователям доступен первый патч под номером KB5001567, который хоть как-то решает проблему при работе с принтером и прочим печатным оборудованием.']]]</text>
	<tags verify="true" type="list" auto="true">
		<tag>Microsoft</tag>
		<tag>Windows 10</tag>
	</tags>
	<source verify="true" type="text" auto="true">WindowsLatest</source>
	<href verify="true" type="text" auto="true">https://the-geek.ru/news/microsoft-prekratila-rasprostranyat-srochnoe-obnovlenie-dlya-windows-10</href>
</doc>
