<?xml version="1.0" ?>
<doc>
	<title verify="true" type="text" auto="true">Microsoft автоматически удаляет Flash с Windows 10</title>
	<date verify="true" type="date" auto="true">2021-02-17</date>
	<author verify="true" type="text" auto="true">Андрей Галадей</author>
	<text verify="true" type="cdata" auto="true">![CDATA[['Компания Microsoft начала распространять обновление KB4577586, которое удаляет Adobe Flash Player из Windows 10. Ранее оно было опциональным, но теперь загружается автоматически, если запросить проверку обновлений. Как ожидается, обновление появится у всех пользователей и будет установлено в обязательном порядке в ближайшие недели. Ранее компания лишь предлагала установить этот апдейт вручную из каталога обновлений. Отметим, что Adobe ещё в 2017 году признала технологию Flash Player устаревшей и начала отказываться от неё. Начиная с 12 января 2021 года, компания-разработчик начала блокировать запуск контента в браузерах.']]]</text>
	<tags verify="true" type="list" auto="true">
		<tag>Flash Player</tag>
		<tag>Microsoft</tag>
		<tag>Windows 10</tag>
	</tags>
	<source verify="true" type="text" auto="true">Windows Latest</source>
	<href verify="true" type="text" auto="true">https://the-geek.ru/news/microsoft-avtomaticheski-udalyaet-flash-s-windows-10</href>
</doc>
