<?xml version="1.0" ?>
<doc>
	<title verify="true" type="text" auto="true">Microsoft может купить мессенджер Discord за $10 млрд</title>
	<date verify="true" type="date" auto="true">2021-03-23</date>
	<author verify="true" type="text" auto="true">Валентин Снежин</author>
	<text verify="true" type="cdata" auto="true">![CDATA[['Microsoft начала вести переговоры о приобретении компании Discord, которая занимается выпуском популярного одноименного мессенджера для геймеров. По первым сведения, корпорация готова заплатить около $10 млрд, об этом сообщает Bloomberg со ссылкой на анонимные источники. По другой информации, Discord может выйти на IPO, вместо того чтобы стать частью Microsoft. Сама покупка Discord может принести Microsoft дополнительные шаги в игровой индустрии. Достаточно вспомнить, как Microsoft приобрела в марте крупную игровую студию и издателя в лице Bethesda Softworks. Discord – популярный бесплатный мессенджер среди геймеров. Он позволяет создавать комнаты и общаться в них с помощью голоса, текста и видео. Во время пандемии его использовали для проведения уроков, конференций и прочих виртуальных мероприятий.']]]</text>
	<tags verify="true" type="list" auto="true">
		<tag>Discord</tag>
		<tag>Microsoft</tag>
	</tags>
	<source verify="true" type="text" auto="true">Bloomberg</source>
	<href verify="true" type="text" auto="true">https://the-geek.ru/news/microsoft-mozhet-kupit-messendzher-discord-za-10-mlrd</href>
</doc>
