<?xml version="1.0" ?>
<doc>
	<title verify="true" type="text" auto="true">Microsoft выпустит холодильник в стиле Xbox Series X</title>
	<date verify="true" type="date" auto="true">2021-04-03</date>
	<author verify="true" type="text" auto="true">Вадим Майков</author>
	<text verify="true" type="cdata" auto="true">![CDATA[['Директор по маркетингу Xbox Аарон Гринберг пообещал выпустить мини-холодильники в стиле Xbox Series X. Он отмечает, что это не какая-то поздняя первоапрельская шутка для привлечения внимания. Дело началось 1 апреля в Твиттере, где соцсеть запустила «битву брендов», а победителя выбирали с помощью голосования среди пользователей. В финале оказались Xbox и Skittles – последний бренд в случае победы пообещал вернуть драже со вкусом лайма, а Microsoft в ответ на это обещание выпустить фирменные холодильники в дизайне Xbox Series X. По итогам голосования Xbox победил. Чуть позже Гринберг сообщил, что Xbox сдержит своё слово, а первый холодильник, заполненный доверху всевозможными играми, отправится в офис бренда Skittles. Кроме того, любой желающий может выиграть такой холодильник, просто сделав ретвит записи в Twitter до 4 ноября. Стоит отметить, что пока неизвестно, сколько холодильников выйдет, а также стоимость и появление в России. Но мы бы однозначно такой купили!']]]</text>
	<tags verify="true" type="list" auto="true">
		<tag>Microsoft</tag>
		<tag>Xbox</tag>
	</tags>
	<source verify="true" type="text" auto="true"/>
	<href verify="true" type="text" auto="true">https://the-geek.ru/news/microsoft-vypustit-holodilnik-v-stile-xbox-series-x</href>
</doc>
