<?xml version="1.0" ?>
<doc>
	<title verify="true" type="text" auto="true">Microsoft объявила о прекращении поддержки Internet Explorer</title>
	<date verify="true" type="date" auto="true">2021-05-20</date>
	<author verify="true" type="text" auto="true">Алексей Авдеев</author>
	<text verify="true" type="cdata" auto="true">![CDATA[['Microsoft сделала официальное заявление о прекращении поддержки браузера Internet Explorer. Финальной точкой для него станет 15 июня 2022 года. Однако, в корпоративных версиях Windows 10 LTSC браузер будет работать, как и раньше. Кроме того, компании, которые, по каким-то причинам работают в Internet Explorer, смогут использовать режим IE в Edge, представленный пару лет назад. Режим будет поддерживаться Edge как минимум до 2029 года. Internet Explorer начал своё существование с 1995 года, а разработка новых версий не велась с 2015 года. На смену устаревшему браузеру пришел более современный Microsoft Edge, который по умолчанию установлен во всех новых версиях Windows.']]]</text>
	<tags verify="true" type="list" auto="true">
		<tag>Microsoft</tag>
		<tag>Windows</tag>
	</tags>
	<source verify="true" type="text" auto="true">Microsoft</source>
	<href verify="true" type="text" auto="true">https://the-geek.ru/news/ie-the-end-2022</href>
</doc>
