<?xml version="1.0" ?>
<doc>
	<title verify="true" type="text" auto="true">Microsoft показала обновлённые иконки в Windows 10</title>
	<date verify="true" type="date" auto="true">2021-03-25</date>
	<author verify="true" type="text" auto="true">Вадим Майков</author>
	<text verify="true" type="cdata" auto="true">![CDATA[['Microsoft продолжает омолаживать свою операционную систему Windows 10. В сборке Build 21343, которая доступна участникам программы Windows 10 Insider Preview, продемонстрированы новый интерфейс и привычные иконки для ярлыков. Особо стали заметны значки Рабочего стола, Мой компьютер, Документов, Изображения и остальных. Кроме нового дизайна, Microsoft видоизменила проводник, сделав его более интуитивным и увеличив расстояние между группами. Также обновились иконки для Дисков и Корзины. Теперь они повернуты к пользователю лицевой стороной, а не боковой, как это было сделано ранее. В сборке 21343 проделана работа над ошибками и убраны частые глюки с которыми сталкивались пользователи Windows 10.']]]</text>
	<tags verify="true" type="list" auto="true">
		<tag>Microsoft</tag>
		<tag>Windows 10</tag>
	</tags>
	<source verify="true" type="text" auto="true">Windows Blog</source>
	<href verify="true" type="text" auto="true">https://the-geek.ru/news/microsoft-pokazala-obnovlyonnye-ikonki-v-windows-10</href>
</doc>
