<?xml version="1.0" ?>
<doc>
	<title verify="true" type="text" auto="true">Microsoft Edge научили синхронизировать вкладки между Android и Windows</title>
	<date verify="true" type="date" auto="true">2020-12-15</date>
	<author verify="true" type="text" auto="true">Андрей Галадей</author>
	<text verify="true" type="cdata" auto="true">![CDATA[['Фирменный браузер Microsoft Edge получил давно ожидаемую функцию. Теперь он может синхронизировать вкладки и историю между устройствами Android и Windows. Это доступно в бета-версии под номером 45.11.24.5118 для Android. Активация этой функции производится в настройках браузерам. Там надо выбрать существующий аккаунт или завести новый с помощью адреса электронной почты, затем выбрать пункт «Синхронизация». После этого история и вкладки будут синхронизированы. Отметим, что браузер уже умеет синхронизировать данные форм, пароли, Избранное и Коллекции. Добавление новых пунктов сделает эту возможность ещё удобнее. При этом пока что не сообщается, когда эта функция выйдет в релиз.']]]</text>
	<tags verify="true" type="list" auto="true">
		<tag>Microsoft Edge</tag>
		<tag>Браузер</tag>
	</tags>
	<source verify="true" type="text" auto="true">WindowsCentral</source>
	<href verify="true" type="text" auto="true">https://the-geek.ru/news/microsoft-edge-nauchili-sinhronizirovat-vkladki-mezhdu-android-i-windows</href>
</doc>
