<?xml version="1.0" ?>
<doc>
	<title verify="true" type="text" auto="true">Midnight Club: Los Angeles вернулась в продажу на Xbox</title>
	<date verify="true" type="date" auto="true">2021-04-27</date>
	<author verify="true" type="text" auto="true">Вадим Майков</author>
	<text verify="true" type="cdata" auto="true">![CDATA[['Легендарная Midnight Club: Los Angeles для Xbox снова стала доступна для покупки в виде полного издания. Кроме того, официальная стоимость игры теперь составляет $14,99 долларов или 1300 рублей. Также игра получила обратную совместимость на Xbox One и Xbox Series X/S. Дополнительно были исправлены технические проблемы в виде долгой загрузки текстур и других игровых объектов. Стоит отметить, что Midnight Club: Los Angeles до сих пор нельзя приобрести в PlayStation Store или Steam. Оригинальная Midnight Club: Los Angeles вышла в 2008 году, а в 2009 появилось полное издание. С того времени Rockstar выпустила GTA V, две части Red Dead Redemption, L.A. Noire и Max Payne 3.']]]</text>
	<tags verify="true" type="list" auto="true">
		<tag>Rockstar Games</tag>
		<tag>Xbox</tag>
	</tags>
	<source verify="true" type="text" auto="true">Xbox Marketplace</source>
	<href verify="true" type="text" auto="true">https://the-geek.ru/news/midnight-club-los-angeles-vernulas-v-prodazhu-na-xbox</href>
</doc>
