<?xml version="1.0" ?>
<doc>
	<title verify="true" type="text" auto="true">Motorola со стилусом появилась в Geekbench</title>
	<date verify="true" type="date" auto="true">2021-01-08</date>
	<author verify="true" type="text" auto="true">Андрей Галадей</author>
	<text verify="true" type="cdata" auto="true">![CDATA[['Базы данных бенчмарков част остановятся источниками утечек. Так получилось и на сей раз. В базе популярного тестового приложения Geekbench появились результаты тестирования смартфона компании Motorola. Речь идёт о модели Moto G Stylus 2021. Новинка, как сообщается, получила однокристальную систему Qualcomm с графическим процессором Adreno 612 Учитывая это, а также результаты тестов (542 балла в одноядерном тесте и 1650 баллов в многоядерном) — это Snapdragon 678. Также новинка получит 4 ГБ ОЗУ, 128 ГБ постоянной памяти, экран с диагональю 6,81 дюйма и разрешением 2400 x 1080 пикселей. Важно отметить, что новинка получит стилус, хотя пока неясно, насколько его будет удобно использовать на таком экране. Стоимость устройства составит 340 долларов. Дата выхода не уточняется.']]]</text>
	<tags verify="true" type="list" auto="true"/>
	<source verify="true" type="text" auto="true">GSM Arena</source>
	<href verify="true" type="text" auto="true">https://the-geek.ru/news/motorola-so-stilusom-poyavilas-v-geekbench</href>
</doc>
