<?xml version="1.0" ?>
<doc>
	<title verify="true" type="text" auto="true">Motorola в этом году выпустит три модели умных часов</title>
	<date verify="true" type="date" auto="true">2021-02-28</date>
	<author verify="true" type="text" auto="true">Михаил Дулуб</author>
	<text verify="true" type="cdata" auto="true">![CDATA[['В прошлом году мы могли видеть эпохальное возвращение умных часов от Motorola – Moto 360. В этом же году производитель совместно со своим партнером в лице eBuyNow готов пополнить арсенал умных устройства сразу тремя новинками. Если верить последним утечкам, то новые устройства могут выйти летом, точнее в июне. Одно из устройств будет бюджетным, с круглым экраном и двумя физическими кнопками на боковой грани. Два других умных девайса получат название Moto Watch и Moto One и они уже будут очень схожи с Apple Watch. Модель Moto One выйдет в сегменте премиум-класса. Кроме этих устройств были слиты изображения еще одного устройства, которое пока неизвестно и имеет интересный дизайн. Девайс уж слишком напоминает модель Moto 360, однако имеет прозрачную заднюю крышку, через которую можно видеть некоторые внутренние компоненты, в частности, катушку для зарядки. Скорее всего, основной станет платформа Snapdragon Wear 4100 с 1 ГБ ОЗУ. В более бюджетном варианте увидим Snapdragon 3100. Работать умные часы будут на WearOS.']]]</text>
	<tags verify="true" type="list" auto="true">
		<tag>Moto 360</tag>
		<tag>Motorola</tag>
	</tags>
	<source verify="true" type="text" auto="true">Gsmarena</source>
	<href verify="true" type="text" auto="true">https://the-geek.ru/news/motorola-v-etom-godu-vypustit-tri-modeli-umnyh-chasov</href>
</doc>
