<?xml version="1.0" ?>
<doc>
	<title verify="true" type="text" auto="true">Motorola представила смартфон Moto G9 Power с батареей на 6000 мА·ч</title>
	<date verify="true" type="date" auto="true">2020-11-06</date>
	<author verify="true" type="text" auto="true">Андрей Галадей</author>
	<text verify="true" type="cdata" auto="true">![CDATA[['Motorola представила смартфон Moto G9 Power, который может потягаться с моделями Samsung за звание «долгожителей». Новинка получила аккумулятор на 6000 мА·ч с зарядкой в 20 Вт. Для сравнения, у линейки Galaxy M этот показатель равен 15 Вт. А вот у M51 ёмкость составляет 7000 мА·ч с зарядкой на 25 Вт. Смартфон от Motorola базируется на чипсете Qualcomm Snapdragon 662, имеет 4 ГБ ОЗУ и 128 ГБ встроенной памяти плюс карта памяти на 512 ГБ. Экран — 6,8-дюймовый IPS с разрешением 1640 x 720 пикселей. Фронтальная камера врезана в него, её сенсор имеет разрешение в 16 МП. Основная же включает в себя модули на 64 + 2 + 2 МП. Сканер отпечатка размещён позади. Есть две SIM-карты, порты USB Type-C и 3,5 мм для наушников, чипы NFC, двухдиапазонный WiFi 5 и Bluetooth 5.0. Обещаны два цвета: фиолетовый и зеленый. ОС — Android 10. Стоимость в Европе составит 200 евро.']]]</text>
	<tags verify="true" type="list" auto="true">
		<tag>Motorola</tag>
		<tag>Motorola Moto G9 Power</tag>
		<tag>Смартфон</tag>
	</tags>
	<source verify="true" type="text" auto="true">The Verge</source>
	<href verify="true" type="text" auto="true">https://the-geek.ru/news/motorola-predstavila-smartfon-moto-g9-power-s-batareej-na-6000-ma%c2%b7ch</href>
</doc>
