<?xml version="1.0" ?>
<doc>
	<title verify="true" type="text" auto="true">Motorola продемонстрировала собственную технологию беспроводной зарядки</title>
	<date verify="true" type="date" auto="true">2021-01-29</date>
	<author verify="true" type="text" auto="true">Михаил Дулуб</author>
	<text verify="true" type="cdata" auto="true">![CDATA[['Технология беспроводной зарядки еще не сильно развита, но производители все время пытаются нас, обычных пользователей, чем-то удивить. Не так давно представители Xiaomi продемонстрировали свой вариант зарядки смартфона на расстоянии. Вероятно, они использовали Mi Air Charge. Их конкуренты в лице Motorola не стали долго отсиживаться и уже представили свой ответ. Им удалось заряжать смартфоны с расстояния в 1 м, что наглядно демонстрирует видео. Единственная загвоздка в том, что между зарядным и смартфоном не должно быть других предметов. Если таковой появляется — зарядка прекращается. В ролике нам продемонстрированы два смартфона Motorola Edge, которые специально модифицировали под эти нужды. Они расположены на расстоянии 80 см и 1 м. При попадании смартфонов в радиус действия зарядного устройства, аккумуляторы сразу же начинают принимать заряд. Но как только ладонь ложится на зарядное устройство, процесс зарядки прекращается. Скорее всего, речь идет о зарядном устройстве под названием Motorola One Hyper. Несмотря на то, что технология этого устройства — стандарт Qi, разработчики из Motorola заявляют, что их новинка лучше. Если верить информации, то максимальное число одновременно заряжаемых смартфонов может доходить до 7 экземпляров. Правда, пока не ясно, как происходит сам процесс зарядки. То есть, неизвестна скорость зарядки, да и как разделяется емкость при заряде.']]]</text>
	<tags verify="true" type="list" auto="true">
		<tag>Motorola</tag>
		<tag>беспроводная зарядка</tag>
	</tags>
	<source verify="true" type="text" auto="true">Gsmarena</source>
	<href verify="true" type="text" auto="true">https://the-geek.ru/news/motorola-prodemonstrirovala-sobstvennuyu-tehnologiyu-besprovodnoj-zaryadki</href>
</doc>
