<?xml version="1.0" ?>
<doc>
	<title verify="true" type="text" auto="true">Mozilla прекращает поддержку прогрессивных веб-приложений для ПК</title>
	<date verify="true" type="date" auto="true">2021-01-28</date>
	<author verify="true" type="text" auto="true">Андрей Галадей</author>
	<text verify="true" type="cdata" auto="true">![CDATA[['Progressive Web Apps — это одна из модных тем в веб-дизайне и разработке. Автономные приложения, которые можно запускать на ПК, смартфоне или планшете. При этом они представляют собой, по сути, те же веб-сайты, только в иной оболочке. И вот теперь стало известно, что Mozilla прекратила разработку поддержки Progressive Web Apps (PWA) в настольных версиях Firefox. При этом у браузеров на основе Chromium такая поддержка есть, причём она функционально шире, чем была у Firefox. В последнем случае не было некоторых настроек. Вместо PWA в компании намерены сосредоточить своё внимание на функциях, которые, по мнению Mozilla, будут более полезными для их пользователей. Хотя пока неясно, что это будут за возможности.']]]</text>
	<tags verify="true" type="list" auto="true">
		<tag>Firefox</tag>
		<tag>Mozilla</tag>
	</tags>
	<source verify="true" type="text" auto="true">9to5google</source>
	<href verify="true" type="text" auto="true">https://the-geek.ru/news/mozilla-prekrashhaet-podderzhku-progressivnyh-veb-prilozhenij-dlya-pk</href>
</doc>
