<?xml version="1.0" ?>
<doc>
	<title verify="true" type="text" auto="true">Nike выпустила кроссовки в стиле PlayStation 5</title>
	<date verify="true" type="date" auto="true">2021-05-05</date>
	<author verify="true" type="text" auto="true">Валентин Снежин</author>
	<text verify="true" type="cdata" auto="true">![CDATA[['Новые кроссовки от Nike выполнены в узнаваемой стилистике PlayStation 5 и получили соответствующее название – PG5. В создании новой пары участвовали Nike, компания Sony и знаменитый баскетболист Пол Джордж. Текстура обуви в точности повторяет геймпад DualSense: в наличии вкраплениями из фирменных треугольников, квадратов, кружков и крестиков. На язычке левого кроссовка расположился логотип PG, а на правом – PlayStation. Кроссовки PG5 появятся в продаже с 14 мая по цене от $120 или около 9 тысяч рублей. В России модель продаваться не будет.']]]</text>
	<tags verify="true" type="list" auto="true">
		<tag>Nike</tag>
		<tag>Sony</tag>
	</tags>
	<source verify="true" type="text" auto="true">Nike</source>
	<href verify="true" type="text" auto="true">https://the-geek.ru/news/nike-vypustila-krossovki-v-stile-playstation-5</href>
</doc>
