<?xml version="1.0" ?>
<doc>
	<title verify="true" type="text" auto="true">Nintendo готовит обновленную версию игровой приставки Switch</title>
	<date verify="true" type="date" auto="true">2021-03-04</date>
	<author verify="true" type="text" auto="true">Михаил Дулуб</author>
	<text verify="true" type="cdata" auto="true">![CDATA[['На одном зарубежном ресурсе опубликовали новость, что поставщик дисплеев в лице Samsung будет поставлять свою продукцию не только создателям, но и Nintendo. Производитель игровых приставок намерен выпустить обновленную версию консоли Switch, а поэтому заказала у южнокорейской компании семидюймовые OLED-дисплеи. В отчете, полученном от источника говорится о создании OLED-панелей для Nintendo Switch с большой диагональю. Производство стартует в июне, а поставки месяц спустя. О самом дисплее известно немного. В первую очередь — это его высокое разрешение HD. Выбор именно такого разрешение — это уменьшение потребления энергии от аккумулятора.']]]</text>
	<tags verify="true" type="list" auto="true">
		<tag>Nintendo</tag>
		<tag>Nintendo Switch</tag>
	</tags>
	<source verify="true" type="text" auto="true">Gsmarena</source>
	<href verify="true" type="text" auto="true">https://the-geek.ru/news/nintendo-gotovit-obnovlennuyu-versiyu-igrovoj-pristavki-switch</href>
</doc>
