<?xml version="1.0" ?>
<doc>
	<title verify="true" type="text" auto="true">No Man’s Sky получил обновление «Экспедиции»</title>
	<date verify="true" type="date" auto="true">2021-03-31</date>
	<author verify="true" type="text" auto="true">Валентин Снежин</author>
	<text verify="true" type="cdata" auto="true">![CDATA[['Студия Hello Games объявила о выходе очередного крупного обновления под названием Expeditions (Экспедиции), главным нововведение стало – одноимённый режим игры вместе с уже существующими. Новый режим создаёт каждое событие с определённой точки во вселенной. Именно туда попадают все игроки для начала своего путешествия. У них множество задач, которые подразумевают взаимодействие с другими пользователям. Каждая миссия состоит по разному типу сложности и трудоёмкости. Их можно пропустить, но если полностью их завершить, то получится заработать дополнительное вознаграждение. Кроме нового режима, апдейт исправляет различные игровые баги и приносит значительные улучшения. Игрокам доступен новый интерфейс и возможность использовать разрешением 4K. Также повысилась скорость загрузки игры и улучшена оптимизация.']]]</text>
	<tags verify="true" type="list" auto="true">
		<tag>No man's sky</tag>
	</tags>
	<source verify="true" type="text" auto="true">Nomanssky</source>
	<href verify="true" type="text" auto="true">https://the-geek.ru/news/no-mans-sky-poluchil-obnovlenie-ekspediczii</href>
</doc>
