<?xml version="1.0" ?>
<doc>
	<title verify="true" type="text" auto="true">Nokia готовит первый игровой смартфон</title>
	<date verify="true" type="date" auto="true">2021-03-08</date>
	<author verify="true" type="text" auto="true">Андрей Галадей</author>
	<text verify="true" type="cdata" auto="true">![CDATA[['В сети появилась спецификации нового смартфона Nokia G10. Похоже, это будет первый игровой смартфон компании. Во всяком случае. Так говорят инсайдеры. При этом ещё до презентации данные о нём появились на сайте одного из российских ретейлеров, там стали известны предположительные характеристики. Как сообщается, новинка получит восьмиядерный процессор с частотой 2 ГГц, 4 ГБ оперативной памяти, накопитель на 64 ГБ и возможность установки двух SIM-карт. Есть также 6,4-дюймовый дисплей с разрешением HD+, модуль NFC и аккумулятор ёмкостью 4000 мАч. Обещан LTE-модем. Как отмечается, новинка получила индекс G, что указывает на игровой статус. Однако не исключено, что смартфон «потянет» только простые игры. С другой стороны, это свидетельствует о неплохой цене. Дата выхода пока не сообщается.']]]</text>
	<tags verify="true" type="list" auto="true">
		<tag>Nokia G10</tag>
		<tag>Смартфон</tag>
	</tags>
	<source verify="true" type="text" auto="true">MySmartPrice</source>
	<href verify="true" type="text" auto="true">https://the-geek.ru/news/nokia-gotovit-pervyj-igrovoj-smartfon</href>
</doc>
