<?xml version="1.0" ?>
<doc>
	<title verify="true" type="text" auto="true">Nokia выпустила бюджетный смартфон с Android 10 Go Edition</title>
	<date verify="true" type="date" auto="true">2020-12-14</date>
	<author verify="true" type="text" auto="true">Андрей Галадей</author>
	<text verify="true" type="cdata" auto="true">![CDATA[['Китайский производитель HMD Global выпустил бюджетный смартфон Nokia C1 Plus с Android 10 Go Edition и неплохим ценником. Новинка, как сообщается, получила экран с разрешением HD+ и диагональю 5,45 дюйма. Внутри установлен неназванный 4-ядерный процессор с частотой 1,4 ГГц, 1 ГБ ОЗУ и 16 ГБ ПЗУ. Камеры одинарные, характеризуются разрешением в 5 МП каждая. За питание отвечает аккумулятор на 2500 2500 мАч. Смартфон получил модули 4G LTE, Wi-Fi (802.11 b/g/n), Bluetooth 4.2, и 3,5 мм аудиоразъем. Есть две SIM-карты.  Nokia C1 Plus уже можно предзаказать в России в синем и красном цветах по цене 5990 рублей.']]]</text>
	<tags verify="true" type="list" auto="true">
		<tag>Nokia</tag>
		<tag>Nokia C1 Plus</tag>
		<tag>Смартфон</tag>
	</tags>
	<source verify="true" type="text" auto="true">HMD Global</source>
	<href verify="true" type="text" auto="true">https://the-geek.ru/news/nokia-vypustila-byudzhetnyj-smartfon</href>
</doc>
