<?xml version="1.0" ?>
<doc>
	<title verify="true" type="text" auto="true">Nokia 8.3 с поддержкой 5G вышел в России</title>
	<date verify="true" type="date" auto="true">2020-10-30</date>
	<author verify="true" type="text" auto="true">Валентин Снежин</author>
	<text verify="true" type="cdata" auto="true">![CDATA[['В России стартовали продажи нового смартфона Nokia 8.3. Аппарат получил 6,81-дюймовый Full HD+ дисплей, сканер отпечатков пальцев на боковой грани и поддержку сетей пятого поколения 5G. За работу отвечает процессор Snapdragon 765G и 8 ГБ оперативной памяти. Для хранения данных доступно 128 ГБ памяти с возможностью расширения картой microSD до 512 ГБ. Объём аккумулятора составляет 4500 мАч. Основная камера на 4 модуля: 64+12+2+2 Мп. Кроме того, смартфон способен записывать видео в разрешении 4К при 60 кадров в секунду. Стоимость Nokia 8.3 в России составит 49 990 рублей.']]]</text>
	<tags verify="true" type="list" auto="true">
		<tag>Nokia</tag>
	</tags>
	<source verify="true" type="text" auto="true"/>
	<href verify="true" type="text" auto="true">https://the-geek.ru/news/nokia-8-3-s-podderzhkoj-5g-vyshel-v-rossii</href>
</doc>
