<?xml version="1.0" ?>
<doc>
	<title verify="true" type="text" auto="true">Nokia 10 получит Snapdragon 875 и сапфировое стекло</title>
	<date verify="true" type="date" auto="true">2020-11-03</date>
	<author verify="true" type="text" auto="true">Андрей Галадей</author>
	<text verify="true" type="cdata" auto="true">![CDATA[['Появились новые данные о не анонсированном смартфоне Nokia 10 PureView. Как сообщается, новинка может получить сразу несколько любопытных фишек. Во-первых, смартфон, по данным источника, оснастят мощнейших процессором Snapdragon 875, который потенциально обгонит Kirin 9000 и Apple A14. Вов-вторых, новинка получит сапфировое стекло, что позволит защитить экран. В-третьих, у новинки, вероятнее всего, будет многомодульная камера PureView c оптикой Zeiss. Её спецификации не уточняются, однако не стоит исключать, что камера получит некие особые «фишки». Ведь Nokia любит отступать от общепринятых стандартов. Как ожидается, смартфон выйдет только во второй половине 2021 года.']]]</text>
	<tags verify="true" type="list" auto="true">
		<tag>Nokia 10</tag>
		<tag>Nokia 10 PureView</tag>
		<tag>Слухи</tag>
		<tag>Смартфон</tag>
		<tag>Утечки</tag>
	</tags>
	<source verify="true" type="text" auto="true">Nokiapoweruser</source>
	<href verify="true" type="text" auto="true">https://the-geek.ru/news/nokia-10-poluchit-snapdragon-875-i-sapfirovoe-steklo</href>
</doc>
