<?xml version="1.0" ?>
<doc>
	<title verify="true" type="text" auto="true">Nokia вернёт на рынок ещё два легендарных телефона</title>
	<date verify="true" type="date" auto="true">2020-11-04</date>
	<author verify="true" type="text" auto="true">Андрей Галадей</author>
	<text verify="true" type="cdata" auto="true">![CDATA[['Похоже, что бренд Nokia готовится вывести на рынок обновлённые версии ещё двух популярных моделей кнопочных телефонов. Речь идёт о Nokia 6300 4G и Nokia 8000 4G, которые получат поддержку мобильных сетей четвёртого поколения, а также адаптеры Wi-Fi. Отметим, что первая модель явно выступает «перезапуском» версии Nokia 6300, которая появилась в 2007 году. Она работала под управлением операционной системы Series 40 и поддерживала возможность установки карты памяти. А вот модели Nokia 8000 попросту не было. Существовали Nokia 8800 и 8800 Sirocco Edition, так что пока остаётся только гадать, какой именно телефон скрывается под этим обозначением. Данных о ценах, дате выхода и так далее пока нет приводится.']]]</text>
	<tags verify="true" type="list" auto="true">
		<tag>Nokia</tag>
		<tag>Телефон</tag>
	</tags>
	<source verify="true" type="text" auto="true">winfuture.de</source>
	<href verify="true" type="text" auto="true">https://the-geek.ru/news/nokia</href>
</doc>
