<?xml version="1.0" ?>
<doc>
	<title verify="true" type="text" auto="true">NVIDIA, по слухам, готовит карту GeForce RTX 3080 Ti с 20 ГБ памяти GDDR6X</title>
	<date verify="true" type="date" auto="true">2020-11-04</date>
	<author verify="true" type="text" auto="true">Андрей Галадей</author>
	<text verify="true" type="cdata" auto="true">![CDATA[['В сети появились новые слухи о возможной будущей видеокарте GeForce RTX 3080 Ti. Истоник сообщает, что она может получить 20 ГБ видеопамяти GDDR6X и графический процессор GA102-250-KD-A1. При этом у него будет целых 10 496 ядер CUDA, как и у RTX 3090. Это позволяет предположить, что RTX 3080 Ti стане своеобразным суб-флагманом. При этом она получит те же частоты, что и обычная RTX 3080. Предполагается, что новинка будет работать с 320-битной шиной памяти. Похоже, что новинка расположится между 3080 и 3090. Если цена будет адекватной, то у карты есть все шансы стать хитом продаж.']]]</text>
	<tags verify="true" type="list" auto="true">
		<tag>GeForce RTX 3080 Ti</tag>
		<tag>NVIDIA</tag>
	</tags>
	<source verify="true" type="text" auto="true">Twitter</source>
	<href verify="true" type="text" auto="true">https://the-geek.ru/news/nvidia-gotovit-kartu-geforce-rtx-3080-ti-s-20-gb-pamyati-gddr6x</href>
</doc>
