<?xml version="1.0" ?>
<doc>
	<title verify="true" type="text" auto="true">NVIDIA представила игровую видеокарту RTX 3060 для слабых ПК</title>
	<date verify="true" type="date" auto="true">2021-01-12</date>
	<author verify="true" type="text" auto="true">Алексей Авдеев</author>
	<text verify="true" type="cdata" auto="true">![CDATA[['На проходящей CES 2021 компания NVIDIA продемонстрировала новую видеокарту RTX 3060 и первые карты 3000-серии для ноутбуков. Новая RTX 3060 ориентирована для нетребовательных устройств. Благодаря ей пользователи могут играть в игры в высоком разрешении 1080p и даже в 1440p с трассировкой лучей. Также видеокарта обладает фирменной технологией DLSS, управляемая нейросетью для детализации изображения с низким разрешением. Игра может запуститься в разрешении 720p, но технология превратит картинку в более высокую по типу 1080p. Характеристики RTX 3060:\n– 12 ГБ графической памяти GDDR6;\n– 3584 ядер CUDA;\n– 28 тензорных ядер (RT);\n– шина памяти 192-бит. Кроме того, линейка пополнилась картами RTX 3060, 3070 и 3080 для ноутбуков. Ранее они были доступны для стационарных ПК. Видеокарта RTX 3060 появится в продаже с февраля по цене $329.']]]</text>
	<tags verify="true" type="list" auto="true">
		<tag>NVIDIA</tag>
	</tags>
	<source verify="true" type="text" auto="true"/>
	<href verify="true" type="text" auto="true">https://the-geek.ru/news/nvidia-igrovuyu-videokartu-rtx-3060-dlya-slabyh-pk</href>
</doc>
