<?xml version="1.0" ?>
<doc>
	<title verify="true" type="text" auto="true">Nvidia показала собственный процессор Grace для суперкомпьютера</title>
	<date verify="true" type="date" auto="true">2021-04-12</date>
	<author verify="true" type="text" auto="true">Вадим Майков</author>
	<text verify="true" type="cdata" auto="true">![CDATA[['Сегодня Nvidia презентовала первый собственный процессор для центров обработки данных под названием Grace. Он основан на архитектуре Arm и обеспечивает 10-кратный прирост производительности по сравнению с быстрыми аналогами. Процессор предназначен на задачи по обучению моделей обработки естественного языка нового поколения, имеющих более 1 трлн параметров. Процессор оснащён ядрами Arm Neoverse нового поколения, поддержкой памяти LPDDR5x и пропускной способностью 500 ГБ/с. На самом сайте Nvidia показана целая плата, а не отдельный процессор, без каких-либо объяснений и уточнений. По всей видимости о микросхеме будет сказано позже. Релиз первого суперкомпьютера с CPU Nvidia Grace на борту ожидается в 2023 году.']]]</text>
	<tags verify="true" type="list" auto="true">
		<tag>NVIDIA</tag>
	</tags>
	<source verify="true" type="text" auto="true">Nvidia</source>
	<href verify="true" type="text" auto="true">https://the-geek.ru/news/nvidia-pokazala-sobstvennyj-proczessor-grace-dlya-superkompyutera</href>
</doc>
