<?xml version="1.0" ?>
<doc>
	<title verify="true" type="text" auto="true">NVIDIA ограничит возможности майнинга на RTX 3060</title>
	<date verify="true" type="date" auto="true">2021-02-19</date>
	<author verify="true" type="text" auto="true">Андрей Галадей</author>
	<text verify="true" type="cdata" auto="true">![CDATA[['NVIDIA хочет, чтобы игровые видеокарты использовались для игры, а не для добычи криптовалют. Потому младшая модель GeForce RTX 3060 получит обновление драйвера, которое снизить вдвое её производительность именно в плане майнинга Ethereum. Если драйвер обнаружит алгоритмы, схожие с добычей Ethereum, то карта будет снижать производительность. Также в компании заявили, что будут выпускать карты с чипами NVIDIA Cryptocurrency Mining Processor (CMP). В серию войдут модели 30HX, 40HX, 50HX и 90HX. Это будут карты, «заточенные» именно под криптомайнинг. Они не получат видеовыходов и других «фишек» видеокарт. Их данные выглядят так: В компании отметили, что производство CMP не скажется на производстве обычных чипов. При этом те карты, которые уже выпущены и проданы, не будут ограничиваться по производительности. Об этом в компании заявили официально. Таким образом, уже собранные фермы не лишатся заработка.']]]</text>
	<tags verify="true" type="list" auto="true">
		<tag>NVIDIA</tag>
		<tag>NVIDIA GeForce RTX 3060</tag>
		<tag>Майнинг</tag>
	</tags>
	<source verify="true" type="text" auto="true">NVIDIA</source>
	<href verify="true" type="text" auto="true">https://the-geek.ru/news/nvidia-ogranichit-vozmozhnosti-majninga-na-rtx-3060</href>
</doc>
