<?xml version="1.0" ?>
<doc>
	<title verify="true" type="text" auto="true">OnePlus 9R на ColorOS покажут на следующей неделе</title>
	<date verify="true" type="date" auto="true">2021-04-09</date>
	<author verify="true" type="text" auto="true">Алексей Авдеев</author>
	<text verify="true" type="cdata" auto="true">![CDATA[['OnePlus официально подтвердила релиз доступного смартфона OnePlus 9R, но пока только для китайского рынка. Дебют новинки состоится 15 апреля. Новинка в лице OnePlus 9R является улучшенной версией прошлогоднего OnePlus 8T и будет работать на флагманском чипсете Snapdragon 870 с прошивкой ColorOS. В Китае будут доступны черный и голубой варианты. Также на презентации будет объявлена стоимость смартфона и дата выхода в продажу.']]]</text>
	<tags verify="true" type="list" auto="true">
		<tag>Oneplus</tag>
	</tags>
	<source verify="true" type="text" auto="true">OnePlus</source>
	<href verify="true" type="text" auto="true">https://the-geek.ru/news/oneplus-9r-na-coloros-pokazhut-na-sleduyushhej-nedele</href>
</doc>
