<?xml version="1.0" ?>
<doc>
	<title verify="true" type="text" auto="true">OnePlus 9 Pro получит уникальную основную камеру</title>
	<date verify="true" type="date" auto="true">2020-11-30</date>
	<author verify="true" type="text" auto="true">Андрей Галадей</author>
	<text verify="true" type="cdata" auto="true">![CDATA[['Ресурс LetsGoDigital опубликовал свежие рендеры будущего смартфона OnePlus 9. И, судя по ним, новинка получит ряд интересных нововведений. Во-первых, у смартфона будет безрамочный дисплей с загнутыми краями. Камера расположится в левом верхнем углу. Как ожидается, там будет 3-мегапиксельный сенсор производства Sony. Во-вторых, основная же камера получит два крупных модуля и два блока поменьше. Из других особенностей заявлены процессор Qualcomm Snapdragon 875 и экран с частотой обновления в 120 Гц. Отметим также разъём USB Type-C, а вот выхода на наушники не будет. В качестве ОС заявлена OxygenOS 11 на основе Android 11. Дата выхода пока не уточняется.']]]</text>
	<tags verify="true" type="list" auto="true">
		<tag>Oneplus</tag>
		<tag>OnePlus 9 Pro</tag>
	</tags>
	<source verify="true" type="text" auto="true">LetsGoDigital</source>
	<href verify="true" type="text" auto="true">https://the-geek.ru/news/oneplus-9-pro-poluchit-unikalnuyu-osnovnuyu-kameru</href>
</doc>
