<?xml version="1.0" ?>
<doc>
	<title verify="true" type="text" auto="true">OnePlus представила первый фитнес-браслет</title>
	<date verify="true" type="date" auto="true">2021-01-11</date>
	<author verify="true" type="text" auto="true">Андрей Галадей</author>
	<text verify="true" type="cdata" auto="true">![CDATA[['Компания OnePlus представила свой первый фитнес-браслет под названием OnePlus Band. Новинка походит на Mi Band 5, однако при этом кое-чем и отличается. Отметим, что у браслета OnePlus используется док-станция, а у Mi — магнитный коннектор. Из-за этого в первом случае придётся вынимать модуль из ремешка. Браслет оснащён 1,1-дюймовым AMOLED-дисплеем с разрешением 126×294 пикселей. Он поддерживает 37 предустановленных циферблатов. Есть защита по стандарту IP68 вот воды и пыли. Функционально OnePlus Band мало чем отличается от аналогов. Есть показ времени, подсчёт шагов, определение частоты пульса и уровня кислорода в крови, мониторинг сна и так далее. Цена вопроса в Индии — 2499 рупий — около 2,5 тысячи рублей по актуальному курсу.']]]</text>
	<tags verify="true" type="list" auto="true">
		<tag>Oneplus</tag>
		<tag>OnePlus Band</tag>
	</tags>
	<source verify="true" type="text" auto="true">FoneArena</source>
	<href verify="true" type="text" auto="true">https://the-geek.ru/news/oneplus-predstavila-pervyj-fitnes-braslet</href>
</doc>
