<?xml version="1.0" ?>
<doc>
	<title verify="true" type="text" auto="true">OnePlus показала официальный дизайн OnePlus 9</title>
	<date verify="true" type="date" auto="true">2021-03-15</date>
	<author verify="true" type="text" auto="true">Валентин Снежин</author>
	<text verify="true" type="cdata" auto="true">![CDATA[['Похоже OnePlus надоело создавать тайны вокруг своих смартфонов, как это делают другие производители и показала официальный внешний вид грядущего смартфона OnePlus 9 Pro. Изображения опубликовало британское подразделение бренда в Твиттере. На рендерах можно рассмотреть новинку со всех сторон в серебристом цвете. Сам OnePlus называет данный цвет Morning Mist (утренний туман). Устройство получило основную камеру Hasselblad на четыре модуля и врезанный в дисплей миниатюрный модуль для селфи. Снизу разместился порт для зарядки Type-C, лоток для SIM-карты и стереодинамики. По ранним утечкам, линейка OnePlus 9 получит AMOLED-дисплей, мощный процессор Snapdragon 888 и аккумулятор на 4500 мАч с поддержкой быстрой зарядки на 65 Вт. Презентация серии OnePlus 9 запланирована на 23 марта.']]]</text>
	<tags verify="true" type="list" auto="true">
		<tag>Oneplus</tag>
	</tags>
	<source verify="true" type="text" auto="true">Twitter</source>
	<href verify="true" type="text" auto="true">https://the-geek.ru/news/oneplus-pokazala-oficzialnyj-dizajn-oneplus-9</href>
</doc>
