<?xml version="1.0" ?>
<doc>
	<title verify="true" type="text" auto="true">OPPO показала смартфон-свиток</title>
	<date verify="true" type="date" auto="true">2020-11-17</date>
	<author verify="true" type="text" auto="true">Андрей Галадей</author>
	<text verify="true" type="cdata" auto="true">![CDATA[['Всё возвращается на новом уровне технического развития. Китайская компания OPPO на своей презентации представила смартфон OPPO X 2021. И он выполнен в виде свитка. Новинка оснащена гибким OLED-дисплеем с базовой диагональю 6,7 дюймов и увеличением до 7,4 дюйма. За «растягивание» отвечают встроенные моторы, а сама панель, как утверждается, эластична. Из того, что видно на изображениях, смартфон оснащен стереодинамиками, USB-C разъемом и тремя задними камерами. Пока что это лишь концепт, так что говорить о скором выходе новинки на рынок не стоит. Спецификации устройства, а также параметры экрана не сообщаются. Однако для начала продаж подобного девайса нужно решить кучу технических проблем. К ним можно отнести механические и электронные доработки.']]]</text>
	<tags verify="true" type="list" auto="true">
		<tag>Oppo</tag>
		<tag>концепт</tag>
	</tags>
	<source verify="true" type="text" auto="true">YouTube</source>
	<href verify="true" type="text" auto="true">https://the-geek.ru/news/oppo-pokazala-smartfon-svitok</href>
</doc>
