<?xml version="1.0" ?>
<doc>
	<title verify="true" type="text" auto="true">Oppo готовит анонс новой технологии быстрой зарядки</title>
	<date verify="true" type="date" auto="true">2021-02-18</date>
	<author verify="true" type="text" auto="true">Михаил Дулуб</author>
	<text verify="true" type="cdata" auto="true">![CDATA[['Не так давно на китайском ресурсе Weibo было опубликовано сообщение, что компания Oppo может в скором времени представить новую технологию ускоренной зарядки. Для тех, кто не знает, китайский технический гигант является важной фигурой в области технологий зарядки в индустрии смартфонов. Эта информация подтвердилась и уже сейчас производитель показал тизер будущей технологии. По всей вероятности, представление пройдет в Шанхае на MWC и состоится это 23 февраля. Необходимо отметить, что именно технологией быстрой зарядки славится производитель. Компания не раз уже подтверждала это качеством. О новой технологии практически неизвестно ничего. Единственное, что намекает на новизну, так это наличие приставки «интерактивной» зарядки.']]]</text>
	<tags verify="true" type="list" auto="true">
		<tag>Oppo</tag>
		<tag>быстрая зарядка</tag>
	</tags>
	<source verify="true" type="text" auto="true">Gizmochina</source>
	<href verify="true" type="text" auto="true">https://the-geek.ru/news/oppo-gotovit-anons-novoj-tehnologii-bystroj-zaryadki</href>
</doc>
