<?xml version="1.0" ?>
<doc>
	<title verify="true" type="text" auto="true">Oppo Find X3 Pro — новые подробности о смартфоне</title>
	<date verify="true" type="date" auto="true">2021-02-11</date>
	<author verify="true" type="text" auto="true">Михаил Дулуб</author>
	<text verify="true" type="cdata" auto="true">![CDATA[['Все ближе время презентации новых устройств от Oppo, а поэтому мы становимся свидетелями все новых утечек. Так, девайс Oppo Find X3 Pro появился в двух сертификационных ведомствах и с них уже удалось узнать некоторые нюансы. Так, есть вероятность, что рассматриваемый смартфон появится в марте одновременно с другими устройствами компании – Find X3 Neo и Find X3 Lite. Так, на ресурсе IMDA была замечена модель с кодовым названием Oppo CPH2173. Скорее всего, это и есть Find X3 Pro. А если это так, то данная модель получит модули LTE, 5G, Wi-Fi, Bluetooth и NFC. На другом ресурсе — HTML5 выяснилось, что смартфон работает на предустановленной версии Android 11. А вот для поклонников качественных снимков есть плохая новость. По всей видимости, мы не увидим у этой модели пятикратного зума, наличие которого предполагали ранее. Скорее всего, речь идет о двух- или трех-кратном увеличении. Но опять же, информация не официальная и будем надеяться, что к запуску узнаем настоящие подробности.']]]</text>
	<tags verify="true" type="list" auto="true">
		<tag>Find X3 Pro</tag>
		<tag>Oppo</tag>
	</tags>
	<source verify="true" type="text" auto="true">Gsmarena</source>
	<href verify="true" type="text" auto="true">https://the-geek.ru/news/oppo-find-x3-pro-novye-podrobnosti-o-smartfone</href>
</doc>
