<?xml version="1.0" ?>
<doc>
	<title verify="true" type="text" auto="true">Oppo покажет новинки 17 и 18 ноября</title>
	<date verify="true" type="date" auto="true">2020-11-12</date>
	<author verify="true" type="text" auto="true">Михаил Дулуб</author>
	<text verify="true" type="cdata" auto="true">![CDATA[['Ведущие производители мобильных устройств то и дело демонстрируют свои достижения в этой отрасли на специальных мероприятиях. Вот и представители Oppo решили показать весь свой опыт, который они копили долгое время. Oppo Future Technology Conference 2020 или Inno Day 2020 – специальное мероприятия, запланированное на 17 и 18 ноября, где будут представлены новинки от Oppo. По заявлению вице-президента компании Левина Лю, ожидается показ трех концептуально новых устройства. Более того, были раскрыты некоторые подробности об этих устройствах. Так, на мероприятии будет представлен смартфон со сгибающимся дисплеем, в который будет вмонтирована камера. Есть также большая вероятность увидеть и новые технологические решения, например, десятикратный оптический зум или стократный цифровой зум, а также модуль непрерывного оптического зума. Нельзя не исключать представления новой технологии зарядки аккумуляторов. Так, речь идет о проводном зарядном устройстве, мощностью 125 Вт и беспроводном зарядном на 65 Вт. Но интересно то, что некоторые важные технологические моменты уже могут быть реализованы в самое ближайшее время в топовые устройства от компании. Не обойдется на мероприятии и о 5G-технологии.']]]</text>
	<tags verify="true" type="list" auto="true">
		<tag>Oppo</tag>
	</tags>
	<source verify="true" type="text" auto="true">Gizmochina</source>
	<href verify="true" type="text" auto="true">https://the-geek.ru/news/oppo-pokazhet-novinki-17-i-18-noyabrya</href>
</doc>
