<?xml version="1.0" ?>
<doc>
	<title verify="true" type="text" auto="true">PC-версия Crash Bandicoot 4 требует постоянное подключение к интернету</title>
	<date verify="true" type="date" auto="true">2021-03-27</date>
	<author verify="true" type="text" auto="true">Вадим Майков</author>
	<text verify="true" type="cdata" auto="true">![CDATA[['Crash Bandicoot 4: It’s About Time впервые вышла на PC и пока приобрести игру можно только в онлайн-магазине Blizzard. Всё было прекрасно, если бы первые игроки не нашли огромный минус в портированной версии. Весь недостаток кроется в требовании постоянного подключения к интернету, а значит и к серверам компании. Также стоит заметить, если во время игры потеряется связь, то весь пройденный прогресс просто не сохранится. Для чего это сделано и является это багом – неизвестно. Забавный факт, что в консольных версиях для PlayStation 5, PlayStation 4, Xbox Series, Xbox One и Nintendo Switch – никакого обязательного подключения к сети не требовалось.']]]</text>
	<tags verify="true" type="list" auto="true">
		<tag>Crash Bandicoot</tag>
	</tags>
	<source verify="true" type="text" auto="true"/>
	<href verify="true" type="text" auto="true">https://the-geek.ru/news/pc-versiya-crash-bandicoot-4-trebuet-postoyannoe-podklyuchenie-k-internetu</href>
</doc>
