<?xml version="1.0" ?>
<doc>
	<title verify="true" type="text" auto="true">PlayStation 5 в новом дизайне выйдет в 2022 году</title>
	<date verify="true" type="date" auto="true">2021-05-07</date>
	<author verify="true" type="text" auto="true">Алексей Авдеев</author>
	<text verify="true" type="cdata" auto="true">![CDATA[['Sony изменит дизайн PlayStation 5 в 2022 году. Первые подробности появились после официального заявления финансового директора Sony Хироки Тотоки (Hiroki Totoki). Во время конференц-звонка с инвесторами он озвучил планы Sony, а именно то, что компания рассматривает новый дизайн PS5. Таким образом они планируют снизить дефицит консолей. Дополнительная техническая информация осталась неизвестной. По слухам обновлённая PS5 получит новый модифицированный 6-нанометровый чип AMD. В этом и будет заключаться главная особенность редизайна. Само производство новой PlayStation 5 начнется в 2022 году.']]]</text>
	<tags verify="true" type="list" auto="true">
		<tag>PlayStation</tag>
		<tag>PlayStation 5</tag>
		<tag>Sony</tag>
	</tags>
	<source verify="true" type="text" auto="true">WCCftech</source>
	<href verify="true" type="text" auto="true">https://the-geek.ru/news/playstation-5-v-novom-dizajne-vyjdet-v-2022-godu</href>
</doc>
