<?xml version="1.0" ?>
<doc>
	<title verify="true" type="text" auto="true">PlayStation 5 официально подорожала в России</title>
	<date verify="true" type="date" auto="true">2021-03-30</date>
	<author verify="true" type="text" auto="true">Алексей Авдеев</author>
	<text verify="true" type="cdata" auto="true">![CDATA[['До сих пор PlayStation 5 очень сложно купить из-за нехватки устройств на рынке. Её буквально разметают с магазинных полок при первом появлении. И вот еще одна печальная новость для всех желающих приобрести консоль. Sony официально повысила ценник на две версии и теперь базовая PS5 обойдётся в 50 тысяч рублей, а бездисковая — 41 тысячу. Напомню, что стоимость PS5 на старте составляла 38 тысяч и 47 тысяч рублей соответственно. Своё решение о повышении представительство Sony объяснила корректировкой из-за курса рубля. Дефицит PS5 происходит по всему миру, это связано с пандемией и дефицитом полупроводников.']]]</text>
	<tags verify="true" type="list" auto="true">
		<tag>PlayStation 5</tag>
		<tag>Sony</tag>
	</tags>
	<source verify="true" type="text" auto="true">The GEEK</source>
	<href verify="true" type="text" auto="true">https://the-geek.ru/news/playstation-5-oficzialno-podorozhala-v-rossii</href>
</doc>
