<?xml version="1.0" ?>
<doc>
	<title verify="true" type="text" auto="true">Poco M3 получит улучшенную версию, которая будет дешевле</title>
	<date verify="true" type="date" auto="true">2021-02-02</date>
	<author verify="true" type="text" auto="true">Андрей Галадей</author>
	<text verify="true" type="cdata" auto="true">![CDATA[['СМИ сообщают о скором выходе новой версии смартфона Poco M3 с ёмким аккумулятором. Речь идёт об индийской версии «тройки», которая отличается от глобальной и китайской. В Европе и в России Poco M3 доступен в двух версиях — 4/64 ГБ памяти и 4/128 ГБ по цене 149 и 169 евро или 13 490 и 14 490 рублей. В Индии же появились версии на 6/64 и 6/128 ГБ за 125 евро или 11,5 тысяч рублей и 136 евро или 12,5 тысяч рублей соответственно. Продажи стартуют 9 февраля. В остальном смартфоны не отличаются от российских версий. У них те же экраны на 6,53 дюйма с разрешением 2340 х 1080 пикселей, процессоры Qualcomm Snapdragon 662, аккумуляторы на 6000 мА•ч с поддержкой зарядки мощностью 18 Вт. Основная камера включает в себя модули на 48 + 2 + 2 МП. ОС — Android 11 с оболочкой MIUI 12.']]]</text>
	<tags verify="true" type="list" auto="true">
		<tag>Poco M3</tag>
		<tag>Смартфон</tag>
	</tags>
	<source verify="true" type="text" auto="true">GizmoChina</source>
	<href verify="true" type="text" auto="true">https://the-geek.ru/news/poco-m3-poluchit-uluchshennuyu-versiyu-kotoraya-budet-deshevle</href>
</doc>
