<?xml version="1.0" ?>
<doc>
	<title verify="true" type="text" auto="true">POCO M3 официально появится в России с 25 декабря</title>
	<date verify="true" type="date" auto="true">2020-12-17</date>
	<author verify="true" type="text" auto="true">Вадим Майков</author>
	<text verify="true" type="cdata" auto="true">![CDATA[['Бренд смартфонов POCO сообщил о запуске на российский рынок нового смартфона базового уровня POCO M3. POCO M3 может похвастаться системой из трех камер, включающей 48-мегапиксельный сенсор, аккумулятором с емкостью 6000 мА·ч, впечатляющим дисплеем FHD+ и процессором Qualcomm Snapdragon 662. POCO M3 ознаменует дебют М-серии от POCO и выход бренда в совершенно новую категорию. Новая линейка продуктов основывается на конкуренции F-серии от POCO Global с ведущими флагманами, а также успехе X-серии в категории среднего класса. POCO M3 поступает в продажу на территории России 25 декабря по цене 13 490 рублей за версию 4+64 ГБ и 14 490 рублей за версию 4+128 ГБ. Приобрести его можно будет только в онлайн-магазинах на следующих площадках: Mi.com, Ситилинк, OZON, Wildberries, Aliexpress Tmall и Onlinetrade.']]]</text>
	<tags verify="true" type="list" auto="true">
		<tag>Poco M3</tag>
		<tag>Xiaomi</tag>
	</tags>
	<source verify="true" type="text" auto="true">The GEEK</source>
	<href verify="true" type="text" auto="true">https://the-geek.ru/news/poco-m3-oficzialno-poyavitsya-v-rossii-s-25-dekabrya</href>
</doc>
