<?xml version="1.0" ?>
<doc>
	<title verify="true" type="text" auto="true">PS5 уже отправлены по предзаказам. В рознице консоли могут появиться до конца года</title>
	<date verify="true" type="date" auto="true">2020-11-24</date>
	<author verify="true" type="text" auto="true">Андрей Галадей</author>
	<text verify="true" type="cdata" auto="true">![CDATA[['Одним из вопросов, который мучает многих геймеров России, является дата выхода PlayStation 5 в открытую продажу. На текущий момент консоли нельзя купить в рознице, однако предзаказы уже доставлены или находятся в пути. Мы запросили комментарий у группы «М.Видео — Эльдорадо». Их ответ выглядит так: Напомним, что ранее мы сообщали о возможности сделать фотосессию с новенькой приставкой.']]]</text>
	<tags verify="true" type="list" auto="true">
		<tag>Sony PlayStation 5</tag>
	</tags>
	<source verify="true" type="text" auto="true">The GEEK</source>
	<href verify="true" type="text" auto="true">https://the-geek.ru/news/ps5-uzhe-otpravleny-po-predzakazam-v-roznicze-konsoli-mogut-poyavitsya-do-koncza-goda</href>
</doc>
