<?xml version="1.0" ?>
<doc>
	<title verify="true" type="text" auto="true">PUBG Lite закроют в конце апреля</title>
	<date verify="true" type="date" auto="true">2021-03-31</date>
	<author verify="true" type="text" auto="true">Вадим Майков</author>
	<text verify="true" type="cdata" auto="true">![CDATA[['Версия игры PUBG Lite для слабых систем будет закрыта, об этом сообщили разработчики Krafton. Причины закрытия остаются неизвестными, но разработчики отметили, что решение было трудным и сопровождалось долгими спорами. Официальный сайт PUBG Lite уже не работает, как и загрузка игры. Техподдержка игроков будет работать до 29 мая, а заработанные L-COIN можно потратить до завершения работы серверов. PUBG Lite стала доступна в России в октябре 2019 года.']]]</text>
	<tags verify="true" type="list" auto="true">
		<tag>PUBG</tag>
	</tags>
	<source verify="true" type="text" auto="true">PUBG</source>
	<href verify="true" type="text" auto="true">https://the-geek.ru/news/pubg-lite-zakroyut-v-koncze-aprelya</href>
</doc>
