<?xml version="1.0" ?>
<doc>
	<title verify="true" type="text" auto="true">Qualcomm Snapdragon 888 пока что уступает даже iPhone 11 и iPhone SE (2020)</title>
	<date verify="true" type="date" auto="true">2020-12-19</date>
	<author verify="true" type="text" auto="true">Андрей Галадей</author>
	<text verify="true" type="cdata" auto="true">![CDATA[['Компания Qualcomm вчера поделилась первыми результатами тестирования прототипа смартфона на базе однокристальной системы Snapdragon 888. И этот флагман пока что не впечатляет. Судя по тестам в Geekbench, новинка уступает iPhone 12 Pro, iPhone 11 Pro, iPhone 12, iPhone 11 и даже iPhone SE (2020). Если говорить о цифрах, то процессор набрал 1135 и 3794 баллов в однопоточном и многопоточном тестах. Подобная картина и в GFXBench. Впрочем, если сравнивать «три восьмёрки» со Snapdragon 865+ и, то прирост производительности налицо. Похоже, что мощность системы пока что «порезана» искусственно, поскольку это прототип. В будущем производительность может вырасти. Отмети, что готовые смартфоны на Snapdragon 888 выйдут в 2021 году. Первым из них станет Xiaomi 11.']]]</text>
	<tags verify="true" type="list" auto="true">
		<tag>Qualcomm Snapdragon 888</tag>
	</tags>
	<source verify="true" type="text" auto="true">MacRumors</source>
	<href verify="true" type="text" auto="true">https://the-geek.ru/news/snapdragon-888-poka-chto-ustupaet-dazhe-iphone-11-i-iphone-se-2020</href>
</doc>
