<?xml version="1.0" ?>
<doc>
	<title verify="true" type="text" auto="true">Qualcomm готовит процессор Snapdragon 888 Lite</title>
	<date verify="true" type="date" auto="true">2021-03-09</date>
	<author verify="true" type="text" auto="true">Андрей Галадей</author>
	<text verify="true" type="cdata" auto="true">![CDATA[['На сегодняшний день самым мобильным процессором, не считая решений от Apple, является Snapdragon 888 (номер модели SM8350). Однако, по данным информатора Роланда Квандта, компания Qualcomm готовит упрощенный вариант этого процессора с условным названием Snapdragon 888 Lite (номер модели SM8325). Судя по имеющимся данным, отличие будет лишь одно — отсутствие 5G-модема. Как ожидается, анонс может состояться одновременно со Snapdragon 775. Предполагается, что новый процессор будет с чипами MediaTek Dimensity на тех рынках, где пока нет поддержки 5G. Наверняка за счёт этого он будет и дешевле. Полных спецификаций пока нет, так что неясно, какими могут быть другие отличия.']]]</text>
	<tags verify="true" type="list" auto="true">
		<tag>Qualcomm Snapdragon 888 Lite</tag>
		<tag>мобильный процессор</tag>
	</tags>
	<source verify="true" type="text" auto="true">Twitter</source>
	<href verify="true" type="text" auto="true">https://the-geek.ru/news/qualcomm-gotovit-proczessor-snapdragon-888-lite</href>
</doc>
