<?xml version="1.0" ?>
<doc>
	<title verify="true" type="text" auto="true">Realme готовит второе поколение умных часов</title>
	<date verify="true" type="date" auto="true">2021-01-14</date>
	<author verify="true" type="text" auto="true">Михаил Дулуб</author>
	<text verify="true" type="cdata" auto="true">![CDATA[['Как мы знаем, еще в мае прошлого года компания Realme выпустила свои первые умные часы – Realme Watch. Теперь же настало время выхода обновленного варианта устройства, то есть, второго поколения. И как показывают утечки, производитель готов к этому шагу. Информация о моделях Watch 2 и Watch 2 Pro была упомянута в коде, которое удалось вынуть из приложения Realme Link. Правда, в самом коде отсутствует информация о каких-либо технических характеристиках новых устройств, но точно можно быть уверенными, что они получат улучшения по сравнению с первым поколением. Напомним, что Realme Watch поставлялись с 1,4-дюймовым дисплеем и аккумулятором на 160 мАч. Также у модели Realme Watch были предусмотрены спортивные режимы, датчик пульса и уровня кислорода в крови – самые необходимые атрибуты этого времени. Также стоит отметить наличие защиты от брызг воды и пыли – стандарт IP68. И в дополнение стоит отметить наличие функции управления музыкой и камерой смартфона.']]]</text>
	<tags verify="true" type="list" auto="true">
		<tag>Realme</tag>
		<tag>Realme Watch</tag>
	</tags>
	<source verify="true" type="text" auto="true">Gsmarena</source>
	<href verify="true" type="text" auto="true">https://the-geek.ru/news/realme-gotovit-vtoroe-pokolenie-umnyh-chasov</href>
</doc>
