<?xml version="1.0" ?>
<doc>
	<title verify="true" type="text" auto="true">Realme объявил о скидках на ряд смартфонов</title>
	<date verify="true" type="date" auto="true">2020-11-11</date>
	<author verify="true" type="text" auto="true">Вадим Майков</author>
	<text verify="true" type="cdata" auto="true">![CDATA[['11-12 ноября бренд realme, проводит масштабную распродажу в официальном магазине на платформе Tmall, приуроченную ко Дню холостяка. Пользователям доступны скидки до 32% на лучшие смартфоны и аксессуары realme. В магазине realme на Tmall не только действуют самые низкие цены на сертифицированную продукцию бренда, но и предоставляется бесплатная доставка со склада в Москве и гарантийное обслуживание. В числе устройств, участвующих в акции, такие популярные модели, как: Ознакомиться с полным списком устройств, участвующих в акции можно по ссылке.']]]</text>
	<tags verify="true" type="list" auto="true">
		<tag>Realme</tag>
	</tags>
	<source verify="true" type="text" auto="true">The GEEK</source>
	<href verify="true" type="text" auto="true">https://the-geek.ru/news/realme-obyavil-o-skidkah-na-ryad-smartfonov</href>
</doc>
