<?xml version="1.0" ?>
<doc>
	<title verify="true" type="text" auto="true">Realme готовит новую модель в линейке устройств C</title>
	<date verify="true" type="date" auto="true">2021-03-16</date>
	<author verify="true" type="text" auto="true">Михаил Дулуб</author>
	<text verify="true" type="cdata" auto="true">![CDATA[['Не так давно компания Realme анонсировала новую линейку смартфонов — C21, а уже через неделю состоится презентация еще одного устройства – Realme C25. Это мероприятие пройдет в Индонезии и будет транслироваться на ресурсе YouTube. Если верить данным, которые представлены на официальной странице компании, то смартфон получит чипсет Helio G70 и 6,5-дюймовый дисплей с фронтальной камерой в виде капли. Из других особенностей отметим наличие тройного модуля камера на задней панели, причем главным модуль получил разрешение 48 МП. Чуть ниже располагается дактилоскопический сканер, а питается аппарат от емкой батареи на 6 000 мАч. Правда, быстрая зарядка всего 18 Вт.']]]</text>
	<tags verify="true" type="list" auto="true">
		<tag>Realme</tag>
		<tag>Realme C25</tag>
	</tags>
	<source verify="true" type="text" auto="true">Gsmarena</source>
	<href verify="true" type="text" auto="true">https://the-geek.ru/news/realme-gotovit-novuyu-model-v-linejke-ustrojstv-c</href>
</doc>
