<?xml version="1.0" ?>
<doc>
	<title verify="true" type="text" auto="true">Realme работает над еще одним неизвестным смартфоном</title>
	<date verify="true" type="date" auto="true">2021-03-02</date>
	<author verify="true" type="text" auto="true">Михаил Дулуб</author>
	<text verify="true" type="cdata" auto="true">![CDATA[['Наибольшее внимание пользователей привлекла модель Realme GT. Однако это не все, чем может похвалиться бренд Realme. В недрах компании ведется разработка еще одного смартфона, правда, пока его название неизвестно, но его уже успел воссоздать пользователь с ником @OnLeaks. На передней панели мы можем видеть каплевидный вырез под фронтальную камеру, а на задней — дактилоскопический сканер. Все это говорит о том, что данный девайс нельзя отнести к флагманам. Более того, все указывает на бюджетный вариант. Также отметит наличие стандартного аудиоразъема и слот для установки карт памяти. На задней панели, кроме датчика отпечатка пальцев можно увидеть основной оптический модуль из трех камер. Из всех известных данных, можно сделать вывод, что смартфон не относится ни к семейству Realme 8, X9, и тем более, не к GT. Все ведется к тому, что скорее всего, это еще один представитель линейки C. По предположениям @OnLeaks это может быть модель Realme C20.']]]</text>
	<tags verify="true" type="list" auto="true">
		<tag>Realme</tag>
		<tag>Realme GT</tag>
	</tags>
	<source verify="true" type="text" auto="true">Gsmarena</source>
	<href verify="true" type="text" auto="true">https://the-geek.ru/news/realme-rabotaet-nad-eshhe-odnim-neizvestnym-smartfonom</href>
</doc>
