<?xml version="1.0" ?>
<doc>
	<title verify="true" type="text" auto="true">Realme тизерит новый смартфон</title>
	<date verify="true" type="date" auto="true">2021-01-19</date>
	<author verify="true" type="text" auto="true">Михаил Дулуб</author>
	<text verify="true" type="cdata" auto="true">![CDATA[['Есть все предпосылки для того, чтобы ожидать от производителя в лице Realme выхода не только нового смартфона, но и целой линейки. Речь идет о семействе Realme Race, где ожидается выход нового флагманского девайса, работающего на чипсете Snapdragon 888. Что касается новой линейки, то в ней будет представлен смартфон с индексом X, который скорее всего, появится одним из первых. Об этом появилась информация на ресурсе Twitter, где генеральный директор компании разместил тизер. Основная мысль этого изображения: «X — это будущее», то есть как бы намекает на скорый выход одного из самых востребованных смартфонов. Как мы знаем, устройства Realme X работали на чипсетах Mediatek. Интересно, получат ли новые устройства чипсет данного производителя? Скорее всего, это станет известно уже завтра, когда Mediatek представит новую линейку процессоров Dimensity.']]]</text>
	<tags verify="true" type="list" auto="true">
		<tag>Realme</tag>
		<tag>Realme Race</tag>
	</tags>
	<source verify="true" type="text" auto="true">Gsmarena</source>
	<href verify="true" type="text" auto="true">https://the-geek.ru/news/realme-tizerit-novyj-smartfon</href>
</doc>
