<?xml version="1.0" ?>
<doc>
	<title verify="true" type="text" auto="true">Redmi K40 должен выйти в феврале</title>
	<date verify="true" type="date" auto="true">2021-02-08</date>
	<author verify="true" type="text" auto="true">Михаил Дулуб</author>
	<text verify="true" type="cdata" auto="true">![CDATA[['Представители Redmi то и дело привлекают интерес к своим смартфонам за счет утечек в интернет. На этот раз заявление сделал сам Лу Вейбинг, правда, выложил он его на Weibo. Так вот, он говорит, что ждать дальше смысла нет, а поэтому выход Redmi K40 можно ожидать уже в этом месяце. Кроме того, мы уже знаем о высокой производительности смартфона сочетающейся с неплохой автономностью. Теперь же есть подтверждение наличия стереодинамиков, что является еще одним несомненным плюсом данного девайса. Говоря же о более ранних утечках, стоит сказать сразу о трех модификациях устройства. Так, ожидается, что на рынке появятся модели с разными чипсетами. А это: Snapdragon 888, Snapdragon 870 и Dimensity 1200. Вот такое неожиданное решение. Отдельно стоит отметить, что все три модификации получат поддержку технологии быстрой зарядки 33 Вт. А вот поставляться они будут без зарядного блока.']]]</text>
	<tags verify="true" type="list" auto="true">
		<tag>Redmi K40</tag>
	</tags>
	<source verify="true" type="text" auto="true">Gizmochina</source>
	<href verify="true" type="text" auto="true">https://the-geek.ru/news/redmi-k40-dolzhen-vyjti-v-fevrale</href>
</doc>
