<?xml version="1.0" ?>
<doc>
	<title verify="true" type="text" auto="true">Redmi Note 9T поступил в продажу в России</title>
	<date verify="true" type="date" auto="true">2021-02-18</date>
	<author verify="true" type="text" auto="true">Вадим Майков</author>
	<text verify="true" type="cdata" auto="true">![CDATA[['Xiaomi объявила о старте продаж в России продолжения линейки Redmi Note – смартфона Redmi Note 9T. Новый король среднеценового сегмента предлагает производительность и длительный срок службы аккумулятора. Redmi Note 9T, получивший процессор Dimensity 800U от MediaTek, работает до 100% быстрее по сравнению с предыдущим поколением. Наряду со встроенным модемом Redmi Note 9T может похвастаться потрясающей энергоэффективностью благодаря восьмиядерному процессору и 7-нм техпроцессу. Технология 4×4 MIMO и разнесенный прием в Redmi Note 9T обеспечивают более быстрое и надежное соединение даже в условиях перегруженности. Смартфон доступен в России в двух цветах: “Чёрные сумерки” и “Фиолетовый рассвет”. Цена новинки составила 20 490 рублей за версию 4 ГБ + 64 ГБ и 21 990 рублей за версию 4 ГБ + 128 ГБ.']]]</text>
	<tags verify="true" type="list" auto="true">
		<tag>Redmi</tag>
		<tag>Xiaomi</tag>
	</tags>
	<source verify="true" type="text" auto="true">The GEEK</source>
	<href verify="true" type="text" auto="true">https://the-geek.ru/news/redmi-note-9t-postupil-v-prodazhu-v-rossii</href>
</doc>
