<?xml version="1.0" ?>
<doc>
	<title verify="true" type="text" auto="true">Redmi K40 Pro показали со всех сторон</title>
	<date verify="true" type="date" auto="true">2021-01-07</date>
	<author verify="true" type="text" auto="true">Андрей Галадей</author>
	<text verify="true" type="cdata" auto="true">![CDATA[['Китайские источники опубликовали новые качественные изображения смартфона Redmi K40 Pro. Они демонстрируют новинку со всех сторон, позволяя оценить дизайн и компоновку. Судя по данным источника, смартфон оснастят плоским экраном с тонкими рамками и врезанной селфи-камерой, процессором Snapdragon 888 и основным модулем камеры на 108 МП. Помимо этого, новинке приписывают аккумулятор ёмкостью 4500 мА•ч, поддержку быстрой зарядки и стереодинамики. Релиз ожидается в январе. Точной даты и цены пока нет. Также не сообщается об объёмах оперативной и постоянной памяти, однако может предположить, что менее 6 ГБ ОЗУ и 64 ГБ флэш-памяти там не будет.']]]</text>
	<tags verify="true" type="list" auto="true">
		<tag>Redmi K40 Pro</tag>
		<tag>Xiaomi</tag>
		<tag>Смартфон</tag>
	</tags>
	<source verify="true" type="text" auto="true">Mydrivers</source>
	<href verify="true" type="text" auto="true">https://the-geek.ru/news/redmi-k40-pro-pokazali-so-vseh-storon</href>
</doc>
