<?xml version="1.0" ?>
<doc>
	<title verify="true" type="text" auto="true">Redmi K40 показали в двух комплектациях</title>
	<date verify="true" type="date" auto="true">2021-01-25</date>
	<author verify="true" type="text" auto="true">Алексей Авдеев</author>
	<text verify="true" type="cdata" auto="true">![CDATA[['В китайской социальной сети Weibo появилась фотография коробки Redmi K40 сразу в двух вариациях. Опубликовал их сам глава Redmi Лю Вейбин. На опубликованной фотографии показаны две комплектации в большой и маленькой упаковке. Как нетрудно догадаться, одна имеет зарядный блок, а другая без него. Сам генеральный директор не разглашает подробностей и создает интригу. Стоит предположить, что на рынке появятся сразу две версии устройства, но с разными ценниками. Кроме того, Лю Вейбин подтвердил, что выход Redmi K40 произойдет в феврале. Цена остаётся неизвестной.']]]</text>
	<tags verify="true" type="list" auto="true">
		<tag>Redmi</tag>
		<tag>Xiaomi</tag>
	</tags>
	<source verify="true" type="text" auto="true">Weibo</source>
	<href verify="true" type="text" auto="true">https://the-geek.ru/news/redmi-k40-pokazali-v-dvuh-komplektacziyah</href>
</doc>
