<?xml version="1.0" ?>
<doc>
	<title verify="true" type="text" auto="true">Redmi K40 Pro — дешёвый флагман с топовым железом менее чем за $470</title>
	<date verify="true" type="date" auto="true">2021-02-10</date>
	<author verify="true" type="text" auto="true">Андрей Галадей</author>
	<text verify="true" type="cdata" auto="true">![CDATA[['Уже 25 февраля может состоятся официальная презентация новых смартфонов Redmi K40 и K40 Pro. И вот в сети появились спецификации «прошки», которые впечатляют, учитывая бюджетный статус линейки. Итак, оба смартфона получат AMOLED-дисплеи с диагональю 6,81 дюйма и разрешением 1440p+. Предполагается, что экраны будут идентичны Mi 11, так что можно ожидать частоту в 120 Гц и поддержку HDR10+. Обычная версия получит чипсет Snapdragon 870, а Pro — Snapdragon 888. Также выйдет упрощённая модель Redmi K40S с процессором Dimensity 1200 от MediaTek. В числе других спецификаций заявлены батареи на 4500 мАч (K40) и 5000 мАч (K40 Pro). Основные камеры получат модули на 108 МП. При этом у обычной версии будут сенсоры на 8 + 5 МП, у Pro — 13 + 5 МП. Фронтальная камера будет одинаковой — 30 МП. Помимо этого, отметим, что у Pro может быть до 12 ГБ ОЗУ. Цена этой модели составит порядка $465. Redmi K40 и Redmi K40S будут ещё дешевле. Сроки выхода на рынок не сообщаются.']]]</text>
	<tags verify="true" type="list" auto="true">
		<tag>Redmi K40 Pro</tag>
		<tag>Смартфон</tag>
		<tag>Утечки</tag>
	</tags>
	<source verify="true" type="text" auto="true">gsmarena</source>
	<href verify="true" type="text" auto="true">https://the-geek.ru/news/redmi-k40-pro-deshyovyj-flagman-s-topovym-zhelezom-menee-chem-za-470</href>
</doc>
