<?xml version="1.0" ?>
<doc>
	<title verify="true" type="text" auto="true">Resident Evil Village получит русскую озвучку</title>
	<date verify="true" type="date" auto="true">2021-01-22</date>
	<author verify="true" type="text" auto="true">Вадим Майков</author>
	<text verify="true" type="cdata" auto="true">![CDATA[['Capcom презентовала новую часть вселенной Resident Evil и показала проект RE Village. Чуть позже стало известно о выходе демоверсии Maiden для PlayStation 5, которая будет пересекаться с основным сюжетом. Позже она станет доступна для всех других платформ. Кроме того, Resident Evil Village получит не только русские субтитры, но и озвучку. Это особенно приятно, учитывая, что это впервые в серии со времен Resident Evil 5. Сама Capcom о российской локализации ничего не говорила, но подтверждение этому послужила масштабная утечка и упоминание на странице игры в Steam. Уже сегодня Resident Evil Village можно оформить по предзаказу на любую доступную платформу. Цены следующие:']]]</text>
	<tags verify="true" type="list" auto="true">
		<tag>Resident Evil</tag>
	</tags>
	<source verify="true" type="text" auto="true">Steam</source>
	<href verify="true" type="text" auto="true">https://the-geek.ru/news/resident-evil-village-poluchit-russkuyu-ozvuchku</href>
</doc>
