<?xml version="1.0" ?>
<doc>
	<title verify="true" type="text" auto="true">Rockstar воспользуется кодом энтузиаста для сокращения загрузки в GTA Online на PC</title>
	<date verify="true" type="date" auto="true">2021-03-15</date>
	<author verify="true" type="text" auto="true">Валентин Снежин</author>
	<text verify="true" type="cdata" auto="true">![CDATA[['Предстоящий патч для PC-версии GTA Online значительно сократит время загрузок в игре. Об этом рассказали разработчики в ответ на запрос журнала PC Gamer. Также разработчики сказали, что они рассмотрели наработки пользователя под ником t0st, который смог сократить время загрузки в GTA Online на ПК с шести минут до 1 минуты и 50 секунд, а это более чем 70% от общего времени. Студия поблагодарила t0st и отметила, что выпустит ближайший патч с его кодом. Выход обновления остаётся неизвестным. По всей видимости патч принесет не только быструю загрузку, но и новые игровые режимы с предметами.']]]</text>
	<tags verify="true" type="list" auto="true">
		<tag>GTA</tag>
		<tag>GTA Online</tag>
	</tags>
	<source verify="true" type="text" auto="true">PC Gamer</source>
	<href verify="true" type="text" auto="true">https://the-geek.ru/news/rockstar-vospolzuetsya-kodom-entuziasta-dlya-sokrashheniya-zagruzki-v-gta-online-na-pc</href>
</doc>
