<?xml version="1.0" ?>
<doc>
	<title verify="true" type="text" auto="true">Rockstar снова отменила разработку Bully 2. По слухам, ради GTA 6</title>
	<date verify="true" type="date" auto="true">2020-12-30</date>
	<author verify="true" type="text" auto="true">Андрей Галадей</author>
	<text verify="true" type="cdata" auto="true">![CDATA[['У экшена о школьном хулиганстве Bully 2 незавидная судьба. Rockstar Games трижды прекращала разработку игры. И третий раз произошёл как раз сейчас. Об этом сообщили инсайдеры. По данным одного из источников, компания запустила разработку Grand Theft Auto 6 в 2016-2017 году. После этого студия перебросила большую часть ресурсов на Red Dead Redemption 2 и продолжение Bully. Однако теперь планы снова изменились. Отмечается, что у Bully 2 была даже демоверсия, ведь игру разрабатывали от 12 до 18 месяцев. Однако теперь её снова отложат в «долгий ящик». При этом Rockstar Games не анонсировала ни Bully 2, ни Grand Theft Auto 6.']]]</text>
	<tags verify="true" type="list" auto="true">
		<tag>Bully 2</tag>
		<tag>Grand Theft Auto 6</tag>
	</tags>
	<source verify="true" type="text" auto="true">GTA Forums</source>
	<href verify="true" type="text" auto="true">https://the-geek.ru/news/rockstar-snova-otmenila-razrabotku-bully-2-po-sluham-radi-gta-6</href>
</doc>
