<?xml version="1.0" ?>
<doc>
	<title verify="true" type="text" auto="true">Rockstar Games начала набирать новых сотрудников для GTA 6</title>
	<date verify="true" type="date" auto="true">2021-03-25</date>
	<author verify="true" type="text" auto="true">Алексей Авдеев</author>
	<text verify="true" type="cdata" auto="true">![CDATA[['Rockstar Games объявила о наборе новых сотрудников. Студия разместила множество вакансий практически во все подразделения, где находится компания. Стоит предположить, что Rockstar Games собирает команду для работы над новым масштабным проектом и скорее всего им станет GTA 6. Дата анонса остаётся неизвестной. Ведь сейчас компания хорошо зарабатывает на внутриигровых покупках от GTA Online. Кроме того, в этом году будет выпущен ремастер GTA V для PlayStation 5 и Xbox Series X. Игра получит значительные технические и графические улучшения, что поможет проекту долгое время оставаться актуальным до выхода следующей части.']]]</text>
	<tags verify="true" type="list" auto="true">
		<tag>GTA 6</tag>
		<tag>GTA V</tag>
		<tag>Rockstar Games</tag>
	</tags>
	<source verify="true" type="text" auto="true">The GEEK</source>
	<href verify="true" type="text" auto="true">https://the-geek.ru/news/rockstar-games-nachala-nabirat-novyh-sotrudnikov-dlya-gta-6</href>
</doc>
