<?xml version="1.0" ?>
<doc>
	<title verify="true" type="text" auto="true">Samsung Galaxy A51 начал получать обновление до One UI 3.1</title>
	<date verify="true" type="date" auto="true">2021-03-29</date>
	<author verify="true" type="text" auto="true">Вадим Майков</author>
	<text verify="true" type="cdata" auto="true">![CDATA[['Samsung Galaxy A51 начал получать второе крупное обновление прошивки за год после февральского релиза One UI 3.0 на Android 11. К прошивке A515FXXU4EUC8 прилагается апрельский патч безопасности 2021 года, который был выпущен для Galaxy S21, Galaxy Note 10 и Galaxy Z Fold 2. В One UI 3.1 появилось несколько новых функций, таких как Eye Comfort Shield (автоматически регулирует интенсивность фильтра синего света в зависимости от времени суток), эффекты видеозвонков, новая возможность удалять данные о местоположении с фотографий перед тем, как поделиться ими с контактами или в социальных сетях, новые функции камеры, а также небольшое обновление некоторых элементов пользовательского интерфейса, чтобы сделать меню более удобным для чтения и навигации. Российские пользователи Galaxy A51 могут загрузить последнее обновление прошивки по воздуху, достаточно зайти в раздел “Обновление ПО” из приложения “Настройки”.']]]</text>
	<tags verify="true" type="list" auto="true">
		<tag>One UI</tag>
		<tag>Samsung</tag>
	</tags>
	<source verify="true" type="text" auto="true">The GEEK</source>
	<href verify="true" type="text" auto="true">https://the-geek.ru/news/samsung-galaxy-a51-nachal-poluchat-obnovlenie-do-one-ui-3-1</href>
</doc>
