<?xml version="1.0" ?>
<doc>
	<title verify="true" type="text" auto="true">Samsung Galaxy M42 — большой аккумулятор, экран на 90 Гц и 5G</title>
	<date verify="true" type="date" auto="true">2021-03-11</date>
	<author verify="true" type="text" auto="true">Андрей Галадей</author>
	<text verify="true" type="cdata" auto="true">![CDATA[['Скоро в Европе ожидается новый смартфон Samsung Galaxy M42. Он уже появился в базе данных Wi-Fi Alliance и относится к «долгоиграющим» смартфонам. Он там фигурирует под модельным номером SM-M426B. Отметим, что новинка получит экран AMOLED с частотой 90 Гц, поддержку сетей 5G и аккумулятор ёмкостью 6000 мА•ч с быстрой зарядкой. Пока не сообщается, какой у новинки будет объём памяти. Зато известно, что смартфон получит Android 11 с оболочкой One UI, а также модуль основной камеры с главным сенсором на 64 МП. Фронтальная камера будет 32-мегаписельной. Процессор же будет — Snapdragon 690 с 8 ядрами в конфигурации 2+6. Мощные ядра Cortex-A77 будут работать на частоте 2 ГГц, а энегоэффективные Cortex-A55 — на 1,7 ГГц. Пока что не сообщается о дате выхода и других спецификациях новинки. Неизвестны также цена, цвета корпуса и так далее. Но, похоже, устройство будет довольно неплохим.']]]</text>
	<tags verify="true" type="list" auto="true">
		<tag>Samsung Galaxy M42</tag>
		<tag>Смартфон</tag>
	</tags>
	<source verify="true" type="text" auto="true">Gizmochina</source>
	<href verify="true" type="text" auto="true">https://the-geek.ru/news/samsung-galaxy-m42-bolshoj-akkumulyator-ekran-na-90-gcz-i-5g</href>
</doc>
