<?xml version="1.0" ?>
<doc>
	<title verify="true" type="text" auto="true">Samsung выпустила приложение iTest, которое превращает iPhone в смартфон Galaxy</title>
	<date verify="true" type="date" auto="true">2021-04-09</date>
	<author verify="true" type="text" auto="true">Валентин Снежин</author>
	<text verify="true" type="cdata" auto="true">![CDATA[['Samsung решила переманивать владельцев iPhone на свои смартфоны Galaxy и выпустила бесплатное веб-приложение iTest. С его помощью можно протестировать интерфейс One UI прямо с iPhone. Для этого нужно пройти по ссылке, нажать «Поделиться» и выбирать «На экран Домой». После этого включить приложение с иконками рабочего стола. После всех этих действий появится идентичная копия оболочки One UI со стандартными приложения. Каждое можно открыть и посмотреть его работу. Стоит учитывать, что это рекламный продукт и полноценно работать с оболочкой из-за ограниченного функционала не получится.']]]</text>
	<tags verify="true" type="list" auto="true">
		<tag>iPhone</tag>
		<tag>One UI</tag>
		<tag>Samsung</tag>
	</tags>
	<source verify="true" type="text" auto="true">itest</source>
	<href verify="true" type="text" auto="true">https://the-geek.ru/news/samsung-vypustila-prilozhenie-itest-kotoroe-prevrashhaet-iphone-v-smartfon-galaxy</href>
</doc>
