<?xml version="1.0" ?>
<doc>
	<title verify="true" type="text" auto="true">Samsung скоро начнёт производство новых LTPO-экранов для iPhone 13</title>
	<date verify="true" type="date" auto="true">2021-03-23</date>
	<author verify="true" type="text" auto="true">Андрей Галадей</author>
	<text verify="true" type="cdata" auto="true">![CDATA[['Компания Samsung скоро начнёт производство OLED-панелей LTPO для iPhone 13. Сейчас производственные линии Samsung Display модернизируются под эти задачи. Эти дисплеи будут поддерживать частоту до 120 Гц. Изначально их обещали в iPhone 12, однако этого не произошло. Впрочем, учитывая малое время работы без подзарядки, в высокой частоте нет нужды. Как ожидается, новые экраны будут более энергоэффективными, чем традиционные OLED-дисплеи. Также им приписывают динамическую частоту обновления, что позволит повышать и снижать её в зависимости от задачи. При этом новые дисплеи получат только iPhone 13 Pro и iPhone 13 Pro Max. Для младших моделей задействуют более традиционные экраны с частотой до 60 Гц. При этом аналитик Wedbush Дэниел Айвз считает, что iPhone 13 покажут в сентябре.']]]</text>
	<tags verify="true" type="list" auto="true">
		<tag>Apple</tag>
		<tag>iPhone 13</tag>
		<tag>Samsung</tag>
	</tags>
	<source verify="true" type="text" auto="true">Phone Arena</source>
	<href verify="true" type="text" auto="true">https://the-geek.ru/news/samsung-skoro-nachnyot-proizvodstvo-novyh-ltpo-ekranov-dlya-iphone-13</href>
</doc>
