<?xml version="1.0" ?>
<doc>
	<title verify="true" type="text" auto="true">Samsung может представить Galaxy Z Flip3 и Galaxy Z Fold3 в июле</title>
	<date verify="true" type="date" auto="true">2021-02-06</date>
	<author verify="true" type="text" auto="true">Михаил Дулуб</author>
	<text verify="true" type="cdata" auto="true">![CDATA[['Согласно утечкам, представители Samsung могут выпустить смартфоны Galaxy Z Flip3 и Galaxy Z Fold3 в июле. Это стало известно из исследований, которые провели зарубежные источники. Так, утверждается, что компании потребуется около 5 месяцев, чтобы запустить два этих продукта. Этот период был выбран не зря и опирался на прошлые запуски устройств. Кроме того, это же информация подтверждается и другим ресурсом, близким к производителю. Но что более странно, так это то, что многие не считают Galaxy Z Flip3 флагманским устройством. Так, на рынке должны появится две версии устройства: с 5G и LTE. А так как в наличии у Qualcomm последним чипсетом с поддержкой LTE является Snapdragon 855+, то считать это устройство флагманским язык не поворачивается. Если говорить о других технических аспектах, то Galaxy Z Flip3 должен получить 6,9-дюймовый складной дисплей с поддержкой частоты обновления 120 Гц, а также батарею на 3 900 мАч. Если верить данным, то данная модель должна стать первой у южнокорейского бренда с поддержкой S-Pen. И венцом творения должна стать камера, встроенная в дисплей.']]]</text>
	<tags verify="true" type="list" auto="true">
		<tag>Galaxy Z Flip</tag>
		<tag>Samsung</tag>
	</tags>
	<source verify="true" type="text" auto="true">Gizmochina</source>
	<href verify="true" type="text" auto="true">https://the-geek.ru/news/samsung-mozhet-predstavit-galaxy-z-flip3-i-galaxy-z-fold3-v-iyule</href>
</doc>
