<?xml version="1.0" ?>
<doc>
	<title verify="true" type="text" auto="true">Samsung выпустила Galaxy Watch 3 TOUS с эксклюзивными ремешками и циферблатами</title>
	<date verify="true" type="date" auto="true">2021-05-13</date>
	<author verify="true" type="text" auto="true">Вадим Майков</author>
	<text verify="true" type="cdata" auto="true">![CDATA[['Samsung и испанский ювелирный бренд TOUS представили коллекцию умных-часов Galaxy Watch 3 TOUS. Устройство поддерживает весь функционал Galaxy Watch и включает в себя два сменных силиконовых ремешка бежевого и черного цвета, украшенных символом бренда «Мишкой TOUS». Кроме того владельцы часов получат 18 эксклюзивных циферблатов. Упаковка «умных часов» также получила новое оформление в стиле брендов. Остальные характеристики остались без изменений. Galaxy Watch TOUS уже доступны во всех магазинах TOUS в Испании. Стоимость новинки начинается от $400.']]]</text>
	<tags verify="true" type="list" auto="true">
		<tag>Samsung</tag>
	</tags>
	<source verify="true" type="text" auto="true">Samsung</source>
	<href verify="true" type="text" auto="true">https://the-geek.ru/news/samsung-vypustila-galaxy-watch-3-tous-s-eksklyuzivnymi-remeshkami-i-cziferblatami</href>
</doc>
