<?xml version="1.0" ?>
<doc>
	<title verify="true" type="text" auto="true">Samsung случайно показала Galaxy S21 FE на официальном сайте</title>
	<date verify="true" type="date" auto="true">2021-05-01</date>
	<author verify="true" type="text" auto="true">Алексей Авдеев</author>
	<text verify="true" type="cdata" auto="true">![CDATA[['Ожидаемый Samsung Galaxy S21 FE каким-то случайным образом показался на мексиканской версии сайта компании. В меню моделей смартфонов появился еще не анонсированный Galaxy S21 FE, а также баннер с надписью «Узнать больше о Galaxy S21 FE». Однако над надписью красовались уже знакомые Galaxy S21 и S21 Ultra. По слухам, вместо новой линейки Galaxy Note, компания готовит “фанатскую” версию смартфона Galaxy S21 и представит его в августе текущего года на специальном мероприятии. Galaxy S21 FE станет прямым наследником прошлогоднего Galaxy S20 FE. Он получил хорошие отзывы от поклонников бренда и оптимальное соотношение цены с качеством.']]]</text>
	<tags verify="true" type="list" auto="true">
		<tag>Galaxy S21</tag>
		<tag>Samsung</tag>
	</tags>
	<source verify="true" type="text" auto="true">Galaxy Club</source>
	<href verify="true" type="text" auto="true">https://the-geek.ru/news/samsung-sluchajno-pokazala-galaxy-s21-fe-na-oficzialnom-sajte</href>
</doc>
