<?xml version="1.0" ?>
<doc>
	<title verify="true" type="text" auto="true">Samsung выпустил УФ-стерилизатор для мобильных устройств</title>
	<date verify="true" type="date" auto="true">2020-12-21</date>
	<author verify="true" type="text" auto="true">Валентин Снежин</author>
	<text verify="true" type="cdata" auto="true">![CDATA[['Samsung выпустил компактный ультрафиолетовый стерилизатор, который позволяет проводить процедуры дезинфекции смартфона, наушников или очков за 10 минут Стерилизатор оснащен двумя ультрафиолетовыми лампами, которые дезинфицируют как верхнюю, так и нижнюю поверхности предметов. Начиная с 21 декабря новинка доступна в фирменном онлайн-магазине, официальной рознице и магазинах партнеров по рекомендованной цене 3 490 руб.']]]</text>
	<tags verify="true" type="list" auto="true">
		<tag>Samsung</tag>
	</tags>
	<source verify="true" type="text" auto="true">Samsung</source>
	<href verify="true" type="text" auto="true">https://the-geek.ru/news/samsung-vypustil-uf-sterilizator-dlya-mobilnyh-ustrojstv</href>
</doc>
