<?xml version="1.0" ?>
<doc>
	<title verify="true" type="text" auto="true">Samsung выпустила чехлы для Galaxy Buds Pro в стиле старых раскладушек T100 и E700</title>
	<date verify="true" type="date" auto="true">2021-01-20</date>
	<author verify="true" type="text" auto="true">Алексей Авдеев</author>
	<text verify="true" type="cdata" auto="true">![CDATA[['Необычное решение приняли ребята из Samsung. Специально для кейса новых беспроводных наушников Galaxy Buds Pro они выпустили чехол в виде раскладушек из 2000-х годов – Samsung T100 и Samsung E700. Если кто забыл, то выглядят они вот так: Сами чехлы более компактные в отличие от оригинальных телефонов и по-настоящему стильные. Так компания напоминает о своих достижениях, ведь раскладушки были одними из первых телефонов с цветным дисплеем. В Южной Корее их дарят покупателям наушников до 31 января, а отдельно футляр будет стоить 30 долларов (около 2200 рублей). Доберутся ли они до европейского рынка – неизвестно.']]]</text>
	<tags verify="true" type="list" auto="true">
		<tag>Samsung</tag>
	</tags>
	<source verify="true" type="text" auto="true">Cnet</source>
	<href verify="true" type="text" auto="true">https://the-geek.ru/news/samsung-vypustila-chehly-dlya-galaxy-buds-pro-v-stile-staryh-raskladushek-t100-i-e700</href>
</doc>
