<?xml version="1.0" ?>
<doc>
	<title verify="true" type="text" auto="true">Samsung Galaxy S21 на Snapdragon 888 не радует производительностью</title>
	<date verify="true" type="date" auto="true">2020-12-04</date>
	<author verify="true" type="text" auto="true">Андрей Галадей</author>
	<text verify="true" type="cdata" auto="true">![CDATA[['В базе данных Geekbench появился новый флагман Samsung Galaxy S21. Он проходит под каталожным номером SM-G991U, а его плата фигурирует под названием «lahaina» – это кодовое обозначение Snapdragon 888. Судя по первым результатам, процессор явно не используется во всю силу. В однопоточном тесте он набирает 1075 баллов, в многопоточном — 2916 баллов. Для сравнения, ранее в неназванном смартфоне Vivo у аналогичного процессора показатели были на уровне 1135 баллов в однопоточном и 3681 — в многопоточном. Скорее всего, виной тому недостаточная оптимизация или же статус прототипа для новинки. Остаётся надеяться, что к моменту релиза ситуация улучшится. Цена устройства на данный момент не сообщается.']]]</text>
	<tags verify="true" type="list" auto="true">
		<tag>Samsung Galaxy S21</tag>
	</tags>
	<source verify="true" type="text" auto="true">GSMArena</source>
	<href verify="true" type="text" auto="true">https://the-geek.ru/news/samsung-galaxy-s21-na-snapdragon-888-ne-raduet-proizvoditelnostyu</href>
</doc>
