<?xml version="1.0" ?>
<doc>
	<title verify="true" type="text" auto="true">Samsung Galaxy S21 можно будет разблокировать голосом</title>
	<date verify="true" type="date" auto="true">2020-11-26</date>
	<author verify="true" type="text" auto="true">Андрей Галадей</author>
	<text verify="true" type="cdata" auto="true">![CDATA[['На данный момент на рынке присутствует две технологии разблокировки смартфона — с помощью распознавания лица или отпечатка пальца. Ввод пароля также есть, но его мало используют из-за громоздкости метода. Однако теперь, как сообщатся, появится четвёртый вариант. Смартфон Galaxy S21 можно будет разблокировать голосом. Ещё в Moto X 2013 года появилась технология, которая различает голоса людей, хотя там для этого применялся отдельный чип. В современных системах она уже доступна по умолчанию, однако ранее для разблокировки её не использовали. Samsung хочет задействовать её в качестве альтернативы сканеру отпечатка пальца. Это может пригодиться в машине или в других подобных сценариях. Скорее всего, это будет аналог постоянно включённой Siri или google Assistant. При этом пока неясно, будет ли технология безопасной. Одно дело, дать голосовую команду на звонок, и другое — снять таким образом защиту. Ожидается, что новинку покажут на презентации Galaxy S21 в январе. А ещё появились качественные изображения смартфона в чехле. Напомним, что ранее мы писали о характеристиках всей линейки смартфонов.']]]</text>
	<tags verify="true" type="list" auto="true">
		<tag>Samsung Galaxy S21</tag>
		<tag>Безопасность</tag>
		<tag>Блокировка</tag>
	</tags>
	<source verify="true" type="text" auto="true">Sammobile</source>
	<href verify="true" type="text" auto="true">https://the-geek.ru/news/samsung-galaxy-s21-mozhno-budet-razblokirovat-golosom</href>
</doc>
