<?xml version="1.0" ?>
<doc>
	<title verify="true" type="text" auto="true">Samsung объявила об официальном запуске One UI 3</title>
	<date verify="true" type="date" auto="true">2020-12-04</date>
	<author verify="true" type="text" auto="true">Вадим Майков</author>
	<text verify="true" type="cdata" auto="true">![CDATA[['Уже сегодня сегодня, One UI 3 доступна для устройств серии Galaxy S20 (Galaxy S20, S20 + и S20 Ultra) в Корее, США и Европе. В ближайшие недели доступ к обновлению получат пользователи из других регионов, а также владельцы Galaxy Note20, Z Fold2, Z Flip, Note10, Fold и S10. На устройствах серии Galaxy A One UI 3 появится в первой половине 2021 года. Наиболее востребованные функции и сервисы, такие как главный экран, экран блокировки, уведомления и панель быстрого доступа, были визуально усовершенствованы, чтобы пользователь мог мгновенно получить всю важную информацию. Визуальные эффекты, такие как затемнение / размытие при просмотре уведомлений, помогут сосредоточиться на самом важном, а переработанные виджеты сделают домашний экран упорядоченным, аккуратным и стильным. Обновленные виджеты экрана блокировки помогут управлять музыкой и просматривать важную информацию, например, планы в календаре, без необходимости снимать блокировку. Отслеживание сообщений и бесед стало более простым, поскольку уведомления мессенджеров отображаются в верхней центральной части экрана, позволяя быстро прочесть сообщения и ответить на них. Полноэкранный режим видеозвонков делает общение более персональным. С One UI 3 расширились и возможности камеры. Улучшенный зум на основе ИИ, а также усовершенствованные автофокусировка и автоэкспозиция. Кроме того, организация по категориям в галерее позволит быстро находить фотографии: свайп вверх по экрану во время просмотра изображения откроет связанную с ним группу снимков. sexe24.ch Также появились новые приложения для цифрового благополучия (digital wellbeing), которые помогут людям контролировать и менять свои привычки. Смартфон предоставляет информацию о еженедельных изменениях использования экранного времени, а также о сценариях эксплуатации смартфона, чтобы владелец мог принимать осознанные решения о том, как взаимодействует со своими устройствами. По мере того как возможности Galaxy будут расширяться, интерфейс One UI получит еще больше к выходу новых флагманских устройств в начале 2021 года.']]]</text>
	<tags verify="true" type="list" auto="true">
		<tag>One UI</tag>
		<tag>Samsung</tag>
	</tags>
	<source verify="true" type="text" auto="true">Samsung</source>
	<href verify="true" type="text" auto="true">https://the-geek.ru/news/samsung-one-ui-3</href>
</doc>
