<?xml version="1.0" ?>
<doc>
	<title verify="true" type="text" auto="true">Samsung переходит на экраны производства BOE</title>
	<date verify="true" type="date" auto="true">2021-03-22</date>
	<author verify="true" type="text" auto="true">Михаил Дулуб</author>
	<text verify="true" type="cdata" auto="true">![CDATA[['Мы привыкли, что южнокорейский гигант использует в своих смартфонах дисплеи, исключительно своего производства. Но теперь об этом можно забыть, ведь представители Samsung решили опробовать в деле продукт от китайского производителя BOE. Эта информация практически подтверждена, ведь китайский производитель вот-вот начнет поставки своей продукции. С чем связано такое решение? Во-первых, у BOE после введения санкций в отношении Huawei, стало совсем мало клиентов, вот и решили искать рынки сбыта своей продукции. Под руку подвернулась южнокорейская компании и здесь уже во-вторых. Экраны BOE самые дешевые на рынке, а поэтому, их использовать в устройствах с небольшим ценником — самое то. Где же найдут применение дисплеи от BOE? Первыми устройствами, и видимо, не последними, станут смартфоны линейки Galaxy M.']]]</text>
	<tags verify="true" type="list" auto="true">
		<tag>BOE</tag>
		<tag>Samsung</tag>
	</tags>
	<source verify="true" type="text" auto="true">Mydrivers</source>
	<href verify="true" type="text" auto="true">https://the-geek.ru/news/samsung-perehodit-na-ekrany-proizvodstva-boe</href>
</doc>
