<?xml version="1.0" ?>
<doc>
	<title verify="true" type="text" auto="true">Samsung представила бюджетный смартфон Galaxy F02s за $124</title>
	<date verify="true" type="date" auto="true">2021-03-27</date>
	<author verify="true" type="text" auto="true">Вадим Майков</author>
	<text verify="true" type="cdata" auto="true">![CDATA[['Samsung решил максимально закрепить свои позиции на рынке бюджетных смартфонов. Уже сегодня в продажу в Индии выходит доступный смартфон Samsung Galaxy F02s, который имеет на борту 3 ГБ оперативной и 32 ГБ встроенной памяти, а его стоимость составляет всего 124 доллара (около 9 тысяч рублей). Также есть слегка улучшенная модель с оперативкой на 4 ГБ и памятью на 64 ГБ. Обойдётся улучшенная версия в 138 долларов (около 10 тысяч рублей). Samsung Galaxy F02s получил дисплей на 6,5-дюйма с разрешением 720p, процессор Snapdragon 450 и аккумулятор на 5000 мАч с поддержкой зарядки мощностью до 15 Вт. Камера в смартфоне использует два модуля на 13 Мп и 2 Мп. Первый выступает основным, а второй дополнительный с датчиком глубины и возможностью использования для макросъемки. Работает Samsung Galaxy F02s под управлением Android 10 с фирменной оболочкой One UI. Когда данная модель доберётся до европейского рынка – неизвестно, но явно, она будет значительно дороже.']]]</text>
	<tags verify="true" type="list" auto="true">
		<tag>Galaxy</tag>
		<tag>Samsung</tag>
	</tags>
	<source verify="true" type="text" auto="true"/>
	<href verify="true" type="text" auto="true">https://the-geek.ru/news/samsung-predstavila-byudzhetnyj-smartfon-galaxy-f02s-za-124</href>
</doc>
