<?xml version="1.0" ?>
<doc>
	<title verify="true" type="text" auto="true">Samsung представила «квантовый» смартфон Galaxy Quantum 2</title>
	<date verify="true" type="date" auto="true">2021-04-13</date>
	<author verify="true" type="text" auto="true">Андрей Галадей</author>
	<text verify="true" type="cdata" auto="true">![CDATA[['Компания Samsung официально представила Galaxy Quantum 2 — смартфон со встроенным чипом безопасности QRNG. Он распаян на плате отдельно и реализует генерацию случайных чисел для шифрования. Это обеспечивает повышенный уровень безопасности для системы. Предполагается, что за основу «квартового» смартфона взят не анонсированный Galaxy A82, который покажут в ближайшее время. Ему приписывают процессор Snapdragon 855+, аккумулятор на 4500 мАч, а также экран AMOLED с разрешением Full HD+ и частотой обновления 120 Гц. Galaxy Quantum 2 будет продаваться только в Южной Корее по цене примерно в 48 тысяч рублей. Не исключено, что в будущем такая же возможность появится в других моделях.']]]</text>
	<tags verify="true" type="list" auto="true">
		<tag>Samsung Galaxy Quantum 2</tag>
		<tag>Смартфон</tag>
	</tags>
	<source verify="true" type="text" auto="true">GSM Arena</source>
	<href verify="true" type="text" auto="true">https://the-geek.ru/news/samsung-predstavila-kvantovyj-smartfon-galaxy-quantum-2</href>
</doc>
