<?xml version="1.0" ?>
<doc>
	<title verify="true" type="text" auto="true">Samsung рассказала о сроках глобального выпуска One UI 3.0 для смартфонов Galaxy</title>
	<date verify="true" type="date" auto="true">2020-12-03</date>
	<author verify="true" type="text" auto="true">Андрей Галадей</author>
	<text verify="true" type="cdata" auto="true">![CDATA[['Компания Samsung ещё несколько месяцев назад начала бета-тестирование своего обновления One UI 3.0 на базе Android 11. И вот теперь стало известно, когда многие её модели получат обновление. В сообщении на форуме сообщества Samsung компания поделилась списком моделей, которые получат обновление в первую очередь. Это, само собой, Galaxy S20, Note20, Z Fold, Note10 и S10. Также там есть Galaxy Fold, Galaxy A51, Galaxy M21, Galaxy M30s, Galaxy M31, Galaxy Note 10 Lite и Galaxy Tab S7. Декабрь 2020 года: Январь 2021 года: Февраль 2021 года Март 2021 года Апрель 2021 года Май 2021 года Июнь 2021 года Июль 2021 года Август 2021 года Само собой, это лишь приблизительные данные, но в будущем они будут уточняться.']]]</text>
	<tags verify="true" type="list" auto="true">
		<tag>Galaxy</tag>
		<tag>Samsung</tag>
		<tag>Смартфон</tag>
	</tags>
	<source verify="true" type="text" auto="true">Android Police</source>
	<href verify="true" type="text" auto="true">https://the-geek.ru/news/samsung-rasskazala-o-srokah-globalnogo-vypuska-one-ui-3-0-dlya-smartfonov-galaxy</href>
</doc>
