<?xml version="1.0" ?>
<doc>
	<title verify="true" type="text" auto="true">Samsung снизила цены в честь «Черной пятницы»</title>
	<date verify="true" type="date" auto="true">2020-11-24</date>
	<author verify="true" type="text" auto="true">Алексей Авдеев</author>
	<text verify="true" type="cdata" auto="true">![CDATA[['Samsung объявила о старте акции «Черная пятница» в фирменном интернет-магазине и фирменной рознице. С 24 ноября по 30 ноября технику бренда, включая смартфоны, телевизоры и бытовые приборы, можно будет приобрести со скидкой до 40%. Кроме того, по акции доступны флагманские смартфоны Galaxy S20 и S20+, планшеты Galaxy Tab S6 10.5 и другие устройства. Покупатели смогут приобрести их со скидкой до 36%: Скидки также распространяются телевизоры, такие как: Акция доступна в официальном интернет-магазине Samsung до 30 ноября.']]]</text>
	<tags verify="true" type="list" auto="true">
		<tag>Samsung</tag>
	</tags>
	<source verify="true" type="text" auto="true">Samsung</source>
	<href verify="true" type="text" auto="true">https://the-geek.ru/news/samsung-snizila-czeny-v-chest-chernoj-pyatniczy</href>
</doc>
