<?xml version="1.0" ?>
<doc>
	<title verify="true" type="text" auto="true">Samsung готовит смартфон с поворотно-выдвижной камерой</title>
	<date verify="true" type="date" auto="true">2021-02-01</date>
	<author verify="true" type="text" auto="true">Андрей Галадей</author>
	<text verify="true" type="cdata" auto="true">![CDATA[['Компания Samsung размышляет над оригинальной конструкцией камеры. Она, похоже, сможет не только выдвигаться из корпуса, но также разворачиваться на 180 градусов. Выглядит это примерно так: Механизм подразумевает, что будет использоваться одна камера — основная. Фактически, это улучшенный вариант того, что мы видели в Poco F2 Proи других моделях. При этом остаются вопросы о надёжности такого решения. Ведь выступающий механизм с поворотным блоком по умолчанию менее надёжен, чем обычные камеры. Пока не сообщается, когда такое решение будет представлено в готовом смартфоне.']]]</text>
	<tags verify="true" type="list" auto="true">
		<tag>Samsung</tag>
	</tags>
	<source verify="true" type="text" auto="true">letsgodigital</source>
	<href verify="true" type="text" auto="true">https://the-geek.ru/news/samsung-gotovit-smartfon-s-povorotno-vydvizhnoj-kameroj</href>
</doc>
