<?xml version="1.0" ?>
<doc>
	<title verify="true" type="text" auto="true">Samsung показала гибкий экран-гармошку для будущих складных смартфонов</title>
	<date verify="true" type="date" auto="true">2021-05-18</date>
	<author verify="true" type="text" auto="true">Андрей Галадей</author>
	<text verify="true" type="cdata" auto="true">![CDATA[['Компания Samsung явно делает ставку на складные дисплеи. В рамках конференции SID 2021 производитель показал сразу несколько разработок в области гибких экранов. К примеру, там продемонстрировали концепт смартфона, в котором используется S-образный дисплей. Иначе говоря, это экран, который складывается в двух местах, что позволяет уменьшить его габариты. Также был представлен крупноформатный OLED-дисплей для ноутбука, нижняя часть которого используется в качестве клавиатуры. Наконец, там показали концепт экрана-рулона, который можно вытягивать из корпуса. Само собой, это пока только концепты, так что говорить о сроках выхода готовых решений преждевременно. Однако сами технологии уже существуют.']]]</text>
	<tags verify="true" type="list" auto="true">
		<tag>Samsung</tag>
	</tags>
	<source verify="true" type="text" auto="true">YouTube</source>
	<href verify="true" type="text" auto="true">https://the-geek.ru/news/samsung-pokazala-gibkij-ekran-garmoshku-dlya-budushhih-skladnyh-smartfonov</href>
</doc>
