<?xml version="1.0" ?>
<doc>
	<title verify="true" type="text" auto="true">Samsung отказалась от выпуска нового Galaxy Note в 2021 году</title>
	<date verify="true" type="date" auto="true">2021-03-17</date>
	<author verify="true" type="text" auto="true">Валентин Снежин</author>
	<text verify="true" type="cdata" auto="true">![CDATA[['Samsung отказалась от выпуска новых смартфонов линейки Galaxy Note. Об этом стало известно от главы мобильного подразделения компании Кох Дон Чжин на ежегодном собрании акционеров в Сеуле. По его словам, компания не станет выпускать новый Galaxy Note только в этом году из-за проблем на рынке полупроводников. В мире наблюдается дефицит чипов и прочих компонентов, поэтому выпуск ещё одной флагманской модели будет слишком рискованным. Выход обновлённых Galaxy Note может произойти в 2022 году. Также в Сети уже давно ходят слухи о полном закрытии линейки Note. С каждым выходом новых флагманов отличий между Galaxy S и Galaxy Note становится всё меньше. Поэтому выпускать две похожих линейки нет никакого смысла.']]]</text>
	<tags verify="true" type="list" auto="true">
		<tag>Galaxy Note</tag>
		<tag>Samsung</tag>
	</tags>
	<source verify="true" type="text" auto="true"/>
	<href verify="true" type="text" auto="true">https://the-geek.ru/news/samsung-otkazalas-ot-vypuska-novogo-galaxy-note-v-2021-godu</href>
</doc>
