<?xml version="1.0" ?>
<doc>
	<title verify="true" type="text" auto="true">Samsung анонсировала презентацию 28 апреля. Компания обещает «мощные» новинки</title>
	<date verify="true" type="date" auto="true">2021-04-14</date>
	<author verify="true" type="text" auto="true">Вадим Майков</author>
	<text verify="true" type="cdata" auto="true">![CDATA[['Samsung объявила дату презентации Galaxy Unpacked, которая пройдёт 28 апреля в 17:00 по московскому времени. Мероприятие покажут в онлайн-формате, без участия журналистов и других гостей. Слоган на тизере The most powerful Galaxy is coming, можно перевести как «Самый мощный Galaxy приближается». Какое это будет устройство – не уточняется. Стоит предположить, что Samsung может представить обновлённые «раскладушки» Galaxy Z Flip 2 и Z Fold 3, а также новую линейку ноутбуков. Также вчера дату своей презентации назвала Apple. Она пройдёт чуть раньше – 20 апреля.']]]</text>
	<tags verify="true" type="list" auto="true">
		<tag>Samsung</tag>
	</tags>
	<source verify="true" type="text" auto="true">The GEEK</source>
	<href verify="true" type="text" auto="true">https://the-geek.ru/news/samsung-anonsirovala-prezentacziyu-28-aprelya-kompaniya-obeshhaet-moshhnye-novinki</href>
</doc>
