<?xml version="1.0" ?>
<doc>
	<title verify="true" type="text" auto="true">Samsung представила модули ОЗУ на 512 ГБ. Но только для серверов</title>
	<date verify="true" type="date" auto="true">2021-03-25</date>
	<author verify="true" type="text" auto="true">Андрей Галадей</author>
	<text verify="true" type="cdata" auto="true">![CDATA[['Компания Samsung объявила о создании первого в мире модуля оперативной памяти DDR5 с ёмкостью в 512 ГБ. Новинка выполнена по технологии High-K Metal Gate (HKMG), вдвое превосходит DDR4 по скорости и потребляет меньше энергии. Сама технология HKMG — это производите полупроводников с использованием особых диэлектриков. Их диэлектрическая проницаемость которого больше, чем у диоксида кремния. Ранее технологию применяли для производства чипов памяти GDDR6 (применяется в современных видеокартах). Один модуль ОЗУ нового типа объединяет восемь слоёв микросхем DRAM ёмкостью 16 ГБ каждый. Это даёт 512 ГБ ОЗУ и частоту до 7200 МГц. Потребление энергии на 13% ниже, чем у DDR4. Такие модули предназначены для суперкомпьютеров и систем, которые работают с искусственным интеллектом, машинным обучением и анализом больших массивов данных. Пока что идёт тестирование новинок.']]]</text>
	<tags verify="true" type="list" auto="true">
		<tag>DDR5</tag>
		<tag>Samsung</tag>
		<tag>оперативная память</tag>
	</tags>
	<source verify="true" type="text" auto="true">Samsung</source>
	<href verify="true" type="text" auto="true">https://the-geek.ru/news/samsung-predstavila-moduli-ozu-na-512-gb-no-tolko-dlya-serverov</href>
</doc>
