<?xml version="1.0" ?>
<doc>
	<title verify="true" type="text" auto="true">Samsung готовит первый планшет в линейке Fan Edition</title>
	<date verify="true" type="date" auto="true">2021-05-17</date>
	<author verify="true" type="text" auto="true">Андрей Галадей</author>
	<text verify="true" type="cdata" auto="true">![CDATA[['Сетевые источники сообщили, что Samsung готовит новые модели планшетов, которые войдут в категорию Fan Edition. Речь идёт о модели Galaxy Tab S7 FE, которая фигурирует под каталожными номерами SM-T737 и SM-T736B. Похоже, разница между ними будет в наличии модема 5G. Планшеты получат среднеуровневую платформу Snapdragon 750G, экраны с разрешением 2560 х 1600 пикселей, 4 ГБ ОЗУ, поддержку S Pen и ОС Android 11. Иные спецификации не приводятся, но можно предположить наличие поддержки карты памяти и не менее 64 ГБ встроенной флеш-памяти. Также обращает на себя внимание конструкция основной камеры. Возможно, она получит два модуля. Пока что нет данных о том, когда именно выйдет новинка. Однако, похоже, это произойдёт в ближайшие месяцы. Как ожидается, новинка может занять обширную долю рынка, ведь нормальных полноценных планшетов сейчас мало.']]]</text>
	<tags verify="true" type="list" auto="true">
		<tag>Samsung</tag>
		<tag>Samsung Galaxy Tab S7 FE</tag>
		<tag>Планшет</tag>
	</tags>
	<source verify="true" type="text" auto="true">MySmartPrice</source>
	<href verify="true" type="text" auto="true">https://the-geek.ru/news/samsung-gotovit-pervyj-planshet-v-linejke-fan-edition</href>
</doc>
