<?xml version="1.0" ?>
<doc>
	<title verify="true" type="text" auto="true">Samsung уберёт зарядку из коробок будущих смартфонов</title>
	<date verify="true" type="date" auto="true">2021-01-16</date>
	<author verify="true" type="text" auto="true">Валентин Снежин</author>
	<text verify="true" type="cdata" auto="true">![CDATA[['Будущие смартфоны Samsung следом за Apple, будут поставляться без зарядного блока и наушников. Первыми такими устройствами стали недавно представленные Galaxy S21. В компании отмечают, что постепенный отказ от аксессуаров из коробки сделают смартфоны более экологичными. Хотя сам зарядный блок можно приобрести в фирменном магазине за $20. Стоит обратить внимание, что комплектная зарядка может остаться в бюджетных моделях Samsung, чтобы удержать нетребовательного пользователя, а вот из более премиальных серий типа Galaxy S и Galaxy Z – она уйдёт. В отличие от Apple, компания Samsung оставит зарядный блок и дополнительные аксессуары в действующих моделях Note20 Ultra (обзор) и Galaxy Note10. Это позволит компании не переделывать коробки и не столкнуться с негативом от покупателей.']]]</text>
	<tags verify="true" type="list" auto="true">
		<tag>Galaxy</tag>
	</tags>
	<source verify="true" type="text" auto="true">The Verge</source>
	<href verify="true" type="text" auto="true">https://the-geek.ru/news/samsung-uberyot-zaryadku-iz-korobok-budushhih-smartfonov</href>
</doc>
