<?xml version="1.0" ?>
<doc>
	<title verify="true" type="text" auto="true">Samsung Galaxy F62 будет называться иначе в Европе</title>
	<date verify="true" type="date" auto="true">2021-02-24</date>
	<author verify="true" type="text" auto="true">Андрей Галадей</author>
	<text verify="true" type="cdata" auto="true">![CDATA[['Компания Samsung готовится представить новый смартфон с аккумулятором на 7000 мА·ч. Модель будет доступна в линейке M. Называться она будет Galaxy M62, а представят её 3 марта. И да, это совершенно тот же смартфон, что и индийский Galaxy F62. Просто в Индии есть местный производитель, использующий букву M в своих продуктах. В остальном различий нет. Новинка получит экран Super AMOLED диагональю 6,7 дюйма, платформу Exynos 9825 от Galaxy Note 10, 6/8 ГБ ОЗУ, 128 ГБ постоянной памяти, четвертную основную камеру датчиками на 64, 12, 5 и 5 МП. В качестве ОС заявлен Android 11 c интерфейсом One UI 3.1. Отметим, что цена будет той же, что и в Индии — от 330 долларов.']]]</text>
	<tags verify="true" type="list" auto="true">
		<tag>Galaxy</tag>
		<tag>Samsung</tag>
	</tags>
	<source verify="true" type="text" auto="true">Sammobile</source>
	<href verify="true" type="text" auto="true">https://the-geek.ru/news/samsung-galaxy-f62-budet-nazyvatsya-inache-v-evrope</href>
</doc>
