<?xml version="1.0" ?>
<doc>
	<title verify="true" type="text" auto="true">Samsung показала смартфон, который складывается внутрь и наружу</title>
	<date verify="true" type="date" auto="true">2021-04-16</date>
	<author verify="true" type="text" auto="true">Андрей Галадей</author>
	<text verify="true" type="cdata" auto="true">![CDATA[['Компания Samsung запатентовала новую версию складного смартфона. Она отличается от Galaxy Z Fold и Galaxy Z Flip, поскольку может складываться внутрь и наружу. Новинка внешне напоминает Samsung Galaxy Z Flip, однако конструкция шарниров у него иная. Скорее всего, там используются шарниры, как в ноутбуках-трансформерах. При этом в сложенном состоянии гибкий экран остается защищенным от внешних воздействий. В разложенном же он будет огибать весь корпус. Ресурс Letsgodigital показал на рендерах, как может выглядеть такое решение. При этом отмечается, что вместо вспышки Samsung хочет использовать свет, излучаемый дисплеем. А камера получит минимум два модуля. Помимо этого, в патенте говорится, что новинка будет оснащена сканером отпечатка прямо в дисплее. На данный момент все гибких экраны лишены такой возможности.']]]</text>
	<tags verify="true" type="list" auto="true">
		<tag>Samsung</tag>
		<tag>Патент</tag>
		<tag>складной дисплей</tag>
		<tag>Складной смартфон</tag>
	</tags>
	<source verify="true" type="text" auto="true"/>
	<href verify="true" type="text" auto="true">https://the-geek.ru/news/samsung-pokazala-smartfon-kotoryj-skladyvaetsya-vnutr-i-naruzhu</href>
</doc>
