<?xml version="1.0" ?>
<doc>
	<title verify="true" type="text" auto="true">Samsung установила приложения «Яндекса» на смартфоны, причём удалить их нельзя</title>
	<date verify="true" type="date" auto="true">2021-03-31</date>
	<author verify="true" type="text" auto="true">Андрей Галадей</author>
	<text verify="true" type="cdata" auto="true">![CDATA[['Компания Samsung начала разворачивать обновление прошивки для смартфонов российских пользователей. Как сообщается, там появились «Яндекс.Браузер», «Яндекс.Диск» и «Яндекс.Карты», которые нельзя удалить. В описании к патчу компания ссылается на закон, который вступает в силу завтра, 1 апреля. Компания заявила, что приложения не обязательно устанавливать смартфоны, которые уже куплены, однако ПО обновляется для всего модельного ряда. Это касается линейки A и некоторых флагманов. При этом компания заявила, что большинство софта можно удалить, а у остального — убрать иконки с рабочего стола. Также отмечается, что иконки представляю собой ссылки для автоматической загрузки полной версии программы. Если пользователи не хотят задействовать именно их, то их просто нужно убрать. А в «Яндексе» рассказали, что производители сами определяют методику предустановки. Можно загружать приложения сразу в память, оставлять только иконку или выводить запрос при активации смартфона.']]]</text>
	<tags verify="true" type="list" auto="true"/>
	<source verify="true" type="text" auto="true">Коммерсант</source>
	<href verify="true" type="text" auto="true">https://the-geek.ru/news/samsung-ustanovila-prilozheniya-yandeksa-na-smartfony-prichyom-udalit-ih-nelzya</href>
</doc>
