<?xml version="1.0" ?>
<doc>
	<title verify="true" type="text" auto="true">Samsung высмеивает iPhone 12 Pro Max в коротких роликах</title>
	<date verify="true" type="date" auto="true">2021-05-25</date>
	<author verify="true" type="text" auto="true">Вадим Майков</author>
	<text verify="true" type="cdata" auto="true">![CDATA[['Samsung не изменяет своим традициям и продолжает выпускать рекламные ролики в которых высмеивает продукцию компании Apple. В этот раз бренд сравнил возможности камеры Galaxy S21 Ultra 5G и iPhone 12 Pro Max. Начало каждого 15-секундного ролика сопровождается фразой «Your phone upgrade shouldn’t be a downgrade» (пер. Обновление вашего телефона не должно быть ухудшением). Первый ролик показывает возможности зума и телеобъектива в двух смартфонах и задают зрителю вопрос: «Достаточно близко?». Но а второе видео показывает сравнение детализации на крупных планах уже с другим вопросом: «Достаточно подробно?». Неудивительно, что в двух роликах заметно показана разница между Galaxy S21 Ultra 5G и iPhone 12 Pro Max, и конечно, не в пользу смартфона от Apple.']]]</text>
	<tags verify="true" type="list" auto="true">
		<tag>Samsung</tag>
	</tags>
	<source verify="true" type="text" auto="true"/>
	<href verify="true" type="text" auto="true">https://the-geek.ru/news/samsung-s21-ultra-vs-iphone-12-pro-max</href>
</doc>
