<?xml version="1.0" ?>
<doc>
	<title verify="true" type="text" auto="true">Samsung анонсировала выпуск Galaxy Note21</title>
	<date verify="true" type="date" auto="true">2020-12-16</date>
	<author verify="true" type="text" auto="true">Андрей Галадей</author>
	<text verify="true" type="cdata" auto="true">![CDATA[['Корпорация Samsung официально опровергла все слухи об отмене выпуска смартфонов линейки Galaxy Note. Во всяком случае, это касается будущих моделей. Представитель компании дал чёткий комментарий по этому поводу. Ранее предполагалось, что в активе останется только линейка Galaxy S и складные смартфоны. Однако теперь ясно, что Note никуда не денется. Отменим, что вчера президент и глава мобильного подразделения Samsung Electronics Тэ Мун Ро заявил, что поддержка стилуса S Pen перестанет быть эксклюзивом для серии Galaxy Note. Для сторонников идеи отказа от Note это стало подтверждением. Позже в компании пояснили, что перенос функций линейки на другие устройства не означает отказа от самой серии Galaxy Note.']]]</text>
	<tags verify="true" type="list" auto="true">
		<tag>Galaxy Note21</tag>
		<tag>Samsung</tag>
		<tag>анонс</tag>
		<tag>Смартфон</tag>
	</tags>
	<source verify="true" type="text" auto="true">m.yna.co.kr</source>
	<href verify="true" type="text" auto="true">https://the-geek.ru/news/samsung-anonsirovala-vypusk-galaxy-note21</href>
</doc>
