<?xml version="1.0" ?>
<doc>
	<title verify="true" type="text" auto="true">Samsung Galaxy S21 FE получит процессор Snapdragon 888 и минимум 6 ГБ ОЗУ</title>
	<date verify="true" type="date" auto="true">2021-05-21</date>
	<author verify="true" type="text" auto="true">Андрей Галадей</author>
	<text verify="true" type="cdata" auto="true">![CDATA[['Прошлогодняя модель Samsung Galaxy S21 FE выйдет в этом году на волне популярности прошлогодней версии S21 FE. И она будет оснащена топовым процессором. Речь идёт о Snapdragon 888, который будет установлен в модификации с каталожным номером SM-G990B. Пока неясно, станет ли эта модель единственной или появятся версии на SoC Exynos 2100. Однако Galaxy S20 FE получила в итоге только платформу Qualcomm. Другие спецификации включат в себя минимум 6 ГБ ОЗУ, но, как ожидается, будет и больше. При этом другие спецификации и прочие данные не уточняются. Также пока остаётся неизвестным, когда именно выпустят новинку.']]]</text>
	<tags verify="true" type="list" auto="true">
		<tag>Qualcomm Snapdragon 888</tag>
		<tag>Samsung Galaxy S21 FE</tag>
		<tag>Смартфон</tag>
	</tags>
	<source verify="true" type="text" auto="true">Geekbench</source>
	<href verify="true" type="text" auto="true">https://the-geek.ru/news/galaxy-s21-fe-snapdragon-888</href>
</doc>
