<?xml version="1.0" ?>
<doc>
	<title verify="true" type="text" auto="true">Samsung выпустила трейлер мероприятия Galaxy Unpacked 2021. На нём покажут Galaxy S21</title>
	<date verify="true" type="date" auto="true">2021-01-12</date>
	<author verify="true" type="text" auto="true">Алексей Авдеев</author>
	<text verify="true" type="cdata" auto="true">![CDATA[['Компания Samsung опубликовала официальный трейлер предстоящего мероприятия Samsung Galaxy Unpacked 2021. На нём производитель покажет новую серию флагманских устройств Galaxy. По всей видимости новый Galaxy S21 получит тройную камеру, которую ранее показывали инсайдеры на рендерах. Об этом свидетельствует кадр из свежего трейлера. Если верить ранним изображениям, то дизайн 21-й линейки очень похож на S20. Главным отличием является модуль основной камеры, который перетекает в боковую рамку и выпирает из корпуса. Так что чехол нужен обязательно. Презентация Samsung Galaxy Unpacked 2021 состоится 14 января в 18:00 по московскому времени на официальном сайте Samsung.']]]</text>
	<tags verify="true" type="list" auto="true">
		<tag>Galaxy S21</tag>
		<tag>Samsung</tag>
	</tags>
	<source verify="true" type="text" auto="true">Samsung</source>
	<href verify="true" type="text" auto="true">https://the-geek.ru/news/samsung-vypustila-trejler-meropriyatiya-galaxy-unpacked-2021-na-nyom-pokazhut-galaxy-s21</href>
</doc>
