<?xml version="1.0" ?>
<doc>
	<title verify="true" type="text" auto="true">Samsung готовит новые Galaxy A22 и Galaxy F22</title>
	<date verify="true" type="date" auto="true">2021-05-06</date>
	<author verify="true" type="text" auto="true">Андрей Галадей</author>
	<text verify="true" type="cdata" auto="true">![CDATA[['Ресурс SamMobile опубликовал данные о разработке нового бюджетного смартфона Samsung Galaxy F22. Судя по данным источника, устройство будет базироваться на ещё не анонсированном Galaxy A22. Фактически, компания повторяет свой опыт с предыдущими смартфонами семейства Galaxy A и Galaxy F. Последние — почти копии «А-шек», но с некоторыми упрощениями. Модели A22 приписывают чип чипе Mediatek Dimensity 700 с поддержкой 5G, 6 ГБ ОЗУ, основную камеру на 48 + 8 + 2 МП, фронтальную на 13 МП. Данных об экране и батарее пока нет, хотя утечки указывают на 4000-5000 мАч и быструю зарядку можностью в 15 Вт. При этом F22 будет отличаться только отсутствием 5G. Впрочем, учитывая слабое покрытие даже в странах первой волны, это вряд ли будет проблемой.']]]</text>
	<tags verify="true" type="list" auto="true">
		<tag>Samsung</tag>
		<tag>Samsung Galaxy A22</tag>
		<tag>Samsung Galaxy F22</tag>
		<tag>Смартфон</tag>
	</tags>
	<source verify="true" type="text" auto="true">SamMobile</source>
	<href verify="true" type="text" auto="true">https://the-geek.ru/news/samsung-gotovit-novye-galaxy-a22-galaxy-f22</href>
</doc>
