<?xml version="1.0" ?>
<doc>
	<title verify="true" type="text" auto="true">Samsung Galaxy A22 будет самым доступным фирменным решением с 5G</title>
	<date verify="true" type="date" auto="true">2020-12-21</date>
	<author verify="true" type="text" auto="true">Андрей Галадей</author>
	<text verify="true" type="cdata" auto="true">![CDATA[['Компания Samsung на будущий год наметила выпуск недорого смартфона с поддержкой мобильной связи пятого поколения. Речь идёт о модели Galaxy A32 5G, который получит процессор MediaTek Dimensity 720 с модемом 5G. В числе других спецификаций называют основную камеру с четырьмя модулями, порты USB Type-C и 3,5-мм, а также экран с вырезом под фронтальную камеру. Цена её составит около $365. А ещё выйдет модель Galaxy A22 5G, которая будет стоить почти вдвое дешевле — порядка $185. Его спецификации не уточняются, но очевидно, что это будет сугубо бюджетная модель. Точных сроков выхода пока что не приводится.']]]</text>
	<tags verify="true" type="list" auto="true">
		<tag>Samsung Galaxy A22</tag>
		<tag>Смартфон</tag>
	</tags>
	<source verify="true" type="text" auto="true">GizmoChina</source>
	<href verify="true" type="text" auto="true">https://the-geek.ru/news/samsung-galaxy-a22-budet-samym-dostupnym-firmennym-resheniem-s-5g</href>
</doc>
