<?xml version="1.0" ?>
<doc>
	<title verify="true" type="text" auto="true">Samsung выпустит дисплеи-свитки и раздвижные экраны</title>
	<date verify="true" type="date" auto="true">2021-02-01</date>
	<author verify="true" type="text" auto="true">Андрей Галадей</author>
	<text verify="true" type="cdata" auto="true">![CDATA[['Похоже, компания Samsung не намерена ограничиваться только складными экранами. Подразделение Samsung Display подтвердило, что разрабатывает сразу две новые версии — экраны-свитки и раздвижные дисплеи. Как заявил старший вице-президент подразделения Чой Квон Ён заявил, что новые экраны появятся до конца года, а сама компания Samsung будет выпускать смартфоны на их основе. Правда, пока неясно, будет ли это эксклюзивно для корпорации или экраны появятся и у других производителей. Обещано, что дисплеи должны быть прочными, обладать высокой частотой обновления и низкими энергопотреблением. При этом отметим, что пока неясно, насколько дорогими и надёжными будут такие модели.']]]</text>
	<tags verify="true" type="list" auto="true">
		<tag>Samsung</tag>
		<tag>смартфоны</tag>
	</tags>
	<source verify="true" type="text" auto="true">Gizmochina</source>
	<href verify="true" type="text" auto="true">https://the-geek.ru/news/samsung-vypustit-displei-svitki-i-razdvizhnye-ekrany</href>
</doc>
