<?xml version="1.0" ?>
<doc>
	<title verify="true" type="text" auto="true">Samsung Galaxy S21 FE показали на качественных рендерах</title>
	<date verify="true" type="date" auto="true">2021-04-11</date>
	<author verify="true" type="text" auto="true">Вадим Майков</author>
	<text verify="true" type="cdata" auto="true">![CDATA[['В прошлом году Samsung выпустила “фанатскую” версию флагманского смартфона Galaxy S20. Компания подчеркивала, что Galaxy S20 FE является смартфоном для которого учли все пожелания фанатов бренда. Теперь же стало известно, что наследник FE появится в лице Galaxy S21. Качественными рендерами поделился инсайдер OnLeaks в своём Твиттере. Дизайн Galaxy S21 FE будет сильно напоминать обычную версию Galaxy S21. Спереди разместится плоской AMOLED-дисплей на 6,4 дюйма с разрешением FullHD+. Также появится круглый вырез под фронтальную камеру. По предварительным данным Galaxy S21 FE получит чипсет Snapdragon 888 или Exynos 2100, 8 ГБ оперативной памяти и поддержку зарядки на мощности 25 Вт. Выход новинки ожидается летом 2021 года.']]]</text>
	<tags verify="true" type="list" auto="true">
		<tag>Galaxy S21</tag>
		<tag>Samsung</tag>
	</tags>
	<source verify="true" type="text" auto="true">Onleaks</source>
	<href verify="true" type="text" auto="true">https://the-geek.ru/news/samsung-galaxy-s21-fe-pokazali-na-kachestvennyh-renderah</href>
</doc>
