<?xml version="1.0" ?>
<doc>
	<title verify="true" type="text" auto="true">Samsung представила смартфоны Galaxy A52 и A72</title>
	<date verify="true" type="date" auto="true">2021-03-17</date>
	<author verify="true" type="text" auto="true">Алексей Авдеев</author>
	<text verify="true" type="cdata" auto="true">![CDATA[['Как и ожидалось, Samsung официально представила долгожданные смартфоны Galaxy A52 и A72. Новая серия Samsung Galaxy A имеет камеру высокого разрешения, экраны с плавной прокруткой, защиту от воды и долговечный аккумулятор, а также расширяет мобильные возможности пользователей благодаря доступу к экосистеме подключенных устройств Galaxy, таких как Galaxy Buds Pro, Galaxy SmartTag и Galaxy Tab. Новинки представлены в совершенно новом минималистичном дизайне в пастельных цветах с эффектом матовой дымки на задней панели и имеют экран для суперплавного скроллинга. Благодаря тактовой частоте 90 Гц на A52 и A72 прокрутка стала еще более плавной, а на экране Samsung Super AMOLED смотреть видео и контент в соцсетях можно даже на улице, так как яркость дисплея была повышена до 800 нит. Galaxy A52 и A72 оснащены стереодинамиками с Dolby Atmos для повышенной глубины и детализации звука и поддерживают расширение памяти до 1 ТБ. По заявлению компании заряда аккумулятора хватает на два дня– 4500 мАч у A52 и 5000 мАч у A72. Также оба смартфона водо- и пыленепроницаемы по стандарту IP67. Новые модели серии Galaxy A будут доступны к покупке в России начиная с 17 марта в черном и синем цветах, а также оттенке лаванда по рекомендованной цене 26990 (128 ГБ) и 32990 (256 ГБ) за Galaxy A52 и 35990 (128 ГБ) и 39990 (256 ГБ) за Galaxy A72.']]]</text>
	<tags verify="true" type="list" auto="true">
		<tag>Galaxy A</tag>
		<tag>Samsung</tag>
	</tags>
	<source verify="true" type="text" auto="true">The GEEK</source>
	<href verify="true" type="text" auto="true">https://the-geek.ru/news/samsung-predstavila-smartfony-galaxy-a52-i-a72</href>
</doc>
