<?xml version="1.0" ?>
<doc>
	<title verify="true" type="text" auto="true">Samsung Galaxy S8 и S8+ больше не будут получать патчи безопасности</title>
	<date verify="true" type="date" auto="true">2021-05-04</date>
	<author verify="true" type="text" auto="true">Андрей Галадей</author>
	<text verify="true" type="cdata" auto="true">![CDATA[['Флагманские смартфоны Samsung Galaxy S8 и S8+ вышли в 2017 году. Однако теперь их срок жизни заканчивается. Компания закрыла поддержку этих моделей, теперь они не будут получать обновлений. Отметим, что устройства вышли под управлением Android 7, однако в 2019-м году получили Android 9. А вот нынешние флагманы Galaxy S21 работают под управлением Android 11, при этом они получат обновления до Android 12, 13 и 14. Для сравнения, в 2017 году вышли iPhone 8 и X. Они будут обновляться ещё минимум два года, так что замену им вряд ли нужно будет искать. Отметим, что отсутствие обновлений не означает блокировки смартфона. Им можно будет пользоваться, как и ранее, однако возникнет риск взлома или вирусной атаки.']]]</text>
	<tags verify="true" type="list" auto="true">
		<tag>Samsung Galaxy S8</tag>
		<tag>Samsung Galaxy S8+</tag>
		<tag>Смартфон</tag>
	</tags>
	<source verify="true" type="text" auto="true">Android Authority</source>
	<href verify="true" type="text" auto="true">https://the-geek.ru/news/samsung-galaxy-s8-bolshe-ne-budet-poluchat-patchi-bezopasnosti</href>
</doc>
