<?xml version="1.0" ?>
<doc>
	<title verify="true" type="text" auto="true">Samsung Galaxy M42 5G получит экран на 90 Гц и огромный аккумулятор</title>
	<date verify="true" type="date" auto="true">2021-04-12</date>
	<author verify="true" type="text" auto="true">Андрей Галадей</author>
	<text verify="true" type="cdata" auto="true">![CDATA[['Компания Samsung готовит к выпуску новый «долгоиграющий» смартфон Galaxy M42 5G. Он скоро появится на индийском рынке, а его тизер уже появился в сети. Как отмечается, это первый смартфон с поддержкой сетей пятого поколения в линейке M. Новинка получит однокристальную систему Qualcomm  Snapdragon 750G 5G и графический процессор Adreno 619. Как ожидается, новинка получит 6,6-дюймовый экран Super AMOLED с разрешением FHD+ и частотой 90 Гц. В него будет встроен сканер отпечатка. Основная камера получит четыре модуля, главный из которых — 64 МП. Также обещана 32-мегапиксельная селфи-камера. Также утверждается, что смартфон получит батарею на 6000 мАч с быстрой зарядкой. Цена и дата начала продаж не уточняются.']]]</text>
	<tags verify="true" type="list" auto="true">
		<tag>Samsung</tag>
		<tag>Samsung Galaxy M42 5G</tag>
		<tag>Смартфон</tag>
	</tags>
	<source verify="true" type="text" auto="true">Gizmochina</source>
	<href verify="true" type="text" auto="true">https://the-geek.ru/news/samsung-galaxy-m42-5g-poluchit-ekran-na-90-gcz-i-ogromnyj-akkumulyator</href>
</doc>
