<?xml version="1.0" ?>
<doc>
	<title verify="true" type="text" auto="true">Samsung удалила пост с высмеиванием отсутствия зарядки в iPhone</title>
	<date verify="true" type="date" auto="true">2020-12-24</date>
	<author verify="true" type="text" auto="true">Вадим Майков</author>
	<text verify="true" type="cdata" auto="true">![CDATA[['Если ранее Samsung «троллила» Apple за отсутствие зарядки, то следующие флагманы южнокорейского бренда могут оказаться без комплектного блока питания. Совсем недавно об этом сообщал ряд зарубежных СМИ, первыми смартфонами станет линейка Galaxy. Подтверждением подобных действий также служит удалённый пост Samsung из официального паблика в Facebook. Пост был размещён за день до презентации iPhone 12 и открыто высмеивал решение Apple убрать из комплектации смартфона зарядные блоки. Первыми смартфонами Samsung без зарядки станут Galaxy S21. Их выход запланирован на январь 2021 года.']]]</text>
	<tags verify="true" type="list" auto="true">
		<tag>Galaxy S21</tag>
		<tag>Samsung</tag>
	</tags>
	<source verify="true" type="text" auto="true">HTTech</source>
	<href verify="true" type="text" auto="true">https://the-geek.ru/news/samsung-udalila-post-s-vysmeivaniem-otsutstviya-zaryadki-v-novyh-iphone</href>
</doc>
