<?xml version="1.0" ?>
<doc>
	<title verify="true" type="text" auto="true">Serious Sam 2 неожиданно получил крупное обновление</title>
	<date verify="true" type="date" auto="true">2021-03-23</date>
	<author verify="true" type="text" auto="true">Алексей Авдеев</author>
	<text verify="true" type="cdata" auto="true">![CDATA[['Впервые за пять лет существования, убойный шутер Serious Sam 2 получил масштабное обновление. В игре добавилось 12 карт, лучевая пушка и новая анимация. Чуть позже разработчики обещают перезаписать саундтрек Serious Sam 2. Обновление под номером 2.90, весом 300 мегабайт, появилось под конец марта 2021 года. До этого последний апдейт датируется от сентября 2016 года. После обновления в Serious Sam 2 появляется огнемёт с лучевой пушкой (Beam Gun), последняя была вырезана из игры, а также радар показывающий противников и прочие объекты. Кроме того, добавились 12 дополнительных карт для мультиплеерной игры. Главный герой научился быстро бегать, использовать ракетницу для прыжков и держать оружие двумя руками. В игре обновилась анимации оружия, добавился множитель врагов и расширены возможности для дополнительных модификаций. В этом месяце серии Serious Sam исполнилось 20 лет.']]]</text>
	<tags verify="true" type="list" auto="true">
		<tag>Serious Sam</tag>
	</tags>
	<source verify="true" type="text" auto="true">Steam</source>
	<href verify="true" type="text" auto="true">https://the-geek.ru/news/serious-sam-2-neozhidanno-poluchil-krupnoe-obnovlenie</href>
</doc>
