<?xml version="1.0" ?>
<doc>
	<title verify="true" type="text" auto="true">Sharp показала смартфон с самой крупной камерой</title>
	<date verify="true" type="date" auto="true">2021-05-17</date>
	<author verify="true" type="text" auto="true">Андрей Галадей</author>
	<text verify="true" type="cdata" auto="true">![CDATA[['Компания Sharp представила смартфон Auqos R6, который отличается необычной камерой. Новинка получила дюймовый сенсор с разрешением 20 Мп. Ранее такие камеры были только в компактных фотоаппаратах. В техническом плане это означает, что на матрицу будет попадать больше света, что позволит снимать в темноте. Иначе говоря, это даст возможность обойтись одной камерой там, где ставят несколько. Камеру создавали специалисты Sharp и Leica. Помимо основного модуля, у смартфона есть только датчик глубины, который пригодится для размытия фона на фотографиях. Второй особенностью Aquos R6 стали дисплей на базе матрицы Pro IGZO OLED. Она поддерживает переменную частоту обновления дисплея с 1 Гц до 240 Гц и пиковую яркость 2000 нит. Внутри установлен топовый процессор Snapdragon 888, 12 ГБ оперативной и 128 ГБ постоянной памяти, а также батарея на 5000 мАч. При этом важно отметить, что новинка будет продаваться только в Японии. Цена пока не указана.']]]</text>
	<tags verify="true" type="list" auto="true">
		<tag>Sharp</tag>
		<tag>Sharp Auqos R6</tag>
		<tag>Смартфон</tag>
	</tags>
	<source verify="true" type="text" auto="true">ITHome</source>
	<href verify="true" type="text" auto="true">https://the-geek.ru/news/sharp-pokazala-smartfon-s-samoj-krupnoj-kameroj</href>
</doc>
