<?xml version="1.0" ?>
<doc>
	<title verify="true" type="text" auto="true">Siri раскрыла дату следующей презентации Apple</title>
	<date verify="true" type="date" auto="true">2021-04-13</date>
	<author verify="true" type="text" auto="true">Валентин Снежин</author>
	<text verify="true" type="cdata" auto="true">![CDATA[['Голосовой помощник Siri случайно раскрыл дату следующей крупной презентации Apple. Некоторые пользователи отметили, что на вопрос Siri, когда состоится следующее мероприятие компании, она отвечала — специальное мероприятие состоится во вторник, 20 апреля, в Apple Park в Купертино, Калифорния. Вы можете получить все подробности на Apple.com. Сейчас ошибку исправили и встроенный голосовой ассистент прекратил называть дату. Ожидается, что мероприятие пройдёт в онлайн-формате, без присутствия СМИ с трансляцией на сайте Apple и на канале YouTube. Обычно Apple рассылает приглашения на свои мероприятия примерно за неделю. Поэтому Apple может начать рассылку уже сегодня. На мероприятии могут презентовать обновлённые iPad Pro, беспроводные наушники AirPods 3 и метки для поиска вещей AirTags.']]]</text>
	<tags verify="true" type="list" auto="true">
		<tag>Apple</tag>
	</tags>
	<source verify="true" type="text" auto="true">Macrumors</source>
	<href verify="true" type="text" auto="true">https://the-geek.ru/news/siri-raskryla-datu-sleduyushhej-prezentaczii-apple</href>
</doc>
