<?xml version="1.0" ?>
<doc>
	<title verify="true" type="text" auto="true">Sony закрыла веб-версию магазина PS Store для PS3, Vita и PSP</title>
	<date verify="true" type="date" auto="true">2021-03-29</date>
	<author verify="true" type="text" auto="true">Андрей Галадей</author>
	<text verify="true" type="cdata" auto="true">![CDATA[['Компания Sony отключила старую веб-версию магазина PS Store для консолей PS3, PS Vita и PSP. При попытке перейти на эту страницу система перенаправляет пользователей на новую версию магазина. При этом компания ничего не заявляла по теме. Отметим, что ранее СМИ сообщили о грядущем закрытии. Теперь же, похоже, оно состоялось. Интересно, что сама компания никак не комментировала эти данные. Таким образом, официально покупать игры для устаревших консолей через веб-интерфейс более не получится. Пока что есть возможность это делать через встроенный клиент магазина, но, похоже, его дни тоже сочтены. Полностью магазины закроют уже летом. На PS3 и PSP это будет 2 июля, на Vita — 27 августа.']]]</text>
	<tags verify="true" type="list" auto="true">
		<tag>PS Store</tag>
		<tag>Sony</tag>
	</tags>
	<source verify="true" type="text" auto="true">Euro Gamer</source>
	<href verify="true" type="text" auto="true">https://the-geek.ru/news/sony-zakryla-veb-versiyu-magazina-ps-store-dlya-ps3-vita-i-psp</href>
</doc>
