<?xml version="1.0" ?>
<doc>
	<title verify="true" type="text" auto="true">Sony выходит на рынок дронов с Airpeak для профессиональной съёмки</title>
	<date verify="true" type="date" auto="true">2021-01-12</date>
	<author verify="true" type="text" auto="true">Андрей Галадей</author>
	<text verify="true" type="cdata" auto="true">![CDATA[['Компания Sony привезла на CES 2021 компактный дрон для профессиональной фото- и видеосъёмки Airpeak. Новинка умеет работаться с камерами серии Alpha и имеет технологии искусственного интеллекта. Японская корпорация мало рассказала о новинке, но отметила, что там планируют использовать дрон для съёмки городских пейзажей. Технические подробности беспилотника не сообщаются, но, скорее всего, он получит мощный аккумулятор, систему навигации и так далее. По сути, новый дрон будет альтернативой беспилотников DJI, которые также имеют крепления для камер Sony Alpha. Дата выхода и цена не уточняются.']]]</text>
	<tags verify="true" type="list" auto="true">
		<tag>Sony</tag>
	</tags>
	<source verify="true" type="text" auto="true">The Verge</source>
	<href verify="true" type="text" auto="true">https://the-geek.ru/news/sony-vyhodit-na-rynok-dronov-s-airpeak-dlya-professionalnoj-syomki</href>
</doc>
