<?xml version="1.0" ?>
<doc>
	<title verify="true" type="text" auto="true">Sony открыла программу по замене аккумуляторов для смартфонов Xperia</title>
	<date verify="true" type="date" auto="true">2020-11-02</date>
	<author verify="true" type="text" auto="true">Вадим Майков</author>
	<text verify="true" type="cdata" auto="true">![CDATA[['Компания Sony решила поддерживать актуальность и выстраивать лояльность к своим пользователям. Сегодня Sony объявила об открытии программы по замене аккумулятором для смартфонов серии Xperia. Такой ход позволит пользователям дольше пользоваться своими устройствами, а также получать актуальные обновления. Программа замена развернётся во многих регионах, но список стран будет озвучен позже. Стоимость замены батареи составит около 34 долларов (около 2 700 рублей). Владельцы следующих смартфонов смогут принять участие в программе: Кроме того, обладатели аппаратов получат в подарок фирменный зарядный кабель USB-C и скидку в размере 10% на любой сервисный ремонт. Последний флагманский смартфон Xperia 1 II должен получить три номерных обновления Android.']]]</text>
	<tags verify="true" type="list" auto="true">
		<tag>Sony</tag>
		<tag>Xperia</tag>
	</tags>
	<source verify="true" type="text" auto="true">Gizmochina</source>
	<href verify="true" type="text" auto="true">https://the-geek.ru/news/sony-otkryla-programmu-po-zamene-akkumulyatorov-dlya-smartfonov-xperia</href>
</doc>
