<?xml version="1.0" ?>
<doc>
	<title verify="true" type="text" auto="true">Sony закрыла сайт по продаже кастомных панелей для PlayStation 5</title>
	<date verify="true" type="date" auto="true">2020-11-02</date>
	<author verify="true" type="text" auto="true">Валентин Снежин</author>
	<text verify="true" type="cdata" auto="true">![CDATA[['Совсем недавно мы писали об интернет-магазине по продаже кастомных панелей для PlayStation 5. И вот, всё производство с продажами «прикрыла» сама Sony. Вначале сайт PlateStation5.com переехал на домен CustomizeMyPlates.com из-за нарушений товарного знака, а после переезда, юристы японской корпорации пригрозили иском в суд, если работа магазина не будет прекращена. Таким образом предприниматели должны вернуть деньги тем, кто оформил предзаказ панелей, а также остановить производство. Предполагается, что Sony готовится к выпуску собственных кастомных панелей для PS5. Стоит отметить, что панели в новой консоли легко снимаются, а продажа первых принесёт компании хорошую прибыль, без выпуска новых консолей.']]]</text>
	<tags verify="true" type="list" auto="true">
		<tag>PlayStation 5</tag>
		<tag>Sony</tag>
	</tags>
	<source verify="true" type="text" auto="true">VGC</source>
	<href verify="true" type="text" auto="true">https://the-geek.ru/news/sony-zakryla-sajt-po-prodazhe-kastomnyh-panelej-dlya-playstation-5</href>
</doc>
