<?xml version="1.0" ?>
<doc>
	<title verify="true" type="text" auto="true">Sony убрала Cyberpunk 2077 из PlayStation Store</title>
	<date verify="true" type="date" auto="true">2020-12-18</date>
	<author verify="true" type="text" auto="true">Михаил Дулуб</author>
	<text verify="true" type="cdata" auto="true">![CDATA[['Как мы ждали Cyberpunk 2077. И вот она вышла неделю назад, но продержалась в PlayStation Store совсем недолго. На данный момент игру удалили из магазина по непонятным причинам. Хотя, мы все знаем из-за чего это произошло. Кстати, а тем, кто успел приобрести игру и даже пробовал в нее играть, деньги вернут обратно. Из объяснений представителей Sony Interactive Entertainment, стало известно, что они являются приверженцами только лучшего, а поэтому просто не могли допустить наличие игры в своем магазине приложений. Она попросту, по их мнению, не могла обеспечить пользователям комфортный игровой процесс. Тем же, кто хочет вернуть средства, потраченные впустую на игру, нужно будет подтвердить факт покупки. При этом процесс возврата средств напрямую будет зависеть от того, каким из способов была куплена игра. Напомним, что Cyberpunk 2077 вышла 10 декабря на устройства, работающие на Windows, а также игровые приставки PlayStation и Xbox. Кроме того, ее можно было приобрести в облачном сервисе Stadia. При этом, игра стала самой продаваемой в России и заняла второе место по реализации в Великобритании. Стандартное издание оценивалось в 3 990 рублей (для игровых приставок) и 1 990 для владельцев ПК. Если верить СМИ, то за это время игру успели приобрести порядка 8 млн. человек. Но как только она появилась у пользователей, начались массовые жалобы на сбои в игровом процессе.']]]</text>
	<tags verify="true" type="list" auto="true">
		<tag>Cyberpunk 2077</tag>
		<tag>Sony</tag>
	</tags>
	<source verify="true" type="text" auto="true">Playstation</source>
	<href verify="true" type="text" auto="true">https://the-geek.ru/news/sony-ubrala-cyberpunk-2077-iz-playstation-store</href>
</doc>
