<?xml version="1.0" ?>
<doc>
	<title verify="true" type="text" auto="true">Sony представила компактный бюджетный смартфон Xperia Ace 2</title>
	<date verify="true" type="date" auto="true">2021-05-19</date>
	<author verify="true" type="text" auto="true">Андрей Галадей</author>
	<text verify="true" type="cdata" auto="true">![CDATA[['Компания Sony представила бюджетный смартфон Xperia Ace 2 с довольно слабым железом. Новинка получила процессор MediaTek Helio P35 с восемью ядрами ARM Cortex-A53 и частотой до 2,3 ГГц, а также графикой IMG PowerVR GE8320. Новинка получила 5,5-дюймовый экран с разрешением HD+ и защитным стеклом Gorilla Glass 6. Есть фронтальная камера на 8 МП, а основная получила два модуля: 13 + 2 МП. Внутри установлены 4 ГБ ОЗУ, 64 ГБ постоянной памяти, слот microSD, боковой сканер отпечатка и 3,5-мм гнездо для наушников. Также отметим аккумулятор ёмкостью в 4500 мА·ч. Наконец, у новинки есть сертификация IP68, что означает защиту от влаги и пыли. Новинка стоит примерно 200 долларов, старт продаж ожидается в конце месяца. На выбор будут предложены чёрный, голубой и белый варианты.  ']]]</text>
	<tags verify="true" type="list" auto="true">
		<tag>Sony</tag>
	</tags>
	<source verify="true" type="text" auto="true">GSMArena</source>
	<href verify="true" type="text" auto="true">https://the-geek.ru/news/sony-predstavila-kompaktnyj-byudzhetnyj-smartfon</href>
</doc>
