<?xml version="1.0" ?>
<doc>
	<title verify="true" type="text" auto="true">Sony назначила дату анонса нового Xperia 1 III</title>
	<date verify="true" type="date" auto="true">2021-04-01</date>
	<author verify="true" type="text" auto="true">Вадим Майков</author>
	<text verify="true" type="cdata" auto="true">![CDATA[['Sony очень долго хранит молчание о грядущих новинках, хотя от публики трудно что-то скрыть. Уже давно известно, что компания работает над флагманским смартфоном Xperia 1 III, а также над более доступным аппаратом серии A. Последний уже успел засветиться в бенчмарке. По всей видимости уже 14 апреля компания расскажет о своих секретных новинках. Именно на это число назначена презентация Sony в онлайн-формате. Во флагманском Xperia 1 III ожидается появление мощного процессора Snapdragon 888 и множество наворотов для любителей фото. Как обычно, смартфон будет работать в экосистеме продуктов Sony и не исключено, что владельцы PlayStation 5 получат дополнительные функции от новинки для разнообразия игрового процесса.']]]</text>
	<tags verify="true" type="list" auto="true">
		<tag>Sony</tag>
	</tags>
	<source verify="true" type="text" auto="true"/>
	<href verify="true" type="text" auto="true">https://the-geek.ru/news/sony-naznachila-datu-anonsa-novogo-xperia-1-iii</href>
</doc>
