<?xml version="1.0" ?>
<doc>
	<title verify="true" type="text" auto="true">Sony представила DualSense в черном и красном цветах</title>
	<date verify="true" type="date" auto="true">2021-05-13</date>
	<author verify="true" type="text" auto="true">Вадим Майков</author>
	<text verify="true" type="cdata" auto="true">![CDATA[['Геймпад контроллера в цвете Midnight Black окрашен в оттенки черного и обладает светло-серыми вставками. Другая модель именуемая Cosmic Red обладает ярко-красными цветами с черными вставками. Новые цвета DualSense будут доступны в июне 2021 года.']]]</text>
	<tags verify="true" type="list" auto="true">
		<tag>DualSense</tag>
		<tag>Sony</tag>
	</tags>
	<source verify="true" type="text" auto="true">Sony</source>
	<href verify="true" type="text" auto="true">https://the-geek.ru/news/sony-predstavila-dualsense-v-chernom-i-krasnom-czvetah</href>
</doc>
