<?xml version="1.0" ?>
<doc>
	<title verify="true" type="text" auto="true">Sony может готовить PS5 Lite и Pro. Вторая консоль получит две видеокарты</title>
	<date verify="true" type="date" auto="true">2020-12-08</date>
	<author verify="true" type="text" auto="true">Андрей Галадей</author>
	<text verify="true" type="cdata" auto="true">![CDATA[['Китайские источники сообщают, что осенью будущего года на рынок может выйти консоль PS5 Lite. Она, судя по всему. Получит упрощённую конструкцию и менее мощное железо, чем нынешняя версия. Таким образом, компания может решить проблему с дефицитом обычных PS5. Утверждается, что размеры новинки будут меньше, чем у текущей версии, то есть, очевидно, она будет менее мощной. Скорее всего, японская корпорация рассматривает её в качестве аналога Xbox Series S или собственных Slim-версий PS4. Само собой, она будет и дешевле. Также в базе данных патентного ведомства обнаружилась заявка компании на систему с двумя видеокартами. Каждая из них обрабатывает свой кадр изображения, также они могут работать и совместно над одним кадром. Это похоже на технологию SLI/CrossFire на ПК. Само собой, это пока лишь патент, однако не исключено, что компания и выпустит нечто подобное.']]]</text>
	<tags verify="true" type="list" auto="true">
		<tag>PS5 Lite</tag>
		<tag>PS5 Pro</tag>
		<tag>Sony</tag>
		<tag>Консоль</tag>
		<tag>Утечки</tag>
	</tags>
	<source verify="true" type="text" auto="true">Entrepreneur</source>
	<href verify="true" type="text" auto="true">https://the-geek.ru/news/sony-mozhet-gotovit-ps5-lite-i-pro-vtoraya-mozhet-poluchit-dve-videokarty</href>
</doc>
