<?xml version="1.0" ?>
<doc>
	<title verify="true" type="text" auto="true">Sony отказывается возвращать деньги за Cyberpunk 2077</title>
	<date verify="true" type="date" auto="true">2020-12-16</date>
	<author verify="true" type="text" auto="true">Михаил Дулуб</author>
	<text verify="true" type="cdata" auto="true">![CDATA[['К сожалению, Cyberpunk 2077 не принесла ожидаемого успеха ни ее создателям, ни пользователям, которые ждали выход игры с большим нетерпением. Более того, игра изобилует багами и ошибками, и как следствие, стала неиграбельной. Патчи хоть и выходят, но они не устраняют всех проблем. Именно поэтому представители Sony намерены подать жалобу на разработчика в лице CD Project RED. А все дело в возвратах Cyberpunk 2077. Так, на прошлой неделе один из пользователей Reddit похвалился, что вернул деньги за игру, которую он приобрел для PlayStation 4. Таким же образом поступили и другие геймеры, поэтому возврат средств стал массовым. Это все никак не входило в планы Sony. Напомним, что игра вышла одновременно для всех стран на ПК и консолях старшего поколения: PlayStation 4 и Xbox One. Что касается игровых консолей PlayStation 5 и Xbox Series, то и здесь она доступна, но только через обратную совместимость.']]]</text>
	<tags verify="true" type="list" auto="true">
		<tag>CD Project RED</tag>
		<tag>Cyberpunk 2077</tag>
		<tag>Sony</tag>
	</tags>
	<source verify="true" type="text" auto="true">Resetera</source>
	<href verify="true" type="text" auto="true">https://the-geek.ru/news/sony-otkazyvaetsya-vozvrashhat-dengi-za-cyberpunk-2077</href>
</doc>
