<?xml version="1.0" ?>
<doc>
	<title verify="true" type="text" auto="true">Sony удаляет Black Ops Cold War у тех, кто купил её за 5 евро</title>
	<date verify="true" type="date" auto="true">2021-01-25</date>
	<author verify="true" type="text" auto="true">Богдан Дегтярев</author>
	<text verify="true" type="cdata" auto="true">![CDATA[['17 декабря, в магазине PS Store произошел «сбой», который позволил игрокам купить обновленную версию Black Ops Cold War за 4,99 евро вместо 74,99 евро. Однако, Sony приняла решение об удалении игры из библиотеки пользователей, которые успели воспользоваться “акцией”. Свои действия они аргументировали тем, что Call of Duty продавалась за 5 евро из-за сбоя, а приобрести её можно только за полную стоимость. Поэтому игру начали удалять у пользователей, а деньги возвращать обратно. Что по мнению многих достаточно некорректно, ведь по какой цене было предложение по такому купили. Игрокам на PlayStation 5 повезло больше, они могут организовать запуск игры в автономном режиме.']]]</text>
	<tags verify="true" type="list" auto="true">
		<tag>Call of Duty</tag>
	</tags>
	<source verify="true" type="text" auto="true">Mydealz</source>
	<href verify="true" type="text" auto="true">https://the-geek.ru/news/sony-udalyaet-black-ops-cold-war-u-teh-kto-kupil-eyo-za-5-evro</href>
</doc>
