<?xml version="1.0" ?>
<doc>
	<title verify="true" type="text" auto="true">Sony не будет закрывать PS Store для PS3 и PS Vita</title>
	<date verify="true" type="date" auto="true">2021-04-20</date>
	<author verify="true" type="text" auto="true">Валентин Снежин</author>
	<text verify="true" type="cdata" auto="true">![CDATA[['Sony решила не закрывать PS Store для PlayStation 3 и PlayStation Vita, о чём сообщалось ранее. Президент Sony Interactive Entertainment Джим Райан признал, что решение было «неверным»: Решение о закрытии было связано с будущими трудностями в плане поддержки устаревшего магазина. Также в компании посчитали, что игрокам будет всё равно на дальнейшую поддержку онлайн-магазина, но дело оказалось иначе. Однако без закрытия не обошлось. Магазин для PSP будет окончательно отключен 2 июля.']]]</text>
	<tags verify="true" type="list" auto="true">
		<tag>PlayStation</tag>
		<tag>Sony</tag>
	</tags>
	<source verify="true" type="text" auto="true">PlayStation Blog</source>
	<href verify="true" type="text" auto="true">https://the-geek.ru/news/sony-ne-budet-zakryvat-ps-store-dlya-ps3-i-ps-vita</href>
</doc>
