<?xml version="1.0" ?>
<doc>
	<title verify="true" type="text" auto="true">Sony придумала ИИ для замены игрока</title>
	<date verify="true" type="date" auto="true">2021-04-25</date>
	<author verify="true" type="text" auto="true">Михаил Дулуб</author>
	<text verify="true" type="cdata" auto="true">![CDATA[['Для геймеров игра — это наслаждение, для других — это рутина. Возможно, именно для таких людей представители Sony придумали выход. Речь идет об искусственном интеллекте, который в некоторой мере может заменить человека. Для этого служит технология, которая сначала обучается игре, но потом, когда игроку нужно отлучиться, она берет весь процесс игры в свои руки. Если верить информации в патенте, то сначала ИИ обладает лишь базовыми навыками, но в процессе он учится и изменяет подход к игре. Основная технология, заложенная в это направление — нейронная сеть, которая обучается, “наблюдая” за игрой человека. Венец этой технологии — возможность ИИ полностью заменить человека в игре. Применение этой технологии возможно в некоторых случаях. Сам создатель описывает такие ситуации. Кстати, первое применение замены человека в игре придумали в Nintendo, в игре Mario есть подобные функции, правда, без использования ИИ.']]]</text>
	<tags verify="true" type="list" auto="true">
		<tag>Sony</tag>
	</tags>
	<source verify="true" type="text" auto="true">Extremetech</source>
	<href verify="true" type="text" auto="true">https://the-geek.ru/news/sony-pridumala-ii-dlya-zameny-igroka</href>
</doc>
