<?xml version="1.0" ?>
<doc>
	<title verify="true" type="text" auto="true">Sony готовит компактный смартфон</title>
	<date verify="true" type="date" auto="true">2021-01-25</date>
	<author verify="true" type="text" auto="true">Михаил Дулуб</author>
	<text verify="true" type="cdata" auto="true">![CDATA[['Как мы уже привыкли к громадным смартфонам, которые в народе получили название — лопаты. Но не все производители ориентированы на этот сегмент. В прошлом году этим отметились представители Apple, выпустившие небольшого размера флагман. В этом же году на эту роль претендуют японцы из Sony. Если верить информации одного зарубежного ресурса, то представители Sony вполне не прочь побаловать пользователей небольшим, но мощным девайсом. Есть большая вероятность, что этот смартфон станет флагманом в будущей линейке устройств. Однако, в противовес этой информации, есть противоположная, которая намекает на небольшой и не совсем мощный смартфон. В основе уже этого устройства лежит чипсет Snapdragon 480. Но как бы то ни было, мы уже имеем возможность увидеть рендеры этого устройства. Этот небольшой смартфон отчетливо напоминает по дизайну линейку Xperia. То есть, перед нами предстает смартфон с небольшим дисплеем, а также вертикально расположенной основной камерой и специально отведенной под ее активацию кнопкой. Спереди видна выемка под фронтальную камеру на экране, который по предположения получит диагональ 5,5 дюймов. Многие, видя наличие стандартного аудиоразъема под наушники, решили, что это смартфон для пользователей с ограниченным бюджетом. Но выводы делать преждевременно, ведь компания Sony никогда не выделялась чем-то экстравагантным в плане дизайна для флагманов.']]]</text>
	<tags verify="true" type="list" auto="true">
		<tag>Sony</tag>
		<tag>Xperia</tag>
	</tags>
	<source verify="true" type="text" auto="true">Gsmarena</source>
	<href verify="true" type="text" auto="true">https://the-geek.ru/news/sony-gotovit-kompaktnyj-smartfon</href>
</doc>
