<?xml version="1.0" ?>
<doc>
	<title verify="true" type="text" auto="true">Sony не планирует выпускать новый VR-шлем</title>
	<date verify="true" type="date" auto="true">2020-10-31</date>
	<author verify="true" type="text" auto="true">Михаил Дулуб</author>
	<text verify="true" type="cdata" auto="true">![CDATA[['Представители Sony, которые являются создателями шлема PlayStation VR и адаптера камеры к PS5 пока не спешат развивать эту сферу своими усилиями. Это означает, что в планах у компании нет выпуска очередной гарнитуры виртуальной реальности. Это же подтвердил и руководитель Sony Interactive Entertainment – Джим Райан, который сказал, что компания не собирается делать резких шагов в этом направлении. Хотя по его же заявлению, сфера виртуальных развлечений является приоритетной в развитии компании, и они будут ей уделять достаточно внимания. Но на данном этапе, это еще малоизученная категория и сейчас она не сможет принести Sony достаточной аудитории. Но уже сейчас они изучают отзывы обладателей виртуальной гарнитуры и думают, как бы преподнести игрокам что-то новое. Представители Sony верят, что когда-то виртуальная реальность станет трендом в игровой индустрии. Это случится обязательно, но произойдет это не сейчас и не в следующем году. А на данный момент Sony для увеличения подписчиков сервиса PlayStation Plus дарит доступ к 20 лучшим бесплатным играм для PS4. В компании хотят, чтобы как можно больше людей опробовали ранее выпущенные игры.']]]</text>
	<tags verify="true" type="list" auto="true">
		<tag>Sony</tag>
		<tag>VR-шлем</tag>
	</tags>
	<source verify="true" type="text" auto="true">Washingtonpost</source>
	<href verify="true" type="text" auto="true">https://the-geek.ru/news/sony-ne-planiruet-vypuskat-novyj-vr-shlem</href>
</doc>
