<?xml version="1.0" ?>
<doc>
	<title verify="true" type="text" auto="true">S.T.A.L.K.E.R. 2 выйдет только на PC и новых консолях Microsoft</title>
	<date verify="true" type="date" auto="true">2020-12-31</date>
	<author verify="true" type="text" auto="true">Андрей Галадей</author>
	<text verify="true" type="cdata" auto="true">![CDATA[['Вчерашний анонс свежего ролика по S.T.A.L.K.E.R. 2 стал громким событием для многих. Однако он же вызвал ряд вопросов в том числе о поддержке тех или иных платформ. И выяснилось, что новая игра от киевской студии GSC Game World выйдет не на всех платформах. В комментариях пользователи задавали вопросы об этом. Им ответил PR-менеджер компании, который заявил, что новая игра выйдет только на PC и Xbox Series X/S. А ранее в студии заявляли, что пастген-консоли также не получат новинку. Кроме того, стало известно, что главного героя игры будут звать Скиф.']]]</text>
	<tags verify="true" type="list" auto="true">
		<tag>S.T.A.L.K.E.R. 2</tag>
	</tags>
	<source verify="true" type="text" auto="true">Вконтакте</source>
	<href verify="true" type="text" auto="true">https://the-geek.ru/news/s-t-a-l-k-e-r-2-vyjdet-tolko-na-pc-i-novyh-konsolyah-microsoft</href>
</doc>
