<?xml version="1.0" ?>
<doc>
	<title verify="true" type="text" auto="true">SteelSeries представила новую серию профессиональной игровой периферии Prime</title>
	<date verify="true" type="date" auto="true">2021-05-26</date>
	<author verify="true" type="text" auto="true">Вадим Майков</author>
	<text verify="true" type="cdata" auto="true">![CDATA[['Датская компания SteelSeries по производству игровых манипуляторов, ковриков, наушников, объявила о запуске новой линейки Prime. В разработке серии Prime принимали участие более 100 кибератлетов со всего мира. Игровые мыши Prime оборудованы оптико-магнитными переключателями (Prestige OM), которые обеспечивают молниеносный отклик и работают до пяти раз быстрее чем решения, предлагаемые конкурентами. За качество клика в мышах Prime отвечает магнитный сердечник, который обеспечивает четкую, стабильную реакцию на нажатие. Ресурс переключателей составляет 100 миллионов кликов без деградации их скорости и качества с течением времени. По словам компании, высокая производительность является общей чертой всех игровых мышей Prime. Всего в линейке представлены три модели: Prime, Prime + и Prime Wireless. Устройства поступят в розничную продажу в России и странах СНГ не позже третьего квартала 2021 года.']]]</text>
	<tags verify="true" type="list" auto="true">
		<tag>SteelSeries</tag>
	</tags>
	<source verify="true" type="text" auto="true">SteelSeries</source>
	<href verify="true" type="text" auto="true">https://the-geek.ru/news/steelseries-new-prime</href>
</doc>
