<?xml version="1.0" ?>
<doc>
	<title verify="true" type="text" auto="true">TCL показала смартфон, который можно складывать и растягивать</title>
	<date verify="true" type="date" auto="true">2021-04-15</date>
	<author verify="true" type="text" auto="true">Андрей Галадей</author>
	<text verify="true" type="cdata" auto="true">![CDATA[['Сетевые источники сообщают, что TCL представила уникальный смартфон Fold’n’Roll, который можно сгибать и растягивать. Это позволяет менять площадь дисплея, как захочется. В сложенном виде получается смартфон с экраном диагональю 6,87 дюйма. В этом случае гибкий дисплей огибает корпус устройства. В разложенном виде это устройство с экраном на 8,85 дюйма. А ещё его можно растянуть до 10 дюймов. Таким образом, новинка может выполнять все функции смартфона, планшетофона и планшета. В каждом из вариантов использования меняется соотношение сторон, что актуально для разных задач. При этом пока неизвестно, когда выйдет такое решение. Обычный смартфон с гибким экраном TCL выпустит в этом году. Спецификации новинки также пока не сообщаются.']]]</text>
	<tags verify="true" type="list" auto="true">
		<tag>TCL</tag>
		<tag>раскладушка</tag>
		<tag>складной дисплей</tag>
		<tag>Складной смартфон</tag>
	</tags>
	<source verify="true" type="text" auto="true">GSM Arena</source>
	<href verify="true" type="text" auto="true">https://the-geek.ru/news/tcl-pokazala-smartfon-kotoryj-mozhno-skladyvat-i-rastyagivat</href>
</doc>
