<?xml version="1.0" ?>
<doc>
	<title verify="true" type="text" auto="true">Tekken 7, NFS Hot Pursuit и Civilization VI временно бесплатные для Xbox</title>
	<date verify="true" type="date" auto="true">2021-03-26</date>
	<author verify="true" type="text" auto="true">Вадим Майков</author>
	<text verify="true" type="cdata" auto="true">![CDATA[['Пользователи Xbox One, Xbox Series S и Xbox Series X могут бесплатно загрузить файтинг Tekken 7, стратегию Civilization VI и ремастер популярной Need for Speed Hot Pursuit. Чтобы получить бесплатный доступ нужна одна из двух подписок: Xbox Live Gold или Xbox Game Pass Ultimate. Всё прохождение и награды будут сохранены после приобретения проекта. Если какая-либо игра понравилась, то её можно приобрести со скидкой. Цены следующие: Загрузить бесплатно вышеперечисленные игры можно до 9:59 по Москве 29 марта.']]]</text>
	<tags verify="true" type="list" auto="true">
		<tag>Microsoft</tag>
		<tag>Xbox</tag>
	</tags>
	<source verify="true" type="text" auto="true">Microsoft Store</source>
	<href verify="true" type="text" auto="true">https://the-geek.ru/news/tekken-7-nfs-hot-pursuit-i-civilization-vi-vremenno-besplatnye-dlya-xbox</href>
</doc>
