<?xml version="1.0" ?>
<doc>
	<title verify="true" type="text" auto="true">Telegram набрал популярность в США и ЕС после бана Трампа в Twitter</title>
	<date verify="true" type="date" auto="true">2021-01-12</date>
	<author verify="true" type="text" auto="true">Андрей Галадей</author>
	<text verify="true" type="cdata" auto="true">![CDATA[['На фоне последних событий в США резко выросли загрузки Telegram и Signal. Это наблюдается во всём мире. Предполагается, что причинами стала блокировка аккаунтов Дональда Трампа в основных соцсетях, новые правила WhatsApp и некоторые друге события. Так, за период с 6 по 10 января число скачиваний Telegram по всему миру достигло 5,6 млн. У Signal показатели выросли до 7,5 млн. Это в 43 раза превышает число скачиваний приложения за неделю до этого. Предполагается, что многих пользователей отпугнули новые положения в пользовательском соглашении WhatsApp, где появился пункт о передаче личных данных пользователей компании Facebook. Эти правила начнут действовать с 8 февраля 2021 года. При этом вице-президент Apptopia Адам Блэкер заявил CNBC, что популярность WhatsApp не уменьшилась. А в The Telegraph связали рост популярности Telegram со сторонниками президента США Дональда Трампа и отключением платформы Parler, куда Трамп хотел перебраться из Twitter.']]]</text>
	<tags verify="true" type="list" auto="true">
		<tag>Telegram</tag>
		<tag>Twitter</tag>
		<tag>США</tag>
	</tags>
	<source verify="true" type="text" auto="true">CNBC</source>
	<href verify="true" type="text" auto="true">https://the-geek.ru/news/telegram-nabral-populyarnost-v-ssha-i-es-posle-bana-trampa-v-twitter</href>
</doc>
