<?xml version="1.0" ?>
<doc>
	<title verify="true" type="text" auto="true">Telegram ввёл возможность совершать платежи в чатах</title>
	<date verify="true" type="date" auto="true">2021-04-26</date>
	<author verify="true" type="text" auto="true">Вадим Майков</author>
	<text verify="true" type="cdata" auto="true">![CDATA[['В Telegram появилась возможность принимать платежи в любом чате, заранее объявлять о предстоящих голосовых чатах, видеть больше информации об участниках голосового чата и многое другое. Кроме этого, запущены сразу две новые браузерные версии Telegram. Платформа для платежей открытая и бесплатная – Telegram не берёт комиссии и не хранит платежную информацию. Реквизиты отправляются напрямую платежной системе, а адрес для доставки — продавцу, чтобы он мог отправить товар. Обновление мессенджера добавляет возможность создавать отложенные голосовые чаты. Также появилась улучшенная перемотка видео, более простое приложение изображений в чате и загружать новые версии Telegram для Android напрямую через официальный сайт.']]]</text>
	<tags verify="true" type="list" auto="true">
		<tag>Telegram</tag>
	</tags>
	<source verify="true" type="text" auto="true">Telegram</source>
	<href verify="true" type="text" auto="true">https://the-geek.ru/news/telegram-vvyol-vozmozhnost-sovershat-platezhi-v-chatah</href>
</doc>
