<?xml version="1.0" ?>
<doc>
	<title verify="true" type="text" auto="true">Telegram добавил функцию переноса переписки из WhatsApp</title>
	<date verify="true" type="date" auto="true">2021-01-28</date>
	<author verify="true" type="text" auto="true">Алексей Авдеев</author>
	<text verify="true" type="cdata" auto="true">![CDATA[['Мессенджер Telegram получил обновление для iOS под номером 7.4. Основным нововведением стала возможность перенести всю переписку из других сервисов, например из WhatsApp. Сам WhatsApp не умеет загружать историю переписки, а также запускать один профиль одновременно на других устройствах, кроме веб-версии на ПК. Чтобы сохранить сообщения, нужно создать резервную копию в каком-либо облачном сервисе и после, восстанавливать её. Кроме переноса переписок, пользовали Telegram, получили новые функции. В голосовых чатах можно изменять уровень громкости для определенных участников. А на группы или каналы можно подать жалобы, если они выдают себя за какие-либо официальные представительства. Вначале года, Telegram заявил о значительном росте пользователей. Мессенджер стал вторым приложением по скачиванию в США на фоне нового соглашения WhatsApp. На днях экс-представитель Белого дома Марк Гинзберг выступил с предложением удалить Telegram из Google Play.']]]</text>
	<tags verify="true" type="list" auto="true">
		<tag>Telegram</tag>
		<tag>WhatsApp</tag>
	</tags>
	<source verify="true" type="text" auto="true"/>
	<href verify="true" type="text" auto="true">https://the-geek.ru/news/telegram-dobavil-funkcziyu-perenosa-perepiski-iz-whatsapp</href>
</doc>
