<?xml version="1.0" ?>
<doc>
	<title verify="true" type="text" auto="true">Telegram сбоит в Европе</title>
	<date verify="true" type="date" auto="true">2020-12-16</date>
	<author verify="true" type="text" auto="true">Андрей Галадей</author>
	<text verify="true" type="cdata" auto="true">![CDATA[['По данным ресурса Down Detector у мессенджера Telegram наблюдаются cбои по всей Европе. Судя по карте, больше всего жалоб идёт из Беларуси, Украины и Молдовы. Также сбои зафиксированы в Москве. На данный момент не работают мессенджеры на ПК и смартфонах. Есть проблемы и у веб-версии. Пользователи в социальных сетях подтверждают сбои, но официального комментария пока нет. Таким образом, пока что неясно, насколько велики сбои и в чём состоит проблема. Напомним, что ранее Еврокомиссия признала Telegram пиратским ресурсом.']]]</text>
	<tags verify="true" type="list" auto="true">
		<tag>Telegram</tag>
	</tags>
	<source verify="true" type="text" auto="true">Down Detector</source>
	<href verify="true" type="text" auto="true">https://the-geek.ru/news/telegram-sboit-v-evrope</href>
</doc>
