<?xml version="1.0" ?>
<doc>
	<title verify="true" type="text" auto="true">Tesla прекратила продажу электромобилей за биткоины</title>
	<date verify="true" type="date" auto="true">2021-05-13</date>
	<author verify="true" type="text" auto="true">Андрей Галадей</author>
	<text verify="true" type="cdata" auto="true">![CDATA[['Компания Tesla приостановила приём оплаты в биткоинах за свои электромобили. Как заявил Илон Маск, это связано с увеличением потребления ископаемого топлива для майнинга криптовалюты. При этом отметим, что стоимость самой дорогой криптовалюты снизилась на 15,29%, до $46,8 тысячи. Не исключено, что на падение цены также повлиял твит Маска.']]]</text>
	<tags verify="true" type="list" auto="true">
		<tag>Tesla</tag>
		<tag>биткоин</tag>
		<tag>Илон Маск</tag>
	</tags>
	<source verify="true" type="text" auto="true">Twitter</source>
	<href verify="true" type="text" auto="true">https://the-geek.ru/news/tesla-prekratila-prodazhu-elektromobilej-za-bitkoiny</href>
</doc>
