<?xml version="1.0" ?>
<doc>
	<title verify="true" type="text" auto="true">Tesla начала продавать автомобили за биткоины</title>
	<date verify="true" type="date" auto="true">2021-03-24</date>
	<author verify="true" type="text" auto="true">Андрей Галадей</author>
	<text verify="true" type="cdata" auto="true">![CDATA[['Компания Tesla сообщила, что начинает продажу своих электромобилей за биткоины. При этом основатель и генеральный директор компании Илон Маск отметил, что деньги будут сохраняться в видео биткоинов, их не будут конвертировать в обычную фиатную валюту. Для этого компания использует внутреннее программное обеспечение с открытым исходным кодом и напрямую управляет узлами биткоинов. Он добавил, что возможность оплаты с помощью биткоинов будет доступна за пределами США в конце этого года. При этом нужно оплачивать всю сумму одной транзакцией, иначе заказ могут отменить. Подтверждение придёт электронной почте в течение шести часов. Отмечается, что повторно платить не нужно, если подтверждения или отказа не пришло. Также заявлено, то Tesla принимает только биткоины, никакие другие криптовалюты не подойдут. Таким образом, Маск явно пытается сделать из криптовалюты полноценное платёжное средство. Ведь ранее компания купила «битки» на 1,5 миллиарда долларов. ']]]</text>
	<tags verify="true" type="list" auto="true">
		<tag>Tesla</tag>
		<tag>биткоин</tag>
	</tags>
	<source verify="true" type="text" auto="true">Engadget</source>
	<href verify="true" type="text" auto="true">https://the-geek.ru/news/tesla-nachala-prodavat-avtomobili-za-bitkoiny</href>
</doc>
