<?xml version="1.0" ?>
<doc>
	<title verify="true" type="text" auto="true">Tesla может представить обновлённый Cybertruck</title>
	<date verify="true" type="date" auto="true">2020-11-03</date>
	<author verify="true" type="text" auto="true">Алексей Авдеев</author>
	<text verify="true" type="cdata" auto="true">![CDATA[['В 2019 году Илон Маск презентовал первый электрический пикап Tesla Cybertruck. Автомобиль наделал много шума, достаточно вспомнить разбитое стекло во время презентации, но многим он так понравился, что компанию засыпали предзаказами. Уже известно, что в разработке новая модель и её покажут в самое ближайшее время. Ожидается, что Tesla обновит дизайн, конструкцию и внесёт значительные корректировки в детали. Угловатый дизайн останется, как и нестандартные габариты, которые не позволяют поставить транспорт в гараж. Когда именно произойдёт презентация – неизвестно.']]]</text>
	<tags verify="true" type="list" auto="true">
		<tag>Tesla</tag>
	</tags>
	<source verify="true" type="text" auto="true">engadget</source>
	<href verify="true" type="text" auto="true">https://the-geek.ru/news/tesla-mozhet-predstavit-obnovlyonnyj-cybertruck</href>
</doc>
