<?xml version="1.0" ?>
<doc>
	<title verify="true" type="text" auto="true">Tesla начала продавать флешки</title>
	<date verify="true" type="date" auto="true">2020-11-23</date>
	<author verify="true" type="text" auto="true">Андрей Галадей</author>
	<text verify="true" type="cdata" auto="true">![CDATA[['В одном из рекламных роликов компания Tesla показала, что в бардачке Model 3 есть порт USB. Тогда фанаты в шутку предложили Илону Маску начать выпускать флешки. И вот теперь они появились на рынке. Накопители продаются по $35 з 128 ГБ, имеют оригинальную заводскую упаковку и фирменный логотип. При этом, по сути, это флешки Samsung Bar Plus, причём версии от южнокорейского гиганта существенно дешевле. Пока что неясно, чем обусловлена более высокая стоимость. Скорее всего, всё дело в «статусности» продукта. Технические параметры флешек не уточняются, но, скорее всего, они идентичны Samsung Bar Plus.']]]</text>
	<tags verify="true" type="list" auto="true">
		<tag>Tesla</tag>
		<tag>Илон Маск</tag>
	</tags>
	<source verify="true" type="text" auto="true">cleantechnica.com</source>
	<href verify="true" type="text" auto="true">https://the-geek.ru/news/tesla-nachala-prodavat-fleshki</href>
</doc>
