<?xml version="1.0" ?>
<doc>
	<title verify="true" type="text" auto="true">TP-Link представил новую Wi-Fi камеру линейки TAPO</title>
	<date verify="true" type="date" auto="true">2021-01-21</date>
	<author verify="true" type="text" auto="true">Вадим Майков</author>
	<text verify="true" type="cdata" auto="true">![CDATA[['Компания TP-Link представила уличную Wi-Fi камеру TAPO C310. TAPO – бренд, нацеленный на поклонников беспроводных технологий и интернета вещей. TAPO C310 – уличная Wi-Fi камера видеонаблюдения с функцией обнаружения движения, которая автоматически отправляет push-уведомления на смартфон при видеофиксации посторонней активности. Устройство оснащено всепогодным корпусом с защитой класса IP66. Разрешение камеры составило 3 Мп. Также она обладает ночным режимом и поддерживает видимость объектов на расстоянии до 30 метров в темное время суток. Встроенный динамик и микрофон позволяют пользователю слушать, что происходит на улице, передавать голосовые сообщения и включать звуковую сигнализацию. Tapo С310 позволяет хранить видео на карте microSD объёмом до 128 ГБ, а также поддерживает несколько вариантов установки, по обычному сетевому кабелю или через Wi‑Fi. Управление устройством доступно через специальное приложение для iOS и Android. Рекомендованная розничная цена устройства составляет 3 590 рублей.']]]</text>
	<tags verify="true" type="list" auto="true">
		<tag>TP-LINK</tag>
	</tags>
	<source verify="true" type="text" auto="true">The GEEK</source>
	<href verify="true" type="text" auto="true">https://the-geek.ru/news/tp-link-predstavil-novuyu-wi-fi-kameru-linejki-tapo</href>
</doc>
