<?xml version="1.0" ?>
<doc>
	<title verify="true" type="text" auto="true">Twitter запустил две новые функции</title>
	<date verify="true" type="date" auto="true">2021-02-26</date>
	<author verify="true" type="text" auto="true">Михаил Дулуб</author>
	<text verify="true" type="cdata" auto="true">![CDATA[['Давно мы не видели изменений в Twitter, хотя нам на это намекали. И вот, первые сдвиги в виде двух новых возможностей. Первая — это Super Follows, вторая — сообщества. Super Follows — это возможность пользователя взимать плату со своих подписчиков, которые будут получать уникальный контент. Также в эту категорию могут входить предложения и скидки и многое другое. Кстати, эта функция очень похожа на то, как действуют в Patreon и YouTube. То есть, пользователь и сам зарабатывает, и отдает часть своего дохода в проект. Что касается Сообществ, то здесь имеется в виду возможность создания групп среди единомышленников по какой-то теме или интересам. Тогда участники такого сообщества будут видеть сообщения от тех, кто состоит в группе, а не случайные посты. А вот когда эти функции вступят в силу, пока неизвестно. Как вам нововведение?']]]</text>
	<tags verify="true" type="list" auto="true">
		<tag>Super Follows</tag>
		<tag>Twitter</tag>
	</tags>
	<source verify="true" type="text" auto="true">Gsmarena</source>
	<href verify="true" type="text" auto="true">https://the-geek.ru/news/twitter-zapustil-dve-novye-funkczii</href>
</doc>
