<?xml version="1.0" ?>
<doc>
	<title verify="true" type="text" auto="true">Twitter в России могут заблокировать через месяц</title>
	<date verify="true" type="date" auto="true">2021-03-16</date>
	<author verify="true" type="text" auto="true">Вадим Майков</author>
	<text verify="true" type="cdata" auto="true">![CDATA[['Доступ к Twitter в России могут заблокировать примерно через месяц. По словам заместителя руководителя Роскомнадзора Вадима Субботина, если соцсеть не удалит запрещённый контент, то реакция ведомства не заставит себя ждать. Напомню, что ранее Роскомнадзор замедлил работу Твиттера на всей территории России за отказ от удаления запрещённого контента, которые склоняют к суициду и содержат детскую порнографию. После ввода механизма по ограничению, замедлились загрузки всех сайтов с упоминанием короткого домена Twitter — t.co, что сильно повлияло на их работу.']]]</text>
	<tags verify="true" type="list" auto="true">
		<tag>Twitter</tag>
		<tag>Роскомнадзор</tag>
	</tags>
	<source verify="true" type="text" auto="true">РБК</source>
	<href verify="true" type="text" auto="true">https://the-geek.ru/news/twitter-v-rossii-mogut-zablokirovat-cherez-mesyacz</href>
</doc>
