<?xml version="1.0" ?>
<doc>
	<title verify="true" type="text" auto="true">Ubisoft показала геймплей Far Cry 6</title>
	<date verify="true" type="date" auto="true">2021-05-28</date>
	<author verify="true" type="text" auto="true">Вадим Майков</author>
	<text verify="true" type="cdata" auto="true">![CDATA[['Ubisoft провела небольшую презентацию Far Cry 6. Был показан геймплей, объявлена дата выхода, а также немного рассказали о главном герое, который может быть как девушкой, так и мужчиной. Кроме того, герой начнёт наконец-то разговаривать. Выход Far Cry 6 запланирован 7 октября на PS5, PS4, Xbox Series, Xbox One и PC.']]]</text>
	<tags verify="true" type="list" auto="true">
		<tag>Far Cry</tag>
	</tags>
	<source verify="true" type="text" auto="true"/>
	<href verify="true" type="text" auto="true">https://the-geek.ru/news/new-gameplay-far-cry-6</href>
</doc>
