<?xml version="1.0" ?>
<doc>
	<title verify="true" type="text" auto="true">Valve может выпустить портативную консоль</title>
	<date verify="true" type="date" auto="true">2021-05-26</date>
	<author verify="true" type="text" auto="true">Андрей Галадей</author>
	<text verify="true" type="cdata" auto="true">![CDATA[['Компания Valve, по слухам, готовит новую консоль — портативную. Проект называется SteamPal, данные о нём энтузиасты нашли в последней бета-версии Steam. В коде обнаружились упоминания SteamPal и Neptune. Последнее — это рабочее название консоли. Также там есть упоминания различных режимов и функций, которые могут быть только у портативной системы. К примеру, там упоминается режим «В самолёте», наличие Wi-Fi, Bluetooth, меню питания и быстрого доступа. Также говорится о трекпаде, вибромеханизме и прочем. Соответствующий код размещён на GitHub. Всё это может указывать на работу над консолью в стиле Nintendo Switch. Правда, пока неясно, когда новинка выйдет, и какое железо получит. Не исключено, что это будет система на базе новейшего AMD или Intel с Windows или Linux. Впрочем, это пока лишь домыслы.']]]</text>
	<tags verify="true" type="list" auto="true">
		<tag>Valve</tag>
	</tags>
	<source verify="true" type="text" auto="true">Video Games Chronicle</source>
	<href verify="true" type="text" auto="true">https://the-geek.ru/news/valve-portable-console</href>
</doc>
