<?xml version="1.0" ?>
<doc>
	<title verify="true" type="text" auto="true">Visa начнет работать с биткоинами</title>
	<date verify="true" type="date" auto="true">2021-03-19</date>
	<author verify="true" type="text" auto="true">Андрей Галадей</author>
	<text verify="true" type="cdata" auto="true">![CDATA[['Международная платёжная система Visa намерена выйти на рынок криптовалют и обеспечить поддержку финансовых операций с биткоинами и другими подобными валютами. По словам гендиректора компании Альфреда Келли, это позволит оплачивать товары и услуги с помощью биткоинов везде, где поддерживаются карты Visa. По его мнению, криптовалюты потенциально могут стать новым платёжным средством наряду с традиционными деньгами. При этом компания также занимается стейблкоинами. Это криптовалюта, которая привязана к базовым активам. То есть, это «крипта», обеспеченная материальными ценностями. Точной даты запуска поддержки биткоинов пока нет.']]]</text>
	<tags verify="true" type="list" auto="true">
		<tag>Visa</tag>
		<tag>биткоин</tag>
	</tags>
	<source verify="true" type="text" auto="true">coinmarketcap</source>
	<href verify="true" type="text" auto="true">https://the-geek.ru/news/visa-nachnet-rabotat-s-bitkoinami</href>
</doc>
