<?xml version="1.0" ?>
<doc>
	<title verify="true" type="text" auto="true">Vivo анонсировала новую ОС OriginOS</title>
	<date verify="true" type="date" auto="true">2020-11-19</date>
	<author verify="true" type="text" auto="true">Вадим Майков</author>
	<text verify="true" type="cdata" auto="true">![CDATA[['Компания vivo представила свою новую операционную систему для смартфонов — Origin OS. В рамках ежегодной Конференции разработчиков в выставочном комплексе Shenzhen World Exhibition &amp; Convention Center (Шэньчжэнь), компания поделилась стратегическим подходом к созданию продуктов и услуг и к экосистеме. На мероприятии старший вице-президент vivo Ши Юцзянь отметил, что вместе с новым ключевым стратегическим подходом компания возвращается к своим истокам, фокусируясь на потребностях пользователей смартфонов. Новая операционная система Origin OS на базе Android, представленная на Конференции разработчиков 2020 года, предлагает множество оригинальных функций в сочетании с разнообразными вариантами настройки. На конференции была продемонстрирована плавность работы Origin OS, а также серия комплексных обновлений программного обеспечения, позволяют пользователям легко запускать сложные многогранные процессы на своем устройстве vivo. Origin OS оснащена продвинутой системой управления информацией на рабочем столе, которая обеспечивает пользователям удобство и ясность в необходимых повседневных сервисах. Vivo также представила свои последние обновления и стратегию в отношении сервисов приложений, мобильных игр, делового партнерства, разработки открытых технологий и IoT-экосистемы.']]]</text>
	<tags verify="true" type="list" auto="true">
		<tag>OriginOS</tag>
	</tags>
	<source verify="true" type="text" auto="true">The GEEK</source>
	<href verify="true" type="text" auto="true">https://the-geek.ru/news/vivo-anonsirovala-novuyu-os-originos</href>
</doc>
