<?xml version="1.0" ?>
<doc>
	<title verify="true" type="text" auto="true">Vivo S9 станет первым смартфоном на Dimensity 1100</title>
	<date verify="true" type="date" auto="true">2021-02-02</date>
	<author verify="true" type="text" auto="true">Михаил Дулуб</author>
	<text verify="true" type="cdata" auto="true">![CDATA[['Руководители Mediatek уже объявили, что компании Xiaomi и Redmi выпустят смартфоны на 6-нм чипсете Dimensity 1200 смартфоны. А вот первым смартфоном, который получит чипсет Dimensity 1100, станет продукт от компании Vivo — модель S9. На данный момент об аппарате известно не так много информации. Так, есть вероятность, что девайс получит 6,4-дюймовый экран с островком для фронтальной камеры. Кстати, их там будет сразу две. Буквально на днях этот смартфон засветился в консоли Google, а значит о нем появились новые, но не подтвержденные данные. Если верить этой информации, то Vivo S9 получит 12 ГБ ОЗУ, предустановленную версию Android 11 с графической оболочкой OriginOS. Ожидается, что в качестве экрана будет использоваться AMOLED-матрица. А поскольку линейка S является не доступной широкому кругу, надеемся, что на этот раз все будет иначе.']]]</text>
	<tags verify="true" type="list" auto="true">
		<tag>Dimensity 1100</tag>
		<tag>Vivo S9</tag>
	</tags>
	<source verify="true" type="text" auto="true">Gsmarena</source>
	<href verify="true" type="text" auto="true">https://the-geek.ru/news/vivo-s9-stanet-pervym-smartfonom-na-dimensity-1100</href>
</doc>
