<?xml version="1.0" ?>
<doc>
	<title verify="true" type="text" auto="true">Vivo iQOO Neo5 — новые утечки</title>
	<date verify="true" type="date" auto="true">2021-02-20</date>
	<author verify="true" type="text" auto="true">Михаил Дулуб</author>
	<text verify="true" type="cdata" auto="true">![CDATA[['Уже было объявлено, что модель Vivo iQOO Neo5 будет показана в марте. На днях в интернете появилось реальное изображение смартфона, который работает на чипсете Snapdragon 870. Также стало известно, что аппарат имеет 8 ГБ ОЗУ+128 ГБ ПЗУ и графическую оболочку — OriginOS. На изображении мы видим смартфона, на котором фронтальная камера выполнена в виде стандартной капли на экране. Наклейка на дисплее раскрывает нам некоторые нюансы в работе смартфона. Так, надпись «8+3 ГБ ОЗУ» некоторых ввела в заблуждение. Но представители компании объяснили, что это некая технология, которая позволяет выгружать часть оперативной памяти. Среди других известных на сегодня технических характеристики, стоит выделить наличие аккумулятора на 4 400 мАч с поддержкой проводной зарядки до 88 Вт и беспроводной до 66 Вт. Если верить данным, то Vivo iQOO Neo5 поступит в продажу по цене 465 долларов. Отметим, что это пока самый дешевый смартфон с такой мощной зарядкой.']]]</text>
	<tags verify="true" type="list" auto="true">
		<tag>vivo</tag>
		<tag>Vivo iQOO Neo5</tag>
	</tags>
	<source verify="true" type="text" auto="true">Gsmarena</source>
	<href verify="true" type="text" auto="true">https://the-geek.ru/news/vivo-iqoo-neo5-novye-utechki</href>
</doc>
