<?xml version="1.0" ?>
<doc>
	<title verify="true" type="text" auto="true">Vivo запатентовала складной смартфон</title>
	<date verify="true" type="date" auto="true">2021-02-12</date>
	<author verify="true" type="text" auto="true">Михаил Дулуб</author>
	<text verify="true" type="cdata" auto="true">![CDATA[['Эра складных смартфонов вот-вот начнется, а поэтому большинство производителей экспериментируют с подобными устройствами и их дизайном. В сети не раз появлялись рендеры таких аппаратов. На этот раз своим пониманием ситуации поделились представители китайского бренда Vivo, запатентовав смартфон со складным экраном. Этой информацией поделилось агентство CNIPA, что в Поднебесной. Более того, на изображении можно видеть отдельные детали и их размещение. Так, есть вероятность, что этот смартфон получит целых пять камер в виде буквы X. Интересной кажется исполнение светодиодной вспышки, которая выполнена в виде полоски, наподобие, как это реализовано у Vivo X50 Pro. Но сразу же источник упоминает, что получение патента на такой девайс вовсе не обозначает, что он появится в скором времени (если вообще появится). Ведь компании хоть и ведут эксперименты с подобными конструкциями, но лишь малый процент попадает на рынок и то в виде отдельных решений. Нам же приятно видеть, какое количество интересных идей появляется у разработчиков.']]]</text>
	<tags verify="true" type="list" auto="true">
		<tag>vivo</tag>
		<tag>Складной смартфон</tag>
	</tags>
	<source verify="true" type="text" auto="true">Gsmarena</source>
	<href verify="true" type="text" auto="true">https://the-geek.ru/news/vivo-zapatentovala-skladnoj-smartfon</href>
</doc>
