<?xml version="1.0" ?>
<doc>
	<title verify="true" type="text" auto="true">Vivo дарит скидку на беспроводные наушники</title>
	<date verify="true" type="date" auto="true">2021-05-12</date>
	<author verify="true" type="text" auto="true">Валентин Снежин</author>
	<text verify="true" type="cdata" auto="true">![CDATA[['Vivo объявила о старте майской акции, в рамках которой дарит скидки на беспроводные наушники. Каждый покупатель моделей флагманской серии X50 получает 50% скидку на приобретение беспроводных наушников TWS Neo, а покупатели модели V20 SE получат 50% скидку на приобретение беспроводных наушников Wireless Sport Earphones. Также каждый покупатель смартфонов vivo Y31, Y20, Y30 и Y1s получат в подарок наушники vivo Color Earphone. Акция доступна в официальном интернет-магазине vivo до 31 мая 2021 года.']]]</text>
	<tags verify="true" type="list" auto="true">
		<tag>vivo</tag>
	</tags>
	<source verify="true" type="text" auto="true">vivo</source>
	<href verify="true" type="text" auto="true">https://the-geek.ru/news/vivo-darit-skidku-na-besprovodnye-naushniki</href>
</doc>
