<?xml version="1.0" ?>
<doc>
	<title verify="true" type="text" auto="true">WhatsApp запретили собирать данные о пользователях Германии</title>
	<date verify="true" type="date" auto="true">2021-05-12</date>
	<author verify="true" type="text" auto="true">Андрей Галадей</author>
	<text verify="true" type="cdata" auto="true">![CDATA[['Немецкий омбудсмен по защите данных и свободе информации Йоханнес Каспар временно запретил мессенджеру WhatsApp собирать данные о пользователях. По его словам, недавно компания Facebook пыталась заставить пользователей согласиться с новыми правилами мессенджера WhatsApp, что недопустимо. Также отмечается, что IT-гиганта обвинили в нарушении Общего регламента защиты персональных данных (GDRP). Эти правила едины для всего Евросоюза. Сам запрет н сбор данных продлится три месяца только на территории Германии, однако омбудсмен уже обратился к другим странам с просьбой поддержать эту инициативу. При этом в Facebook отметили, что не будут менять правила в угоду властям, а также назвали обвинения Каспара неправильными.']]]</text>
	<tags verify="true" type="list" auto="true">
		<tag>Facebook</tag>
		<tag>WhatsApp</tag>
	</tags>
	<source verify="true" type="text" auto="true">Bloomberg</source>
	<href verify="true" type="text" auto="true">https://the-geek.ru/news/whatsapp-zapretili-sobirat-dannye-o-polzovatelyah-germanii</href>
</doc>
