<?xml version="1.0" ?>
<doc>
	<title verify="true" type="text" auto="true">WhatsApp на фоне скандалов перенёс обновление соглашения на май</title>
	<date verify="true" type="date" auto="true">2021-01-18</date>
	<author verify="true" type="text" auto="true">Вадим Майков</author>
	<text verify="true" type="cdata" auto="true">![CDATA[['WhatsApp решил перенести скандальное обновление пользовательского соглашения на 15 мая. Новые правила, которые должны были вступить в силу с 8 февраля, предполагали передачу пользовательских данных из мессенджера в Facebook. Если пользователь не согласиться с изменениями, то ему будет закрыт доступ к сервису. Теперь WhatsApp старается оправдать свои действия и объясняет, что личная переписка пользователей не будет затронута, так как они не имею доступа к ней. Кроме того, компания объяснила, что не собирается блокировать чьи-либо аккаунты 8 февраля, а предлагает всем пользователям ознакомиться с соглашением более подробно. На фоне скандалов, Telegram рассказал о рекордных загрузках, а в Индии на WhatsApp подали в суд.']]]</text>
	<tags verify="true" type="list" auto="true">
		<tag>WhatsApp</tag>
	</tags>
	<source verify="true" type="text" auto="true">WhatsApp</source>
	<href verify="true" type="text" auto="true">https://the-geek.ru/news/whatsapp-na-fone-skandalov-perenyos-obnovlenie-soglasheniya-na-maj</href>
</doc>
