<?xml version="1.0" ?>
<doc>
	<title verify="true" type="text" auto="true">WhatsApp перестанет работать на старых iPhone</title>
	<date verify="true" type="date" auto="true">2021-03-10</date>
	<author verify="true" type="text" auto="true">Андрей Галадей</author>
	<text verify="true" type="cdata" auto="true">![CDATA[['В последней бета-версии WhatsApp нашли данные о том, что приложение не будет работать на iOS 9 и ниже. Таким образом, iPhone 4 и iPhone 4S скоро могут остаться без мессенджера. Официально эту информацию в Facebook пока не подтвердили. Сейчас мессенджер работает на iOS 9, что подтверждается официальным FAQ. Скорее всего, переход состоится до конца текущего года. При этом отметим, что на Android наблюдается аналогичная ситуация. Программа уже не работает на Android 4.0.3, так что скоро наверняка «под нож» пойдут и более новые версии, которые уже не актуальные для разработчиков. Таким образом, компании стимулируют переход на более новые ОС и устройства, а также, фактически, заставляют пользователей покупать всё более новое железо.']]]</text>
	<tags verify="true" type="list" auto="true">
		<tag>iOS</tag>
		<tag>WhatsApp</tag>
	</tags>
	<source verify="true" type="text" auto="true">Twitter</source>
	<href verify="true" type="text" auto="true">https://the-geek.ru/news/whatsapp-perestanet-rabotat-na-staryh-iphone</href>
</doc>
