<?xml version="1.0" ?>
<doc>
	<title verify="true" type="text" auto="true">WhatsApp начнёт отключать пользователей с 15 мая 2021 года</title>
	<date verify="true" type="date" auto="true">2021-04-19</date>
	<author verify="true" type="text" auto="true">Андрей Галадей</author>
	<text verify="true" type="cdata" auto="true">![CDATA[['Facebook c 15 мая вводит в строй новые правила конфиденциальности для мессенджера WhatsApp. Если пользователи не примут их, то останутся без ряда функций мессенджера, а чуть позже — и без аккаунта в принципе. Как ожидается, перенос «дедлайна» позволит пользователям сохранить переписки и данные. Сделать это можно и после отказа от принятия новых правил. Если этого не сделать, через какое-то время аккаунт будет удалён автоматически. После 15 числа пользователи, которые не приняли новые правила, смогут использовать только звонки и получать уведомления. Передача текстов будет заблокирована']]]</text>
	<tags verify="true" type="list" auto="true">
		<tag>WhatsApp</tag>
	</tags>
	<source verify="true" type="text" auto="true">WhatsApp</source>
	<href verify="true" type="text" auto="true">https://the-geek.ru/news/whatsapp-nachnyot-otklyuchat-polzovatelej-s-s-15-maya-2021-goda</href>
</doc>
