<?xml version="1.0" ?>
<doc>
	<title verify="true" type="text" auto="true">WhatsApp получит разблокировку по лицу, глазам и пальцам</title>
	<date verify="true" type="date" auto="true">2021-01-31</date>
	<author verify="true" type="text" auto="true">Майя Шарапова</author>
	<text verify="true" type="cdata" auto="true">![CDATA[['WhatsApp готовит функцию разблокировки по лицу или пальцам для веб-версии сервиса. Сейчас, чтобы «залогиниться» в WhatsApp Web нужно обязательно сканировать QR-код со смартфона. Причем аналогичное действие требуется и для приложения на ПК. Представительство мессенджера отмечает, что пользователи iOS смогут использовать сканеры Touch ID или Face ID. Для владельцев Android-устройств, будет доступна разблокировка по лицу, отпечаткам пальцев и радужной оболочке глаза. Компания обещает, что все данные будут под надежной защитой. Биометрия останется только на устройстве пользователя и не будет копироваться на серверы мессенджера.']]]</text>
	<tags verify="true" type="list" auto="true">
		<tag>WhatsApp</tag>
	</tags>
	<source verify="true" type="text" auto="true">BusinessInsider</source>
	<href verify="true" type="text" auto="true">https://the-geek.ru/news/whatsapp-poluchit-razblokirovku-po-liczu-glazam-i-palczam</href>
</doc>
