<?xml version="1.0" ?>
<doc>
	<title verify="true" type="text" auto="true">WhatsApp не будет блокировать пользователей после 15 мая</title>
	<date verify="true" type="date" auto="true">2021-05-08</date>
	<author verify="true" type="text" auto="true">Валентин Снежин</author>
	<text verify="true" type="cdata" auto="true">![CDATA[['WhatsApp не будет блокировать учетные записи пользователей, которые не примут новую политику конфиденциальности мессенджера. Изначально она должна была вступить в силу с февраля 2021 года, но из-за крайне негативной реакции общественности изменения были перенесены на 15 мая. Пока неизвестно, что будет с аккаунтами, которые не примут новые правила даже после следующих «нескольких недель», а сами представителя WhatsApp данный момент не уточнили. Новая политика конфиденциальности предполагает передачу личных данных компании Facebook. В WhatsApp подчеркнули, что соглашение связано с юридическими тонкостями, а также никаких глобальных изменений не последует. Мессенджер отправляет данные пользователей (номер телефона, имя, аватар и тд) в Facebook с 2016 года.']]]</text>
	<tags verify="true" type="list" auto="true">
		<tag>Facebook</tag>
		<tag>WhatsApp</tag>
	</tags>
	<source verify="true" type="text" auto="true"/>
	<href verify="true" type="text" auto="true">https://the-geek.ru/news/whatsapp-ne-budet-blokirovat-polzovatelej-posle-15-maya</href>
</doc>
