<?xml version="1.0" ?>
<doc>
	<title verify="true" type="text" auto="true">WhatsApp добавит функцию переноса чатов между Android и iOS</title>
	<date verify="true" type="date" auto="true">2021-04-29</date>
	<author verify="true" type="text" auto="true">Алексей Авдеев</author>
	<text verify="true" type="cdata" auto="true">![CDATA[['Мессенджер WhatsApp совсем скоро получит функционал по переносу чатов для Android и iOS, что позволит пользователям не терять переписку из-за перехода на другое устройство. Упоминание такой функции появилось в свежей бета-версии приложения под номером 2.21.9.7. Пока новый инструмент доступен в бете для Android, и по всей видимости Google Диск будет использоваться и дальше для временного хранения переписки. Поэтому не совсем понятна кардинальная разница между резервной копией и нового инструмента. В ближайшем будущем функционал переноса будет доступен на iOS и Android.']]]</text>
	<tags verify="true" type="list" auto="true">
		<tag>Android</tag>
		<tag>iOS</tag>
		<tag>WhatsApp</tag>
	</tags>
	<source verify="true" type="text" auto="true">HuaweiCentral</source>
	<href verify="true" type="text" auto="true">https://the-geek.ru/news/whatsapp-dobavit-funkcziyu-perenosa-chatov-mezhdu-android-i-ios</href>
</doc>
