<?xml version="1.0" ?>
<doc>
	<title verify="true" type="text" auto="true">WhatsApp будет отключать тех, кто не примет новую политику сервиса</title>
	<date verify="true" type="date" auto="true">2021-05-12</date>
	<author verify="true" type="text" auto="true">Андрей Галадей</author>
	<text verify="true" type="cdata" auto="true">![CDATA[['В ближайшие недели WhatsApp начнёт блокировать звонки и сообщения у тех пользователей, которые не примут новую политику конфиденциальности мессенджера. По данным Business Insider со ссылкой на представителя компании, это будет первым шагом. Пользователи не смогут сами писать и звонить, но смогут отвечать на сообщения и звонки, нажав на уведомление. На втором этапе отключат и это, а также уведомления о сообщениях и звонках от других пользователей. Отмечается, что это тоже займёт несколько недель, но для каждого пользователя период будет индивидуальным. При этом удалять учётные записи в компании не будут. Вместо этого, WhatsApp будет напоминать пользователям о новой политике. При этом против сбора данных мессенджером уже выступили власти Германии.']]]</text>
	<tags verify="true" type="list" auto="true">
		<tag>Facebook</tag>
		<tag>WhatsApp</tag>
	</tags>
	<source verify="true" type="text" auto="true">Business Insider</source>
	<href verify="true" type="text" auto="true">https://the-geek.ru/news/whatsapp-budet-otklyuchat-teh-kto-ne-primet-novuyu-politiku-servisa</href>
</doc>
