<?xml version="1.0" ?>
<doc>
	<title verify="true" type="text" auto="true">WhatsApp меняет условия для пользователей и требует их принятия</title>
	<date verify="true" type="date" auto="true">2021-01-08</date>
	<author verify="true" type="text" auto="true">Андрей Галадей</author>
	<text verify="true" type="cdata" auto="true">![CDATA[['Разработчики мессенджера WhatsApp обновили информацию о новых условиях для пользователей. Теперь политика конфиденциальности и требования к пользователям изменились. Причём если не принимать их, то можно остаться без связи. Изменения выглядят так: Принять условия нужно до 8 февраля. Судя по описанию, компания Facebook хочет всё-таки объединить WhatsApp и Messenger.']]]</text>
	<tags verify="true" type="list" auto="true">
		<tag>Facebook</tag>
		<tag>WhatsApp</tag>
	</tags>
	<source verify="true" type="text" auto="true">WhatsApp</source>
	<href verify="true" type="text" auto="true">https://the-geek.ru/news/whatsapp-menyaet-usloviya-dlya-polzovatelej-i-trebuet-ih-prinyatiya</href>
</doc>
