<?xml version="1.0" ?>
<doc>
	<title verify="true" type="text" auto="true">WhatsApp получит голосовые и видеозвонки на ПК</title>
	<date verify="true" type="date" auto="true">2020-12-18</date>
	<author verify="true" type="text" auto="true">Михаил Дулуб</author>
	<text verify="true" type="cdata" auto="true">![CDATA[['Разработчики WhatsApp продолжают улучшать функционал своего сервиса. Как нам известно, в приложениях для мобильных устройств уже доступны как видеозвонки, так и голосовые. А вот в версии для десктопных устройства данную возможность реализовать пока не удалось. Но работа над этим ведется и уже скоро данный функционал появится в веб-версии. По сообщениям зарубежных источников, уже начато тестирование передачи голоса и видео для десктопных версий. В подтверждении этого по сети уже гуляют скриншоты, которые выложили пользователи, получившие возможность общаться таким образом. В их версиях WhatsApp появились новые кнопки для совершения вызова с помощью видеозвонка и голосовых сообщений. Если вы принимаете звонок, то появляется отдельное окно, в котором отображается имя контакта, фотография пользователя, а также кнопки для принятия или отклонения вызова. В случае, если звоните вы, то перед вами показывается отдельное окно, где отображается имя вызываемого абонента с его фотографией и кнопки включения или выключения видео и звука, а также кнопка завершения соединения. Данный функционал пока находится в состоянии бета-тестирования и доступен только для избранных клиентов. На данный момент неизвестно точной даты, когда возможность совершения видеозвонков будет добавлена для веб-клиента и ПК, но обещают сделать это в самые короткие сроки.']]]</text>
	<tags verify="true" type="list" auto="true">
		<tag>WhatsApp</tag>
	</tags>
	<source verify="true" type="text" auto="true">Xda-developers</source>
	<href verify="true" type="text" auto="true">https://the-geek.ru/news/whatsapp-poluchit-golosovye-i-videozvonki-na-pk</href>
</doc>
