<?xml version="1.0" ?>
<doc>
	<title verify="true" type="text" auto="true">WhatsApp позволит легче перенести переписки с iOS на Android и обратно</title>
	<date verify="true" type="date" auto="true">2021-04-06</date>
	<author verify="true" type="text" auto="true">Андрей Галадей</author>
	<text verify="true" type="cdata" auto="true">![CDATA[['Популярный мессенджер WhatsApp скоро получит систему переноса чатов между устройствами iOS и Android. Это станет возможным с помощью облачного бэкапа, который будет осуществляться на серверах компании Facebook. Отметим, что на данный момент синхронизация переписки есть во многих мессенджерах, однако в WhatsApp её пока не добавили. Отметим, что сейчас функция переноса заблокирована из-за разных систем хранения данных — iCloud и Google Диск соответственно. Пока что подробности о том, как будет работать система, планируется ли полный бэкап или только частичный, не сообщается. Однако появления такой возможности пользователи наверняка оценят. Точной даты появления этой возможности пока не называют.']]]</text>
	<tags verify="true" type="list" auto="true">
		<tag>Android</tag>
		<tag>iOS</tag>
		<tag>WhatsApp</tag>
	</tags>
	<source verify="true" type="text" auto="true">Twitter</source>
	<href verify="true" type="text" auto="true">https://the-geek.ru/news/whatsapp-pozvolit-legche-perenesti-perepiski-s-ios-na-android-i-obratno</href>
</doc>
