<?xml version="1.0" ?>
<doc>
	<title verify="true" type="text" auto="true">WhatsApp перестанет работать на многих iPhone</title>
	<date verify="true" type="date" auto="true">2021-03-19</date>
	<author verify="true" type="text" auto="true">Андрей Галадей</author>
	<text verify="true" type="cdata" auto="true">![CDATA[['Компания Facebook прекращает поддерживать WhatsApp на смартфонах Apple со старой операционной системой. Сообщается, что мессенджер будет работать на iOS 10 и более новых версиях системы. Таким образом, iPhone 4S больше не планируют поддерживать. А вот на Android ничего не изменилось — там минимальной версией остаётся Android 4.0.3. Таким образом, многие пользователи ничего не потеряют при обновлении. Отметим, что с мая вступают в силу новые правила WhatsApp, касающиеся приватности данных и так далее. Это вызвало шквал возмущения со стороны пользователей. А вот в Научно-техническом центре (НТЦ) ФГУП «Главный радиочастотный центр» открыто заявили, что новые правила повшают риск слежки за пользователями со стороны американских спецслужб. Там заявляют, что WhatsApp и Facebook являются американскими компаниями и подчиняются законам США. Но есть, они предоставлять спецслужбам доступ к ключам шифрования.']]]</text>
	<tags verify="true" type="list" auto="true">
		<tag>WhatsApp</tag>
		<tag>мессенджер</tag>
	</tags>
	<source verify="true" type="text" auto="true">Twitter</source>
	<href verify="true" type="text" auto="true">https://the-geek.ru/news/whatsapp-perestanet-rabotat-na-mnogih-iphone</href>
</doc>
