<?xml version="1.0" ?>
<doc>
	<title verify="true" type="text" auto="true">Will.i.am выпустил умную маску Xupermask за $299</title>
	<date verify="true" type="date" auto="true">2021-04-06</date>
	<author verify="true" type="text" auto="true">Валентин Снежин</author>
	<text verify="true" type="cdata" auto="true">![CDATA[['Участник группы Black Eyed Peas Уильям Джеймс Адамс, также известный как will.i.am, выпустил защитную маску Xupermask. Она функциональная, обладает сменными фильтрами HEPA, встроенной подсветкой, двумя трёхскоростными вентиляторами, а также беспроводными наушниками. Маска оснащена магнитными креплениями для комплектных беспроводных наушников с активной системой шумоподавления и встроенными микрофоном. За их соединение отвечает Bluetooth 5.0 и чипсет QCC5124 от Qualcomm. Время автономной работы от одного заряда составляет 7 часов, а подзарядка осуществляется через специальные разъёмы в маске. Стоимость маски Xupermask составляет $299. В продаже она появится с 8 апреля в чёрном и белом цветах. Также в комплекте идёт переносной кейс, запасные фильтры HEPA на три месяца, накладки для наушников, кабель для зарядки и тканевая маска. Новинка будет доступна в США, Канаде, Великобритании и в странах ЕС.']]]</text>
	<tags verify="true" type="list" auto="true">
		<tag>will.i.am</tag>
		<tag>Xupermask</tag>
	</tags>
	<source verify="true" type="text" auto="true">Honeywell</source>
	<href verify="true" type="text" auto="true">https://the-geek.ru/news/will-i-am-vypustil-umnuyu-masku-za-299</href>
</doc>
