<?xml version="1.0" ?>
<doc>
	<title verify="true" type="text" auto="true">Windows 10 будет получать обновления гораздо чаще</title>
	<date verify="true" type="date" auto="true">2020-12-01</date>
	<author verify="true" type="text" auto="true">Михаил Дулуб</author>
	<text verify="true" type="cdata" auto="true">![CDATA[['Все обладатели устройств на ОС Windows 10 уже привыкли, что глобальные обновления системы выходят два раза в год: весной и осенью. Теперь этому пришел конец, так как представители Microsoft объявили о более удобной системе получения пользователями обновлений. Теперь они станут более частыми, а все благодаря внедрению новой функции механизма обновлений – Windows Feature Experience Pack. Если верить источнику, то на данный момент Windows Feature Experience Pack – это не что иное, как небольшой апдейт с возможностями получения модулей, исправляющих критически важные баги для ОС. Такой подход в будущем приведет к модульным, а не к глобальным обновлениям, как было раньше. Уже скоро представители Microsoft получат возможность добавлять в ОС новые возможности с помощью Windows Update или Microsoft Store, и это все без надобности в обновлении всей системы. Это приведет к значительной экономии времени на установку таких обновлений, а также уменьшит размер. Что мы получим в первом Experience Pack? Первое подобного рода обновление даст возможность создания и сохранения скриншотов непосредственно в папку. Для этих целей достаточно зажать клавиши Win + Shift + S. Кроме того, в арсенале у пользователя появится режим разделенной виртуальной клавиатуры для устройств два в одном. Напомним, что этих функций с прошлой системой обновления пришлось бы ждать до весны.']]]</text>
	<tags verify="true" type="list" auto="true">
		<tag>Windows 10</tag>
	</tags>
	<source verify="true" type="text" auto="true">Windowslatest</source>
	<href verify="true" type="text" auto="true">https://the-geek.ru/news/windows-10-budet-poluchat-obnovleniya-gorazdo-chashhe</href>
</doc>
