<?xml version="1.0" ?>
<doc>
	<title verify="true" type="text" auto="true">Windows 10 научили запускать графические приложения Linux</title>
	<date verify="true" type="date" auto="true">2021-04-22</date>
	<author verify="true" type="text" auto="true">Андрей Галадей</author>
	<text verify="true" type="cdata" auto="true">![CDATA[['Компания Microsoft начала тестировать функцию запуска Linux-приложений с графическим интерфейсом в Windows 10. Это работает в WSL (Windows Subsystem for Linux) на инсайдерских сборках ОС. Как сообщается, нововведение позволит не только запускать традиционные браузеры, плееры и прочее. Теперь поддерживается аппаратное ускорение на GPU, а также нативная поддержка динамиков и микрофона. Важно отметить, что ранее такое уже было возможно, однако требовалось запускать X-сервер вручную. Теперь это работает автоматически. Пока что функция поддерживается только в ранней сборке Windows 10 Insiders 21364 или более свежей. Там нужно, в том числе обновить подсистему WSL при помощи консольной команды «wsl –update». После этого можно запускать программу.']]]</text>
	<tags verify="true" type="list" auto="true">
		<tag>Linux</tag>
		<tag>Microsoft</tag>
		<tag>Windows 10</tag>
	</tags>
	<source verify="true" type="text" auto="true">YouTube</source>
	<href verify="true" type="text" auto="true">https://the-geek.ru/news/windows-10-nauchili-zapuskat-graficheskie-prilozheniya-linux</href>
</doc>
