<?xml version="1.0" ?>
<doc>
	<title verify="true" type="text" auto="true">World of Tanks, наконец-то, вышла в Steam. Но пользователи недовольны</title>
	<date verify="true" type="date" auto="true">2021-04-30</date>
	<author verify="true" type="text" auto="true">Андрей Галадей</author>
	<text verify="true" type="cdata" auto="true">![CDATA[['Компания Wargaming рассказала о выпуске Steam-версии своего знаменитого экшена World of Tanks. Это произошло через 11 лет после релиза самой игры. И, похоже, у проекта проблемы. Отметим, что новинка получила смешанные отзывы, из которых только 43% положительные. Игроки жалуются на малое число нововведений, а также сетуют на то, что перенести существующий профиль нельзя. Так что в Steam можно только зарегистрировать новый. В компании уже заявили, что World of Tanks не разрабатывалась в качестве мультиплатформенной игры, так что такое ограничение неизбежно. В остальном игра ничем не отличается. Есть те же самые виды техники, карты и режимы, что и в обычных «Танках». Отметим, что оригинальная игра появилась в 2010 году. На фоне обилия фэнтезийных MMORPG «Танки» смотрелись весьма выигрышно. В компании заявили, что количество игроков в WoT по всему миру достигает 160 миллионов.']]]</text>
	<tags verify="true" type="list" auto="true">
		<tag>World of Tanks</tag>
	</tags>
	<source verify="true" type="text" auto="true">Steam</source>
	<href verify="true" type="text" auto="true">https://the-geek.ru/news/world-of-tanks-nakonecz-to-vyshla-v-steam-no-est-odin-moment</href>
</doc>
