<?xml version="1.0" ?>
<doc>
	<title verify="true" type="text" auto="true">Xbox Live получит новое название</title>
	<date verify="true" type="date" auto="true">2021-03-23</date>
	<author verify="true" type="text" auto="true">Вадим Майков</author>
	<text verify="true" type="cdata" auto="true">![CDATA[['Участники программы бета-тестирования Xbox insider заметили, что Microsoft переименовала Xbox Live в Xbox network. В самой компании информацию подтвердили и отметили, что делают это для того, чтобы игроки могли легко отличить бесплатные услуги от платной подписки Xbox Live Gold. В январе 2021 года, Microsoft делали попытки повысить стоимость подписки Xbox Live Gold для некоторых стран. Игроки и пользователи отреагировали на новость очень негативно, и компания решила свернуть планы по повышению стоимости на подписку. Первый запуск Xbox Live состоялся в ноябре 2002 года, практически через год после выхода оригинального Xbox.']]]</text>
	<tags verify="true" type="list" auto="true">
		<tag>Microsoft</tag>
		<tag>Xbox</tag>
	</tags>
	<source verify="true" type="text" auto="true">The Verge</source>
	<href verify="true" type="text" auto="true">https://the-geek.ru/news/xbox-live-poluchit-novoe-nazvanie</href>
</doc>
