<?xml version="1.0" ?>
<doc>
	<title verify="true" type="text" auto="true">Xbox Series X с Cyberpunk 2077 будет эксклюзивом для «М.Видео» и «Эльдорадо»</title>
	<date verify="true" type="date" auto="true">2020-12-08</date>
	<author verify="true" type="text" auto="true">Валентин Снежин</author>
	<text verify="true" type="cdata" auto="true">![CDATA[['С 10 декабря в «М.Видео» и «Эльдорадо» на эксклюзивных правах стартуют продажи комплекта Xbox Series X и дисковой версии игры Cyberpunk 2077. Комплект включает: консоль Xbox Series X с твердотельным накопителем 1 ТБ, беспроводной геймпад Xbox Series X и дисковую копию игры Cyberpunk 2077. Его стоимость – 47 590 рублей, при покупке консоли и игры вместе экономия составит 1 990 рублей. Продажи комплекта на сайтах «М.Видео» и «Эльдорадо» начнутся в полночь с 9 на 10 декабря. Получить покупку клиенты смогут безопасно в выбранном розничном магазине или с бесконтактной доставкой на дом. Продажи игры Cyberpunk 2077 начинаются в М.Видео и Эльдорадо с 10 декабря, доступны как онлайн, так и в магазинах. Стоимость стандартного издания для игровых консолей составляет 3 990 рублей, цена кода загрузки без диска для ПК – 1 990 рублей.']]]</text>
	<tags verify="true" type="list" auto="true">
		<tag>Cyberpunk 2077</tag>
		<tag>Xbox Series X</tag>
	</tags>
	<source verify="true" type="text" auto="true">The GEEK</source>
	<href verify="true" type="text" auto="true">https://the-geek.ru/news/xbox-series-x-s-cyberpunk-2077-budet-eksklyuzivom-dlya-m-video-i-eldorado</href>
</doc>
