<?xml version="1.0" ?>
<doc>
	<title verify="true" type="text" auto="true">Xiaomi объявила о скидках в России в честь 11.11</title>
	<date verify="true" type="date" auto="true">2020-11-11</date>
	<author verify="true" type="text" auto="true">Алексей Авдеев</author>
	<text verify="true" type="cdata" auto="true">![CDATA[['Компания Xiaomi, присоединилась к всеобщей распродаже в рамках акции 11.11. С 11 по 13 ноября посетители официального онлайн-магазине Mi.com в России смогут приобрести товары от производителя по максимально привлекательным скидкам. В частности, существенно сэкономить покупатели смогут при покупке следующих продуктов: В акции также участвуют умные устройства и аксессуары Xiaomi. Распродажа продлится с 11 по 12 ноября 2020 года. Подробности можно узнать на странице акции 11.11.']]]</text>
	<tags verify="true" type="list" auto="true">
		<tag>Xiaomi</tag>
	</tags>
	<source verify="true" type="text" auto="true"/>
	<href verify="true" type="text" auto="true">https://the-geek.ru/news/xiaomi-obyavila-o-skidkah-v-rossii-v-chest-11-11</href>
</doc>
