<?xml version="1.0" ?>
<doc>
	<title verify="true" type="text" auto="true">Xiaomi вслед за Apple отказывается от зарядки</title>
	<date verify="true" type="date" auto="true">2020-12-26</date>
	<author verify="true" type="text" auto="true">Андрей Галадей</author>
	<text verify="true" type="cdata" auto="true">![CDATA[['Можно не любить технику Apple и саму компанию, но нельзя недооценивать её вклад на рынке. В своё время именно купертиновцы запустили тренд с вырезом на экране. Теперь они же инициировали экономию для производителей. Хотя многим это не понравилось. Если ранее только iPhone 12 выходил без зарядного блока, то теперь то же будет справедливо для Samsung и Xiaomi. Глава Xiaomi Лэй Цзюнь в социальной сети Weibo сообщил, что флагманы компании будут лишены штатной зарядки.  Он также опубликовал фото фотографию коробки смартфона Mi 11. А в комментариях появилось фото её же с коробкой iPhone 12. Напомним, что презентация состоится послезавтра, 28 декабря. Новинке приписывают мощный процессор Snapdragon 888, а также акустику harman/kardon и камеру на 108 МП.']]]</text>
	<tags verify="true" type="list" auto="true">
		<tag>Apple</tag>
		<tag>Xiaomi</tag>
	</tags>
	<source verify="true" type="text" auto="true">Weibo</source>
	<href verify="true" type="text" auto="true">https://the-geek.ru/news/xiaomi-vsled-za-apple-otkazyvaetsya-ot-zaryadki</href>
</doc>
