<?xml version="1.0" ?>
<doc>
	<title verify="true" type="text" auto="true">Xiaomi Mi 11 Lite скоро появится в России</title>
	<date verify="true" type="date" auto="true">2021-03-29</date>
	<author verify="true" type="text" auto="true">Алексей Авдеев</author>
	<text verify="true" type="cdata" auto="true">![CDATA[['Xiaomi провела масштабное мероприятие с презентацией новых продуктов. Компания показала Mi 11 Pro, Mi 11 Ultra, Mi 11 Lite, Mi 11 Lite 5G, Mi 11i и браслет Mi Band 6. Все смартфоны, кроме Mi 11 Pro, получили европейские даты релиза. Самое интересное, что в России пока появится только один из этих смартфонов – Mi 11 Lite. Другие новинки доберутся до России, но видимо чуть позже. Напомню, что европейский ценник Mi 11 Lite – 299 евро (около 27 тысяч рублей).']]]</text>
	<tags verify="true" type="list" auto="true">
		<tag>Xiaomi</tag>
	</tags>
	<source verify="true" type="text" auto="true"/>
	<href verify="true" type="text" auto="true">https://the-geek.ru/news/xiaomi-mi-11-lite-skoro-poyavitsya-v-rossii</href>
</doc>
