<?xml version="1.0" ?>
<doc>
	<title verify="true" type="text" auto="true">Xiaomi Mi 11 и Mi 11 Pro могут показать в январе</title>
	<date verify="true" type="date" auto="true">2020-11-30</date>
	<author verify="true" type="text" auto="true">Андрей Галадей</author>
	<text verify="true" type="cdata" auto="true">![CDATA[['Китайские источники опубликовали свежие данные относительно смартфонов Xiaomi Mi 11 и Xiaomi Mi 11 Pro. Утверждается, что они должны быть представлен уже в январе 2021 года. По данным источников, новинки уже проходят сертификацию перед выходом на рынок. Смартфонам приписывают однокристальную систему Snapdragon 875. Её могут показать уже в ближайшие дни на техническом саммите Tech Summit Digital 2020 на Гавайях. Помимо этого сообщатся, что новинки получат экран с разрешением QHD+ и «игровой» частотой 120 Гц. Также говорится о технологии MEMC, умном масштабировании с использованием ИИ, преобразовании SDR в HDR и так далее. Отдельно отметим улучшение камеры, которая получит новый сверхширокоугольный модуль. А основной получит сенсор с разрешением в 108 МП.']]]</text>
	<tags verify="true" type="list" auto="true">
		<tag>Xiaomi</tag>
		<tag>Xiaomi Mi 11</tag>
		<tag>Xiaomi Mi 11 Pro</tag>
		<tag>Смартфон</tag>
	</tags>
	<source verify="true" type="text" auto="true">Gizmochina</source>
	<href verify="true" type="text" auto="true">https://the-geek.ru/news/xiaomi-mi-11-i-mi-11-pro-mogut-pokazat-v-yanvare</href>
</doc>
