<?xml version="1.0" ?>
<doc>
	<title verify="true" type="text" auto="true">Xiaomi Mi 11 и Mi 11 Pro показали вживую</title>
	<date verify="true" type="date" auto="true">2020-11-11</date>
	<author verify="true" type="text" auto="true">Андрей Галадей</author>
	<text verify="true" type="cdata" auto="true">![CDATA[['В сети появились свежие данные относительно будущих смартфонов Xiaomi Mi 11 и Mi 11 Pro. Как сообщил пользователь Twitter под ником Digital Chat Station, их могут показать уже в конце года. Выйдут же на рынок они в январе. В твите он опубликовал фото и подписал его «Увидимся в конце года». Похоже, анонс состоится вскоре после мероприятия Qualcomm Snapdragon 2020 1 декабря, где покажут новые процессоры Snapdragon 875. Эти чипы получат не только решения Xiaomi, но также смартфоны линейки Samsung Galaxy S21 (ожидаются в январе).  Что касается самих Xiaomi Mi 11 и Mi 11 Pro, то, судя по фото, они будут отличаться экранами. У первой модели он будет плоским, у второй — изогнутым. Фронтальные камеры будут врезаны в центральную верхнюю часть дисплея. Другие спецификации не уточняются.']]]</text>
	<tags verify="true" type="list" auto="true">
		<tag>Xiaomi Mi 11</tag>
		<tag>Xiaomi Mi 11 Pro</tag>
	</tags>
	<source verify="true" type="text" auto="true">Twitter</source>
	<href verify="true" type="text" auto="true">https://the-geek.ru/news/xiaomi-mi-11-i-mi-11-pro-pokazali-vzhivuyu</href>
</doc>
