<?xml version="1.0" ?>
<doc>
	<title verify="true" type="text" auto="true">Xiaomi Mi 11 Pro может получить камеру под экраном</title>
	<date verify="true" type="date" auto="true">2020-12-24</date>
	<author verify="true" type="text" auto="true">Андрей Галадей</author>
	<text verify="true" type="cdata" auto="true">![CDATA[['Похоже, что в будущей линейке смартфонов Xiaomi появится модель с подэкраной камерой. По данным китайских источников, это модель Mi 11 Pro. Эту модель и Mi 11 покажут 28 декабря. Дата релиза не сообщается. Оба флагмана будут работать на базе процессора Snapdragon 888. По сути, различия между моделями как раз и будут включать в себя обычную и подэкранную «фронталку». Также, по слухам, основная камера может получить модуль на 20 МП, однако это пока лишь предположение. Отметим, что ранее ZTE выпустила Axon 20 5G с подэкранной камерой, однако качество её съёмки оказалось плохим. Ведь ля её работы нужно использовать частичную прозрачность экрана и алгоритмы для компенсации. Похоже, что реальные её показатели оказались далеки от обещанных.']]]</text>
	<tags verify="true" type="list" auto="true">
		<tag>Xiaomi Mi 11 Pro</tag>
		<tag>Смартфон</tag>
	</tags>
	<source verify="true" type="text" auto="true">Gizchina</source>
	<href verify="true" type="text" auto="true">https://the-geek.ru/news/xiaomi-mi-11-pro-mozhet-poluchit-kameru-pod-ekranom</href>
</doc>
