<?xml version="1.0" ?>
<doc>
	<title verify="true" type="text" auto="true">Xiaomi Mi 11 Ultra показали на фото и видео до анонса</title>
	<date verify="true" type="date" auto="true">2021-02-12</date>
	<author verify="true" type="text" auto="true">Андрей Галадей</author>
	<text verify="true" type="cdata" auto="true">![CDATA[['Официального анонса флагмана Xiaomi Mi 11 Ultra пока ещё не было, но в сети появилось новое видео, которое показывает его во всей красе. Ролик сначала опубликовали на канале Tech Buff, но вскоре удалили. Однако его копии разошлись по другим сервисам. Новый смартфон получит камеру со 120-кратным зумом и миниатюрным вторым экраном (да-да, прямо возле линзы). Он позволит снимать качественные селфи с помощью основной камеры. По параметрам известно, что основной модуль имеет сенсор на 50 МП, а два других — по 48 МП. Смартфон на видео показали в чёрном и белом вариантах, а также включили его. И на экране видно, что смартфон работает под управлением глобальной версии оболочки MIUI 12.5. В видео упомянуты такие характеристики: Анонс ожидается весной, цена пока не сообщается.']]]</text>
	<tags verify="true" type="list" auto="true">
		<tag>Xiaomi Mi 11 Ultra</tag>
		<tag>Смартфон</tag>
		<tag>Утечки</tag>
	</tags>
	<source verify="true" type="text" auto="true">GizmoChina</source>
	<href verify="true" type="text" auto="true">https://the-geek.ru/news/xiaomi-mi-11-ultra-pokazali-na-foto-i-video-do-anonsa</href>
</doc>
