<?xml version="1.0" ?>
<doc>
	<title verify="true" type="text" auto="true">Xiaomi запустила распродажу в России в честь майских праздников</title>
	<date verify="true" type="date" auto="true">2021-05-06</date>
	<author verify="true" type="text" auto="true">Вадим Майков</author>
	<text verify="true" type="cdata" auto="true">![CDATA[['В официальном интернет-магазине Xiaomi стартовала акция под названием «Майские Cкидки». На ней можно приобрести смартфоны Xiaomi, Redmi, Poco и прочие устройства по значительно меньшим ценам. Дешевле на 4 тысячи рублей можно приобрести прошлогодние Xiaomi Mi 10T и Mi 10T Pro. Ценник начинается от 40 990 рублей, а в подарок отдают Mi Smart Band 5. Также значительно дешевле можно приобрести Redmi Note 8 Pro. Размер максимальной скидки доходит до 10 тысяч рублей и действует она на проектор 4K Laser Projector 150 inch, который обойдётся покупателю в 169 990 вместо 179 990 рублей. Распродажа Xiaomi «Майские Cкидки» до 16 мая 2021 года, 23:59 по московскому времени. Напоминаем, что 13 мая состоится российская премьера серии Mi 11. Трансляцию можно будет посмотреть на YouTube.']]]</text>
	<tags verify="true" type="list" auto="true">
		<tag>Redmi</tag>
		<tag>Xiaomi</tag>
	</tags>
	<source verify="true" type="text" auto="true">Xiaomi</source>
	<href verify="true" type="text" auto="true">https://the-geek.ru/news/xiaomi-zapustila-rasprodazhu-v-rossii-v-chest-majskih-prazdnikov</href>
</doc>
