<?xml version="1.0" ?>
<doc>
	<title verify="true" type="text" auto="true">Xiaomi впервые покажет Redmi Note 10 Pro в России на Red Bull Jump&amp;Freeze</title>
	<date verify="true" type="date" auto="true">2021-03-18</date>
	<author verify="true" type="text" auto="true">Вадим Майков</author>
	<text verify="true" type="cdata" auto="true">![CDATA[['Xiaomi стала официальным партнером аква-шоу Red Bull Jump&amp;Freeze в рамках запуска смартфонов серии Redmi Note 10 в России. Экстремальное зимнее соревнование с элементами вольного плавания пройдет 21 марта в Екатеринбурге и 10 апреля в Санкт-Петербурге. В рамках сотрудничества компания Xiaomi учредила одноименную со слоганом номинацию: участник, совершивший лучший трюк, получит смартфон Redmi Note 10 Pro. А российская премьера серии Redmi Note 10 состоится 25 марта в 19:00 рамках ежегодной X-Конференци.']]]</text>
	<tags verify="true" type="list" auto="true">
		<tag>Redmi</tag>
		<tag>Xiaomi</tag>
	</tags>
	<source verify="true" type="text" auto="true"/>
	<href verify="true" type="text" auto="true">https://the-geek.ru/news/xiaomi-vpervye-pokazhet-redmi-note-10-pro-v-rossii-na-red-bull-jumpfreeze</href>
</doc>
