<?xml version="1.0" ?>
<doc>
	<title verify="true" type="text" auto="true">Xiaomi Mi 10T и Mi 10T Pro официально представлены в России</title>
	<date verify="true" type="date" auto="true">2020-12-01</date>
	<author verify="true" type="text" auto="true">Вадим Майков</author>
	<text verify="true" type="cdata" auto="true">![CDATA[['Xiaomi продолжает представлять новинки в России. Недавно вышедшие смартфоны Mi 10T совсем скоро начнут поступать в официальную продажу. Новинки получили обновлённым дизайн без закруглённого дисплея, мощный процессор и продвинутую камеру. Более подробно можно почитать в отдельной заметке. Mi 10T и Mi 10T Pro появятся в российской рознице 10 декабря и будут доступны на официальном сайте компании Xiaomi, авторизованных Mi Store и розничных партнёров. Официальная российская цена Mi 10T с памятью 8/128 ГБ составила 44 990 рублей, цена Mi 10T Pro с объёмом памяти 8/256 ГБ – 49 990 рублей.']]]</text>
	<tags verify="true" type="list" auto="true">
		<tag>Xiaomi</tag>
	</tags>
	<source verify="true" type="text" auto="true"/>
	<href verify="true" type="text" auto="true">https://the-geek.ru/news/xiaomi-mi-10t-i-mi-10t-pro-oficzialno-predstavleny-v-rossii</href>
</doc>
