<?xml version="1.0" ?>
<doc>
	<title verify="true" type="text" auto="true">Xiaomi выпустила робот-пылесос с камерой ToF</title>
	<date verify="true" type="date" auto="true">2020-11-02</date>
	<author verify="true" type="text" auto="true">Андрей Галадей</author>
	<text verify="true" type="cdata" auto="true">![CDATA[['Китайский бренд Xiaomi представил новый робот-пылесос Mijia 1T. Пока что он доступен по предзаказу за 300 долларов, но на релизе цена может вырасти. Утверждается, что пылесос умеет работать до 180 минут в автономном режиме, ёмкость аккумулятора составляет 5200 мА•ч. Давление всасывания составляет целых 3000 Па, а построение карты стало впятеро точнее. Также значительно улучшились планирование маршрута и управление картой в целом. Робот может строить карты помещений площадью до 240 м2. Новинка оснащена японским бесщёточным двигателем с четырьмя уровнями мощности. Ёмкость пылесборника составляет 550 мл, а для воды — 250 мл. Пылесос оснастили двумя гироскопами, оптическими датчиками и сенсорами, которые позволят ему не свалиться со ступенек. Для управления можно использовать фирменное приложение Mijia. Оно также поддерживает голосовое управление Xiao Ai и может быть связан с другими продуктами Mijia.']]]</text>
	<tags verify="true" type="list" auto="true">
		<tag>Mijia 1T</tag>
		<tag>Xiaomi</tag>
		<tag>пылесос</tag>
	</tags>
	<source verify="true" type="text" auto="true">GizChina</source>
	<href verify="true" type="text" auto="true">https://the-geek.ru/news/xiaomi-vypustila-robot-pylesos-s-kameroj-tof</href>
</doc>
