<?xml version="1.0" ?>
<doc>
	<title verify="true" type="text" auto="true">Xiaomi готовит складной смартфон с камерой на 108 МП</title>
	<date verify="true" type="date" auto="true">2020-10-30</date>
	<author verify="true" type="text" auto="true">Михаил Дулуб</author>
	<text verify="true" type="cdata" auto="true">![CDATA[['Разработчики из XDA предположили, что Xiaomi может выпустить складной смартфон. Это выяснилось после того, как они же изучили код последней китайской бета-версии MIUI 12. Свидетельством тому стало нахождение кодового названия еще неизвестного устройства – Cetus. В самом коде обнаружены фрагменты, которые указывают на складное устройство. Более того, есть данные, что девайс будет работать на чипсете Snapdragon и оснащен 108-мегапиксельной камерой. Также был сделан уклон на изучение кодового названия, почему именно Cetus? Если брать латинский алфавит, то именно так древние греки называли огромных морских чудовищ. Одним из таких морских обитателей был гигантский кит. Вполне возможно, что это устройств будет большого размера. Кстати, этому уже есть небольшое подтверждение. Так, главный аналитик по дисплеям – Росс Янг в своем аккаунте Twitter написал, что China Star запустило производство дисплеев для восьмидюймовых устройств для Xiaomi. Вполне вероятно, речь идет именно о складном смартфоне, который по всей видимости, выйдет следующей весной. Хотя не факт, что это случится, ведь представители Xiaomi любят нас баловать ранними разработками складных устройств, но пока пользователи остаются ни с чем.']]]</text>
	<tags verify="true" type="list" auto="true">
		<tag>Cetus</tag>
		<tag>Xiaomi</tag>
	</tags>
	<source verify="true" type="text" auto="true">Androidauthority</source>
	<href verify="true" type="text" auto="true">https://the-geek.ru/news/xiaomi-gotovit-skladnoj-smartfon-s-kameroj-na-108-mp</href>
</doc>
