<?xml version="1.0" ?>
<doc>
	<title verify="true" type="text" auto="true">Xiaomi выпустит недорогой камерофон Mi CC10</title>
	<date verify="true" type="date" auto="true">2021-05-23</date>
	<author verify="true" type="text" auto="true">Михаил Дулуб</author>
	<text verify="true" type="cdata" auto="true">![CDATA[['Еще два года назад китайский бренд выпустил на рынок смартфон со 100-мегапиксельной камерой. Многие раскритиковали такое решение и в прошлом году обновлений модельного ряда на последовало. Пользователи уже было подумали, что на этой линейке можно поставить крест, как на днях представитель компании, а точнее менеджер по продуктам сообщил, что новая модель в этой линейке появится в третьем квартале этого года. Речь идет о Mi CC10 или Mi CC11. Несмотря на критику, модель Mi CC9 Pro пользовалась небывалым успехом. Видимо, представители компании решили повторить успех с новым подобным смартфоном. По мнению одного бенчмарка, который измеряет качество получаемых изображений, новая модель заняла первое место. Конкурентами в этом тесте были смартфоны от Huawei, OPPO и Vivo.']]]</text>
	<tags verify="true" type="list" auto="true">
		<tag>Xiaomi</tag>
	</tags>
	<source verify="true" type="text" auto="true">Mydrivers</source>
	<href verify="true" type="text" auto="true">https://the-geek.ru/news/xiaomi-mi-cc9-pro</href>
</doc>
