<?xml version="1.0" ?>
<doc>
	<title verify="true" type="text" auto="true">Xiaomi выпустила аналог зарядки для iPhone 12</title>
	<date verify="true" type="date" auto="true">2020-10-31</date>
	<author verify="true" type="text" auto="true">Вадим Майков</author>
	<text verify="true" type="cdata" auto="true">![CDATA[['Xiaomi решила выпустить новый аксессуар для своих смартфонов и это стала 20 Вт зарядка с портом USB-C. Аналогичное устройство, которое соответствует оригинальному адаптеру питания Apple за 2 тысячи рублей. Однако, Xiaomi предлагает его гораздо дешевле, всего за $6 (около 500 рублей). Новинка рассчитана на электрическую сеть с напряжением до 240 В. Для некоторых европейских стран в комплекте будет идти переходник на другую вилку. Зарядка уже появилась в продаже на китайской площадке JD.']]]</text>
	<tags verify="true" type="list" auto="true">
		<tag>Xiaomi</tag>
	</tags>
	<source verify="true" type="text" auto="true">JD.com</source>
	<href verify="true" type="text" auto="true">https://the-geek.ru/news/xiaomi-vypustila-analog-zaryadki-dlya-iphone-12</href>
</doc>
