<?xml version="1.0" ?>
<doc>
	<title verify="true" type="text" auto="true">Xiaomi празднует Mi Fan Festival в России: выгодные предложения и акции</title>
	<date verify="true" type="date" auto="true">2021-04-06</date>
	<author verify="true" type="text" auto="true">Вадим Майков</author>
	<text verify="true" type="cdata" auto="true">![CDATA[['Компания Xiaomi, объявила о старте распродажи, приуроченной к Mi Fan Festival. Каждый год в апреле компания радует своих Mi фанатов по всему миру выгодными предложениями и активностями в честь своего дня рождения. Специальные предложения в рамках Mi Fan Festival В период с 8 по 15 апреля будут действовать специальные предложения на следующие продукты: Также в рамках Mi Fan Festival в течение всего месяца пользователи смогут приобрести экосистемные продукты с существенными скидками. С 1 по 16 апреля будет действовать специальное сервисное обслуживание на смартфоны Redmi Note 10 и Redmi Note 10 Pro, приобретенные в официальном онлайн-магазине. Приобретая смартфон в официальном онлайн-магазине Xiaomi в указанный период, пользователь получит разовую скидку 50% на стоимость выполненных работ в гарантийный период, если возникли повреждения, которые не покрываются ограниченной гарантией производителя. Кроме того, в течение 6 месяцев от даты покупки, пришедшейся на период акции, покупатели могут рассчитывать на разовую бесплатную замену разбитого дисплея.']]]</text>
	<tags verify="true" type="list" auto="true">
		<tag>Xiaomi</tag>
	</tags>
	<source verify="true" type="text" auto="true">Xiaomi</source>
	<href verify="true" type="text" auto="true">https://the-geek.ru/news/xiaomi-prazdnuet-mi-fan-festival-v-rossii-vygodnye-predlozheniya-i-akczii</href>
</doc>
