<?xml version="1.0" ?>
<doc>
	<title verify="true" type="text" auto="true">Xiaomi Mi 11 появился на фото и рендерах</title>
	<date verify="true" type="date" auto="true">2020-12-25</date>
	<author verify="true" type="text" auto="true">Андрей Галадей</author>
	<text verify="true" type="cdata" auto="true">![CDATA[['Появились новые качественные рендеры и фотографии будущего флагмана Xiaomi Mi 11. Судя по ним, новинка получит минимум два цвета — серебристый и голубой. Однако фото указывает ещё и на чёрный (или тёмно-серый). К слову, ранее были и другие снимки. На изображениях видно, что у новинки два объектива. Скорее всего, это 108-мегапиксельный датчик и телефото. Также есть неизвестный датчик и вспышка. На правой стороне смартфона располагаются кнопки включения и регулировки громкости смартфона. Сканер отпечатка находится в экране, так что эта версия точно будет иметь дисплей AMOLED. Помимо этого, у новинки будут стереодинамики на обоих торцах смартфона. А ранее сообщалось, что Xiaomi Mi 11 Pro (хотя может и обычный Mi 11) получит подэкранную камеру.']]]</text>
	<tags verify="true" type="list" auto="true">
		<tag>Xiaomi Mi 11</tag>
		<tag>рендер</tag>
	</tags>
	<source verify="true" type="text" auto="true">Slashleaks</source>
	<href verify="true" type="text" auto="true">https://the-geek.ru/news/xiaomi-mi-11-poyavilsya-na-foto-i-renderah</href>
</doc>
