<?xml version="1.0" ?>
<doc>
	<title verify="true" type="text" auto="true">Xiaomi анонсировала MIUI 12.5</title>
	<date verify="true" type="date" auto="true">2021-02-08</date>
	<author verify="true" type="text" auto="true">Алексей Авдеев</author>
	<text verify="true" type="cdata" auto="true">![CDATA[['Xiaomi объявила о скором выходе крупного обновления MIUI 12.5. Пока оно находится в бете и доступно только для китайских пользователей. Главным нововведение в MIUI 12.5 стала возможность удаления встроенных приложений. Половину приложений можно скрыть или отключить, чтобы лишний раз не отвлекать внимание пользователя. Нельзя будет удалить только базовые: телефон, сообщения, безопасность, часы, камера и настройки. Также по словам Xiaomi, работа оболочки была оптимизирована, благодаря этому удалось снизить общую нагрузку на процессор и уменьшить энергопотребление. Первыми обновиться до MIUI 12.5 смогут следующие смартфоны: Позже обновятся остальные устройства: Со временем список может измениться. Выход глобальной версии MIUI 12.5 ожидается во втором квартале 2021 года.']]]</text>
	<tags verify="true" type="list" auto="true">
		<tag>MIUI 12.5</tag>
		<tag>Xiaomi</tag>
	</tags>
	<source verify="true" type="text" auto="true"/>
	<href verify="true" type="text" auto="true">https://the-geek.ru/news/xiaomi-anonsirovala-miui-12-5</href>
</doc>
