<?xml version="1.0" ?>
<doc>
	<title verify="true" type="text" auto="true">Xiaomi показала выдвижную камеру в смартфоне</title>
	<date verify="true" type="date" auto="true">2020-11-05</date>
	<author verify="true" type="text" auto="true">Вадим Майков</author>
	<text verify="true" type="cdata" auto="true">![CDATA[['На прошедшей конференции для разработчиков, Xiaomi показала новые разработки для камер на смартфонах. К слову, сейчас штат отдела разработки камер состоит из 1 тысячи специалистов. Для сравнения в 2018 году количество сотрудников едва достигало сотни человек. Самое интересное, что во время мероприятия была показана необычная камера для смартфона, которая имеет выдвижной механизм, как в обычном фотоаппарате. Подобная технология имеет множество плюсов. Например, объектив получает большую диафрагму для пропуска света, а это существенно повышает качество фотографии. В каком смартфоне будет задействована новая камера – пока неизвестно.']]]</text>
	<tags verify="true" type="list" auto="true">
		<tag>Xiaomi</tag>
	</tags>
	<source verify="true" type="text" auto="true">mydrivers</source>
	<href verify="true" type="text" auto="true">https://the-geek.ru/news/xiaomi-pokazala-vydvizhnuyu-kameru-v-smartfone</href>
</doc>
