<?xml version="1.0" ?>
<doc>
	<title verify="true" type="text" auto="true">Xiaomi Mi Smart Band 6 поступил в продажу в России</title>
	<date verify="true" type="date" auto="true">2021-05-22</date>
	<author verify="true" type="text" auto="true">Алексей Авдеев</author>
	<text verify="true" type="cdata" auto="true">![CDATA[['Недавно представленный Xiaomi Mi Smart Band 6 поступил в розничную продажу в России. Браслет поставляется в стандартной картонной упаковке в комплекте с силиконовым ремешком, инструкцией и магнитным зарядным устройством. Xiaomi Mi Smart Band 6 получил AMOLED-дисплей с диагональю 1,56 дюйма и разрешением 152 х 486 точек. За автономность отвечает аккумулятор 125 мАч, которого хватает до 14-19 дней. Также браслет умеет мониторить сердечный ритм и уровень насыщения крови кислородом (SpO2). Цена Xiaomi Mi Smart Band 6 в России составляет 3 990 рублей. Если заказывать глобальную версию браслета через Aliexpress, то он обойдётся всего в $42, или около 3200 рублей. Оба устройства идентичны и лишены NFC модуля.']]]</text>
	<tags verify="true" type="list" auto="true">
		<tag>Mi Band</tag>
		<tag>Xiaomi</tag>
	</tags>
	<source verify="true" type="text" auto="true">Xioami</source>
	<href verify="true" type="text" auto="true">https://the-geek.ru/news/xiaomi-band-6-russia</href>
</doc>
