<?xml version="1.0" ?>
<doc>
	<title verify="true" type="text" auto="true">Xiaomi показала 5-дюймовую читалку за 90 долларов на Android</title>
	<date verify="true" type="date" auto="true">2021-04-05</date>
	<author verify="true" type="text" auto="true">Андрей Галадей</author>
	<text verify="true" type="cdata" auto="true">![CDATA[['Компания Xiaomi представила электронную читалку для книг InkPalm 5 с компактными размерами и ОС Android. Новинка получила HD-экран E-Ink с диагональю 5,2 дюйма и разрешением 1280 на 720 точек. Новинка поддерживает совместную авторизацию в 5 основных книжных магазинах: Jingdong Reading, Different Reading, WeChat Reading, Kindle Reading и Handy Reading. Также она может читать локальные файлы. Также поддерживается регулировка цветовой температуры дисплея. Внутри установлен четырехядерный процессор Allwinner, 1 ГБ ОЗУ и 32 ГБ накопитель. Ёмкость батареи составляет 1400 мАч. В качестве ОС используется Android 8.1. Из мелочей отметим сенсорную кнопку с возможностью настройки на конкретные действия. Для зарядки и обмена данными используется порт USB Type-C. Данных о беспроводных коммуникациях пока нет. Пока неясно, когда новинка появится в России и сколько будет стоить.']]]</text>
	<tags verify="true" type="list" auto="true">
		<tag>E ink</tag>
		<tag>Xiaomi</tag>
	</tags>
	<source verify="true" type="text" auto="true">Gizmochina</source>
	<href verify="true" type="text" auto="true">https://the-geek.ru/news/xiaomi-pokazala-5-dyujmovuyu-chitalku-za-90-dollarov-na-android</href>
</doc>
