<?xml version="1.0" ?>
<doc>
	<title verify="true" type="text" auto="true">Xiaomi Mi 11 можно будет купить с зарядкой или без неё</title>
	<date verify="true" type="date" auto="true">2020-12-29</date>
	<author verify="true" type="text" auto="true">Андрей Галадей</author>
	<text verify="true" type="cdata" auto="true">![CDATA[['Вчера компания Xiaomi показала смартфон Mi 11. И он, как и ожидалось, лишён комплектного адаптера для зарядки. Но, как оказалось, не всё так плохо. Базовая модель действительно будет поставляться в Китае без адаптера питания. Однако также будет предложен вариант и с ним. Цена при это не отличается — порядка 45 тысяч рублей по курсу (чуть более 600 долларов). Судя по всему, адаптер будет доступен отдельно — не в самой коробке. Пока неясно, будет ли такая же схема сохранена для европейского релиза, который ожидается уже в будущем году.']]]</text>
	<tags verify="true" type="list" auto="true">
		<tag>Twitter</tag>
		<tag>Xiaomi Mi 11</tag>
		<tag>Смартфон</tag>
	</tags>
	<source verify="true" type="text" auto="true">Twitter</source>
	<href verify="true" type="text" auto="true">https://the-geek.ru/news/xiaomi-mi-11-mozhno-budet-kupit-s-zaryadkoj-ili-bez-neyo</href>
</doc>
