<?xml version="1.0" ?>
<doc>
	<title verify="true" type="text" auto="true">Xiaomi Mi 11 получил стабильную MIUI 12.5</title>
	<date verify="true" type="date" auto="true">2021-03-30</date>
	<author verify="true" type="text" auto="true">Вадим Майков</author>
	<text verify="true" type="cdata" auto="true">![CDATA[['Ранее сегодня мы видели, что Xiaomi Mi 10 Ultra опередил флагманский Mi 11 и получил стабильную версию MIUI 12.5, но пока только для китайских пользователей. Теперь обновление пришло для флагманского Xiaomi Mi 11. В Китае обновление под номером V12.5.1.0.RKBCNXM, исправляет ошибки в системе, а также устанавливает патч безопасности от марта 2021 года. Ожидается, что в ближайшее время апдейт будет доступен по всему миру. После его установки апдейта Xiaomi Mi 11 получит новый графический интерфейс, обновлённые супер обои, улучшенные функции конфиденциальности, а также возможность удалять системные приложения. При этом Mi 11 будет не единственный аппаратом, который получит последнее обновление. Согласно графику оно придёт на 27 других устройств компании в ближайшее время.']]]</text>
	<tags verify="true" type="list" auto="true">
		<tag>MIUI 12.5</tag>
		<tag>Xiaomi</tag>
	</tags>
	<source verify="true" type="text" auto="true">Gizmochina</source>
	<href verify="true" type="text" auto="true">https://the-geek.ru/news/xiaomi-mi-11-poluchil-stabilnuyu-miui-12-5</href>
</doc>
