<?xml version="1.0" ?>
<doc>
	<title verify="true" type="text" auto="true">Xiaomi начала продажи субфлагмана Mi 10S</title>
	<date verify="true" type="date" auto="true">2021-04-09</date>
	<author verify="true" type="text" auto="true">Андрей Галадей</author>
	<text verify="true" type="cdata" auto="true">![CDATA[['Компания Xiaomi выпустила в открытую продажу новый смартфон Xiaomi Mi 10S, который представляет собой удешевлённую и улучшенную версию прошлогоднего флагмана Xiaomi Mi 10. Новинка оценивается примерно в 500 долларов за версию 8/128 ГБ. Модель на 8/256 ГБ стоит 537 долларов, а на 12/256 ГБ — 583 доллара. Смартфон основан на мобильной платформе Qualcomm Snapdragon 870 и располагает 6,7-дюймовым экраном AMOLED с разрешением 2340 х 1080 пикселей и частотой обновления в 90 Гц. Основная камера включает датчики на 108 + 13 + 2 + 2 МП. Фронтальная камера — 20 МП. Смартфон оснащён аккумулятором ёмкостью 4780 мА·ч. Есть поддержка 33-ваттной проводной, 30-ватной беспроводной и 10-ваттной реверсивной зарядки. Из мелочей отметим стереодинамики Harman-Kardon, а также отсутствие зарядного блока в китайской поставке.']]]</text>
	<tags verify="true" type="list" auto="true">
		<tag>Xiaomi Mi 10S</tag>
		<tag>Смартфон</tag>
	</tags>
	<source verify="true" type="text" auto="true">Mydrivers</source>
	<href verify="true" type="text" auto="true">https://the-geek.ru/news/xiaomi-nachala-prodazhi-subflagmana-mi-10s</href>
</doc>
