<?xml version="1.0" ?>
<doc>
	<title verify="true" type="text" auto="true">Xiaomi показала новый бокс для Redmi Note 9 Pro</title>
	<date verify="true" type="date" auto="true">2020-11-22</date>
	<author verify="true" type="text" auto="true">Михаил Дулуб</author>
	<text verify="true" type="cdata" auto="true">![CDATA[['Накануне Лу Вейбинг, который является вице-президентом Xiaomi и руководителем бренда Redmi, совместно с Ду Хуа, руководителем Lehua Entertainment, представили упаковку для Redmi Note 9 Pro. Если проводить аналогии с прошлым поколением, то есть Redmi Note 8, то стиль исполнения упаковки претерпел изменения. Так, вместе с названием продукта появился логотип 5G, а также талисман Redmi Kino. Что касается самого смартфона, то представители компании уже подтвердили наличие главного оптического модуля, разрешением 108 МП. Напомним, что предшественник имел камеру с разрешением 64 МП. 108-мегапиксельный монстр создан в недрах Samsung, то есть перед нами модель ISOCELL HM2. Говоря о параметрах модуля стоит выделить оптический формат 1/1,52 дюйма с пикселями размером 0,7 мкм. Нельзя не выделить и наличие чипсета Snapdragon 750G, а также IPS-дисплея с частотой обновления 120 Гц. Напомним, что презентация Redmi Note 9 Pro запланирована на 26 ноября, а стоимость младшей модели начинается со 150 долларов.']]]</text>
	<tags verify="true" type="list" auto="true">
		<tag>Redmi</tag>
		<tag>Xiaomi</tag>
	</tags>
	<source verify="true" type="text" auto="true">Mydrivers</source>
	<href verify="true" type="text" auto="true">https://the-geek.ru/news/xiaomi-pokazala-novyj-boks-dlya-redmi-note-9-pro</href>
</doc>
