<?xml version="1.0" ?>
<doc>
	<title verify="true" type="text" auto="true">Xiaomi вышла на первое место на российском рынке смартфонов</title>
	<date verify="true" type="date" auto="true">2021-05-06</date>
	<author verify="true" type="text" auto="true">Алексей Авдеев</author>
	<text verify="true" type="cdata" auto="true">![CDATA[['Согласно новейшему отчету аналитической компании Canalys за первый квартал 2021 года, компания Xiaomi, впервые в истории возглавила рейтинг ведущих производителей смартфонов в России. Доля Xiaomi от общего объема смартфонов, поставленных в отчетный период, составила 32%. По сравнению с аналогичным периодом предыдущего года прирост составил впечатляющие 125% – самый серьезный рост среди ведущей тройки компаний. В прошлом же квартале доля Xiaomi на российском рынке составляла 24%. Год назад Xiaomi занимала в рейтинге Canalys третье место, а уже в третьем квартале переместилась на вторую строчку. На глобальном рынке компания по-прежнему занимает второе место по количеству отгруженных смартфонов. ']]]</text>
	<tags verify="true" type="list" auto="true">
		<tag>Xiaomi</tag>
	</tags>
	<source verify="true" type="text" auto="true"/>
	<href verify="true" type="text" auto="true">https://the-geek.ru/news/xiaomi-vyshla-na-pervoe-mesto-na-rossijskom-rynke-smartfonov</href>
</doc>
