<?xml version="1.0" ?>
<doc>
	<title verify="true" type="text" auto="true">Xiaomi выпустит смартфон в линейке Mi MIX</title>
	<date verify="true" type="date" auto="true">2021-02-04</date>
	<author verify="true" type="text" auto="true">Михаил Дулуб</author>
	<text verify="true" type="cdata" auto="true">![CDATA[['Xiaomi продолжает выпускать новые смартфоны, однако пользователям хочется чего-то эдакого, необычного. Видимо, их желание скоро может осуществиться, ведь по заявлениям главы компании — Лей Цзюнь, это может произойти в этом году. По крайней мере, многие поняли о чем идет речь. Речь в данном случае может идти о новом смартфоне в забытой линейке Mi MIX. На ресурсе Weibo он задал вопрос: хотят ли пользователи классный, быстрый и дорогой смартфон. Все, естественно высказались «за». Однако стоит сказать, что вряд ли новый девайс в линейке Mi MIX будет концептуальным. Скорее всего, он будет поставлен на поток коммерческих продаж. О самом устройстве сейчас неизвестно практически ничего: ни внешнего вида, ни технических аспектов. Но есть вероятность, что аппарат получит складную конструкцию. То есть, владелец сможет открывать его и закрывать, как книжку. И несмотря на то, что данная модель будет поставлена на конвейер, все-таки перед нами экспериментальная линейка, а значит, такая конструкция вполне может быть.']]]</text>
	<tags verify="true" type="list" auto="true">
		<tag>Mi Mix</tag>
		<tag>Xiaomi</tag>
	</tags>
	<source verify="true" type="text" auto="true">Gizmochina</source>
	<href verify="true" type="text" auto="true">https://the-geek.ru/news/xiaomi-vypustit-smartfon-v-linejke-mi-mix</href>
</doc>
