<?xml version="1.0" ?>
<doc>
	<title verify="true" type="text" auto="true">Xiaomi готовит планшет топового уровня. Snapdragon 870 и до 16 ГБ ОЗУ</title>
	<date verify="true" type="date" auto="true">2021-02-26</date>
	<author verify="true" type="text" auto="true">Андрей Галадей</author>
	<text verify="true" type="cdata" auto="true">![CDATA[['По данным китайских источников, компания Xiaomi работает над преемником планшета Mi Pad 4, который вышел в 2018-м. И если та модель относилась к бюджетной категории, то новинка будет точно премиальной. Ей приписывают экран с разрешением 3200 × 1200 пикселей и частотой 120 Гц при частоте опроса сенсорного слоя в 480 Гц, процессор Snapdragon 870, а также внушительный объём памяти. Источник утверждает, что будут версии на 8/128 ГБ, 8/256ГБ, 12/512 ГБ и 16 ГБ/1 ТБ. Помимо этого, планшет получит батарею на 10 тысяч мАч и зарядкой на 50 Вт, основную камеру с модулями на 20 и 13 МП, модем 5G, адаптер Wi-Fi 6 и алюминиевый корпус. Цены на «монстра» внушают уважение. Базовая версия 8/128 ГБ предположительно будет стоить 620 долларов, 8/256 ГБ — 665 долларов, 12/512 ГБ — 775 долларов, а 16 ГБ/1 ТБ — 850 долларов. Дата выхода не сообщается.']]]</text>
	<tags verify="true" type="list" auto="true">
		<tag>Xiaomi</tag>
		<tag>Планшет</tag>
		<tag>Утечки</tag>
	</tags>
	<source verify="true" type="text" auto="true">Gizmochina</source>
	<href verify="true" type="text" auto="true">https://the-geek.ru/news/xiaomi-gotovit-planshet-topovogo-urovnya-snapdragon-870-i-do-16-gb-ozu</href>
</doc>
