<?xml version="1.0" ?>
<doc>
	<title verify="true" type="text" auto="true">Xiaomi объявила неделю распродаж в рамках «Черной пятницы»</title>
	<date verify="true" type="date" auto="true">2020-11-23</date>
	<author verify="true" type="text" auto="true">Вадим Майков</author>
	<text verify="true" type="cdata" auto="true">![CDATA[['Xiaomi в России, запускает ежегодную распродажу в рамках акции «Черная пятница». Скидки на популярные смартфоны и экосистемные устройства в официальном онлайн-магазине бренда будут действительны в течение недели, с 23 по 29 ноября. В ходе акции будут существенно снижены цены на следующие продукты: Кроме того, в связи с ажиотажным спросом на подогреваемую куртку NINETYGO Smart Heated Parka было принято решение повторить акцию, прошедшую в рамках распродажи 11.11. Воспользовавшись приложением AliExpress и специальными купонами, покупатели смогут приобрести товар по специальным ценам.']]]</text>
	<tags verify="true" type="list" auto="true">
		<tag>Xiaomi</tag>
	</tags>
	<source verify="true" type="text" auto="true"/>
	<href verify="true" type="text" auto="true">https://the-geek.ru/news/xiaomi-obyavila-nedelyu-rasprodazh-v-ramkah-chernoj-pyatniczy</href>
</doc>
