<?xml version="1.0" ?>
<doc>
	<title verify="true" type="text" auto="true">Xiaomi Mi 11 появился на живых фото</title>
	<date verify="true" type="date" auto="true">2020-12-23</date>
	<author verify="true" type="text" auto="true">Андрей Галадей</author>
	<text verify="true" type="cdata" auto="true">![CDATA[['Анонс флагманских смартфонов Xiaomi Mi 11 и Mi 11 Pro ожидается 28 декабря. Но уже сейчас появились живые фото младшей модели. Они подтверждают новый цвет и конфигурацию камеры. На снимках видно, что смартфон получил перламутровый белый корпус, а также камеру с двумя модулями, один из которых — 108 МП. Заявлен также 30-крастный оптический зум. Также на фото можно увидеть часть упаковки, но это что даёт. В коробке есть отдел для зарядного устройства, так что Mi 11 и Mi 11 Pro не последуют примеру iPhone 12 и Galaxy S21.']]]</text>
	<tags verify="true" type="list" auto="true">
		<tag>Xiaomi Mi 11</tag>
		<tag>Xiaomi Mi 11 Pro</tag>
		<tag>Смартфон</tag>
	</tags>
	<source verify="true" type="text" auto="true">Twitter</source>
	<href verify="true" type="text" auto="true">https://the-geek.ru/news/xiaomi-mi-11-poyavilsya-na-zhivyh-foto</href>
</doc>
