<?xml version="1.0" ?>
<doc>
	<title verify="true" type="text" auto="true">Xiaomi выпустит смартфон Redmi Note 8 версии 2021 года</title>
	<date verify="true" type="date" auto="true">2021-05-21</date>
	<author verify="true" type="text" auto="true">Михаил Дулуб</author>
	<text verify="true" type="cdata" auto="true">![CDATA[['Самой большой проблемой, с которой сталкиваются обладатели устройств от Xiaomi, и Redmi является система наименования продуктов. Но на что не пойдешь ради того, чтобы предоставить пользователям лучшее. Вот и на этот раз мы встречаем продукт из прошлого, который очень понравился всем. Речь идет о смартфоне Redmi Note 8, модели, которая в свое время была реализовано в 25 млн. экземпляров. Теперь наряду с названием, идентификатором модели, производитель вводит и год. Поэтому на рынке эта модель выйдет под названием: Redmi Note 8 2021. Кстати, в сети уже появились утечки. Так, говорится о наличии версии MIUI 12.5, аккумуляторе на 4 000 мАч, и чипсете Helio G85 от MediaTek. В качестве зарядке применяет блок, мощностью 22,5 Вт. На задней панели имеется основной блок камер с четырьмя модулями, основной из которых имеет разрешение 48 МП. Ожидается, что обновленная версия смартфоны выйдет на европейский рынок, в том числе и на рынок России.']]]</text>
	<tags verify="true" type="list" auto="true">
		<tag>Redmi Note 8</tag>
		<tag>Xiaomi</tag>
	</tags>
	<source verify="true" type="text" auto="true">Gsmarena</source>
	<href verify="true" type="text" auto="true">https://the-geek.ru/news/xiaomi-redmi-note-8-2021</href>
</doc>
