<?xml version="1.0" ?>
<doc>
	<title verify="true" type="text" auto="true">Xiaomi запустила онлайн-игру по сборке своего идеального смартфона</title>
	<date verify="true" type="date" auto="true">2020-11-18</date>
	<author verify="true" type="text" auto="true">Вадим Майков</author>
	<text verify="true" type="cdata" auto="true">![CDATA[['Xiaomi запустила онлайн-игру “Крутой. Быстрый. Твой. Собери смартфон своей мечты”, где пользователи могут сами создать свой идеальный смартфон, выбрав к нему несколько ключевых компонентов. Игра доступна по ссылке. Ответив на 8 вопросов, каждый из которых посвящен той или иной характеристике смартфона – от процессора и камеры до наличия модуля NFC и сканера отпечатка пальцев – пользователи смогут собрать свой собственный смартфон мечты, а также узнать его ориентировочную стоимость. Все пользователи, создавшие свой идеальный смартфон Xiaomi на промо-странице проекта, могут поделиться результатом в соцсетях. Среди участников, сделавших репост, будет случайным образом определен победитель, который получит новый флагманский смартфон Xiaomi. Итоги розыгрыша будут подведены 10 декабря в официальных сообществах Xiaomi в социальных сетях Facebook, Instagram и Вконтакте.']]]</text>
	<tags verify="true" type="list" auto="true">
		<tag>Xiaomi</tag>
	</tags>
	<source verify="true" type="text" auto="true">Xiaomi</source>
	<href verify="true" type="text" auto="true">https://the-geek.ru/news/xiaomi-zapustila-onlajn-igru-po-sborke-svoego-idealnogo-smartfona</href>
</doc>
