<?xml version="1.0" ?>
<doc>
	<title verify="true" type="text" auto="true">Xiaomi Mi Band 6 получит GPS и новый экран</title>
	<date verify="true" type="date" auto="true">2021-01-25</date>
	<author verify="true" type="text" auto="true">Андрей Галадей</author>
	<text verify="true" type="cdata" auto="true">![CDATA[['Новый фитнес-трекер Mi Band 6 пока не анонсирован, но первые упоминания о нём нашли в коде приложения Zepp от компании Huami. Именно она занимается производством таких браслетов. Там обнаружили новые циферблаты с более высоким разрешением, что указывает на рост пиксельной плотности экрана или на его размер. Также указывается, что Mi Band 6 появится в версиях NFC и без него. Будет ли глобальная версия иметь модуль бесконтактной оплаты — неясно. Также в коде нашли упоминание GPS и датчика для отслеживания уровня кислорода в крови. Последний есть также в пятой версии. При этом новая модель получит сразу 30 режимов тренировок — в прошлогоднем браслете их всего 11. К примеру, там будут танцы, бокс, баскетбол, кикбоксинг и так далее. Предполагается, что анонс состоится летом.']]]</text>
	<tags verify="true" type="list" auto="true">
		<tag>Mi Band 6</tag>
		<tag>Xiaomi</tag>
		<tag>Слухи</tag>
	</tags>
	<source verify="true" type="text" auto="true">GizmoChina</source>
	<href verify="true" type="text" auto="true">https://the-geek.ru/news/xiaomi-mi-band-6-poluchit-gps-i-bolee-krupnyj-ekran</href>
</doc>
