<?xml version="1.0" ?>
<doc>
	<title verify="true" type="text" auto="true">Xiaomi Mi 12 получит процессор Snapdragon 895. его будет выпускать Samsung</title>
	<date verify="true" type="date" auto="true">2021-02-25</date>
	<author verify="true" type="text" auto="true">Андрей Галадей</author>
	<text verify="true" type="cdata" auto="true">![CDATA[['Китайские источники сообщают, что компания Qualcomm разрабатывает новую флагманскую однокристальную систему Snapdragon. Она рассчитана на 4-нанометровое производство, и будет выпускаться TSMC. Однако ждать её ранее чем 2022 год не стоит. А в этом году ожидается выход Snapdragon 895. Это преемник Snapdragon 888, его будет производить Samsung по усовершенствованной технологии 5 нм. В новой версии ожидается улучшение производительности и энергоэффективности. Системе Snapdragon 895 приписывают модем Qualcomm X65 5G, который поддерживает скорость загрузки до 10 Гбит/сек. Он также получит технологию энергосбережения Qualcomm 5G PowerSave 2.0. Первым смартфоном на базе новой системы станет Xiaomi Mi 12, который представят в конце этого года.']]]</text>
	<tags verify="true" type="list" auto="true">
		<tag>Snapdragon 895</tag>
		<tag>Xiaomi Mi 12</tag>
		<tag>Смартфон</tag>
	</tags>
	<source verify="true" type="text" auto="true">Mydrivers</source>
	<href verify="true" type="text" auto="true">https://the-geek.ru/news/xiaomi-mi-12-poluchit-proczessor-snapdragon-895-ego-budet-vypuskat-samsung</href>
</doc>
