<?xml version="1.0" ?>
<doc>
	<title verify="true" type="text" auto="true">Xiaomi Mi Pad 5 получит топовый экран на 120 Гц</title>
	<date verify="true" type="date" auto="true">2021-05-28</date>
	<author verify="true" type="text" auto="true">Андрей Галадей</author>
	<text verify="true" type="cdata" auto="true">![CDATA[['Появились новые данные относительно планшета Xiaomi Mi Pad 5, который скоро должен выйти на рынок. Инсайдер под ником Digital Chat Station сообщил, что новинка получит ЖК-экран с частотой обновления 120 Гц и разрешением 2560 х 1600 пикселей, при этом в нём не будет вырезов под фронтальную камеру. Её разместят в рамке. Другие данные указывают, что новинка получит боковой сканер отпечатков пальцев, при этом будет тонкой и лёгкой. Как мы сообщали ранее, планшет будет представлен в трёх версиях с разными процессорами — Qualcomm Snapdragon 870, Snapdragon 860 и Snapdragon 7-й серии. Таким образом, вариант на основе Dimensity 1200 может и не быть или же она будет выпущена только на отдельных рынках. Также планшет будет оснащён двумя аккумуляторами с ёмкостью по 4260 мА•ч (суммарная ёмкость составит 8520 мА•ч). Как ожидается, новинка выйдет в июле по цене от 470 долларов.']]]</text>
	<tags verify="true" type="list" auto="true">
		<tag>Xiaomi Mi Pad 5</tag>
		<tag>Планшет</tag>
	</tags>
	<source verify="true" type="text" auto="true">Gizmochina</source>
	<href verify="true" type="text" auto="true">https://the-geek.ru/news/xiaomi-mi-pad-5-120-hrz</href>
</doc>
