<?xml version="1.0" ?>
<doc>
	<title verify="true" type="text" auto="true">Xiaomi будет выпускать электромобили под своим брендом силами Great Wall</title>
	<date verify="true" type="date" auto="true">2021-03-26</date>
	<author verify="true" type="text" auto="true">Андрей Галадей</author>
	<text verify="true" type="cdata" auto="true">![CDATA[['Компания Xiaomi будет выпускать электромобили под своим брендом. Сборка будет производиться на заводе китайского автопроизводителя Great Wall. По данным Reuters, этот электромобиль будет массовым, а первая модель появится в 2023 году. Также отмечается, что электромобили Xiaomi смогут подключаться к другим устройствам из экосистемы производителя. Со своей стороны, Great Wall проконсультирует Xiaomi, чтобы ускорить реализацию проекта. А официальное заявление о партнёрстве ожидается на будущей неделе. Подобные проекты есть, к слову, у Apple и Huawei, впрочем, китайцы опровергают эти данные. Так или иначе, но, похоже, на рынке электромобилей ожидается пополнение. Интересно, будет ли компания Xiaomi использовать тот же подход, что и со смартфонами? Речь идёт о минимальной наценке за счёт массового производства.']]]</text>
	<tags verify="true" type="list" auto="true">
		<tag>Xiaomi</tag>
		<tag>Электромобиль</tag>
	</tags>
	<source verify="true" type="text" auto="true">Reuters</source>
	<href verify="true" type="text" auto="true">https://the-geek.ru/news/xiaomi-budet-vypuskat-elektromobili-pod-svoim-brendom-silami-proizvoditelya-great-wall</href>
</doc>
