<?xml version="1.0" ?>
<doc>
	<title verify="true" type="text" auto="true">Xiaomi Mi Pad 5 может выйти в двух версиях</title>
	<date verify="true" type="date" auto="true">2021-03-15</date>
	<author verify="true" type="text" auto="true">Андрей Галадей</author>
	<text verify="true" type="cdata" auto="true">![CDATA[['Ресурс IThome со ссылкой на китайского инсайдера сообщает о новом планшете Xiaomi Mi Pad 5, который получит топовые характеристики. Ему приписывают процессор Qualcomm Snapdragon 870, дисплей с диагональю 10,95 дюйма, разрешением 2К и частотой обновления до 144Гц. Внутри обещано до 16 ГБ ОЗУ и до 1 ТБ постоянной памяти. Как отмечается, по данным источника, новинка может получить версию с MediaTek Dimensity 1200. Возможно, линейка будет разделена на Mi Pad 5 и Mi Pad 5 Pro.  Другие спецификации включают в себя одиночные основную и селфи-камеры 20 и 13 МП, модем 5G, адаптер Wi-Fi 6 и алюминиевый корпус. А ещё ожидается, что у планшета будет штатный стилус, как у решений Samsung.']]]</text>
	<tags verify="true" type="list" auto="true">
		<tag>Xiaomi Mi Pad 5</tag>
		<tag>Планшет</tag>
	</tags>
	<source verify="true" type="text" auto="true">IThome</source>
	<href verify="true" type="text" auto="true">https://the-geek.ru/news/xiaomi-mi-pad-5-mozhet-vyjti-v-dvuh-versiyah</href>
</doc>
