<?xml version="1.0" ?>
<doc>
	<title verify="true" type="text" auto="true">Xiaomi Mi 11 Ultra работает 55 часов при 10% заряда. Но лишь на вторичном экране</title>
	<date verify="true" type="date" auto="true">2021-03-30</date>
	<author verify="true" type="text" auto="true">Андрей Галадей</author>
	<text verify="true" type="cdata" auto="true">![CDATA[['Одной из главных «фишек» нового смартфона Xiaomi Mi 11 Ultra стал вторичный экран, который размещён рядом с камерами. Он может отображать время, погоду, системные и текстовые уведомления, логотипы и даже GIF-анимации. Однако у него есть ещё одно применение. Как оказалось, смартфон имеет так называемый «режим выживания в дикой природе». Это особо экономный режим, в котором основной экран отключается, а данные выводятся на вторичный. В этом случае 10% заряда батареи хватит на 55 часов работы. Понятно, что 6,81-дюймовый основной AMOLED-экран потребляет куда больше, чем небольшой дисплей. Так что это позволит «протянуть подольше». Новый смартфон оснащён однокристальной системой Qualcomm Snapdragon 888, аккумулятором на 5000 мА•ч с поддержкой 67-ваттной зарядки и 50-мегапиксельным сенсором Samsung GN2. В Китае базовая версия оценена в 915 долларов. В Европе новинка ожидаемо будет дороже.']]]</text>
	<tags verify="true" type="list" auto="true">
		<tag>Xiaomi Mi 11 Ultra</tag>
	</tags>
	<source verify="true" type="text" auto="true">Mydrivers</source>
	<href verify="true" type="text" auto="true">https://the-geek.ru/news/xiaomi-mi-11-ultra-rabotaet-55-chasov-pri-10-zaryada-no-lish-na-vtorichnom-ekrane</href>
</doc>
