<?xml version="1.0" ?>
<doc>
	<title verify="true" type="text" auto="true">Xiaomi Mi 11 Ultra получит водонепроницаемый корпус по стандарту IP68</title>
	<date verify="true" type="date" auto="true">2021-03-28</date>
	<author verify="true" type="text" auto="true">Валентин Снежин</author>
	<text verify="true" type="cdata" auto="true">![CDATA[['Уже завтра, 29 марта, Xiaomi проведёт большую презентацию своих продуктов. По словам самой компании, презентация станет самой крупнейшей за всю её историю, а для нас это значит, что новинок будет показано больше обычного. Уже известно, что на мероприятии будет продемонстрирован водонепроницаемый смартфон Xiaomi Mi 11 Ultra со степенью защиты IP68 и с максимально флагманскими характеристиками. На рекламном тизере указано, что смартфон выдержит погружение на глубину 1,5 метров в течение 30 минут. Кроме Xiaomi Mi 11 Ultra, может появиться облегченный ультратонкий смартфон Xiaomi 11 Youth Edition, раскладной Xiaomi Mi Mix с жидкостной линзой, долгожданный планшет Xiaomi Mi Pad 5, следующее поколение Xiaomi Mi Band 6 и топовый ноутбук Xiaomi Mi Notebook Pro.']]]</text>
	<tags verify="true" type="list" auto="true">
		<tag>Xiaomi</tag>
	</tags>
	<source verify="true" type="text" auto="true">Mydrivers</source>
	<href verify="true" type="text" auto="true">https://the-geek.ru/news/xiaomi-mi-11-ultra-poluchit-vodoneproniczaemyj-korpus-po-standartu-ip68</href>
</doc>
