<?xml version="1.0" ?>
<doc>
	<title verify="true" type="text" auto="true">Xiaomi готовит конкурента iPad Pro</title>
	<date verify="true" type="date" auto="true">2021-05-07</date>
	<author verify="true" type="text" auto="true">Михаил Дулуб</author>
	<text verify="true" type="cdata" auto="true">![CDATA[['С появлением так называемых “лопат”, то есть смартфонов, с большим дисплеем, планшеты стали чем-то обособленным. Многие просто о них забыли, но только не Xiaomi. Китайский производитель намерен в скором времени выпустить линейку Mi Pad 5. Предполагается, что они станут конкурентами для iPad Pro или устройствам линейки Galaxy Tab. Одно из устройств уже прошло сертификацию в агентстве 3C и в своем составе имеет два аккумулятора на 4 260 мАч. То есть общая емкость батареи составит 8 520 мАч. Если верить слухам, то на рынок выйдут два устройства: Mi Pad 5 и Mi Pad 5 Pro. Из особенностей данных аппаратов стоит выделить дисплей с частотой обновления картинки 120 Гц и поддержку технологии активного пера In-Cell. Что касается разрешения дисплей, то оно составит 2560×1600 точек. Если верить рендерам, то на задней панели можно видеть тройную основную камеру, схожую с той, что применяется на смартфоне Mi 11. Точного времени появления на рынке нет, как и данных о стоимости.']]]</text>
	<tags verify="true" type="list" auto="true">
		<tag>Mi Pad 5</tag>
		<tag>Xiaomi</tag>
		<tag>Xiaomi Mi Pad 5</tag>
	</tags>
	<source verify="true" type="text" auto="true">Gsmarena</source>
	<href verify="true" type="text" auto="true">https://the-geek.ru/news/xiaomi-gotovit-konkurenta-ipad-pro</href>
</doc>
